timestamp,zone,pm25,pm10,no2,co,o3,temperature,humidity,wind_speed,wind_direction,ground_truth_anomaly
2026-06-14 21:30:36,Jakarta Selatan,32,51,23,0.5,49,26.7,78.0,0.4,20,0
2026-06-14 21:00:36,Jakarta Barat,12,14,26,0.91,37,34.4,90.4,0.0,8,0
2026-06-14 20:30:36,Jakarta Selatan,27,43,15,0.41,42,28.4,76.0,2.3,61,0
2026-06-14 20:00:36,Jakarta Timur,82,107,28,0.98,46,29.3,78.9,2.7,112,0
2026-06-14 19:30:36,Jakarta Selatan,27,36,25,0.35,46,29.7,72.0,1.2,97,0
2026-06-14 19:00:36,Jakarta Pusat,48,75,22,0.76,52,29.9,72.2,1.3,105,0
2026-06-14 18:30:36,Jakarta Pusat,47,74,8,0.62,54,25.5,86.0,0.2,111,0
2026-06-14 18:00:36,Jakarta Timur,14,17,29,0.46,58,31.1,90.4,3.7,177,0
2026-06-14 17:30:36,Jakarta Barat,29,37,12,0.95,48,28.4,60.0,3.5,82,0
2026-06-14 17:00:36,Jakarta Selatan,51,69,16,0.35,34,32.9,72.9,1.0,43,0
2026-06-14 16:30:36,Jakarta Timur,20,30,16,0.3,59,25.8,71.0,0.3,121,0
2026-06-14 16:00:36,Jakarta Selatan,40,48,21,1.14,29,32.5,64.5,3.1,53,0
2026-06-14 15:30:36,Jakarta Barat,24,39,23,1.14,28,31.0,75.0,0.7,241,0
2026-06-14 15:00:36,Jakarta Timur,51,71,21,0.96,34,31.5,80.4,0.4,182,0
2026-06-14 14:30:36,Jakarta Selatan,25,43,15,0.62,50,26.8,80.0,2.9,139,0
2026-06-14 14:00:36,Jakarta Utara,37,63,21,0.54,34,30.0,78.8,0.8,358,0
2026-06-14 13:30:36,Jakarta Timur,65,92,36,0.58,31,29.1,86.0,5.5,306,0
2026-06-14 13:00:36,Jakarta Timur,55,87,11,0.86,54,26.4,81.6,3.1,85,0
2026-06-14 12:30:36,Jakarta Selatan,48,83,24,0.26,38,36.8,76.0,0.7,212,0
2026-06-14 12:00:36,Jakarta Pusat,18,31,20,0.66,54,31.9,66.4,0.8,8,0
2026-06-14 11:30:36,Jakarta Timur,6,10,2,0.8,30,27.2,69.0,0.8,174,0
2026-06-14 11:00:36,Jakarta Timur,41,56,31,0.23,37,26.9,63.2,4.7,49,0
2026-06-14 10:30:36,Jakarta Selatan,74,128,29,0.6,27,31.5,100.0,4.0,233,0
2026-06-14 10:00:36,Jakarta Timur,32,40,27,1.21,49,36.9,56.3,0.8,212,0
2026-06-14 09:30:36,Jakarta Barat,28,35,21,0.72,40,33.6,73.0,0.5,148,0
2026-06-14 09:00:36,Jakarta Utara,42,68,4,0.35,54,27.7,91.6,0.5,56,0
2026-06-14 08:30:36,Jakarta Barat,32,40,32,0.1,30,26.0,93.0,0.7,128,0
2026-06-14 08:00:36,Jakarta Barat,64,96,7,0.9,58,34.9,60.7,2.5,16,0
2026-06-14 07:30:36,Jakarta Utara,75,110,12,1.08,45,30.2,71.0,7.0,207,0
2026-06-14 07:00:36,Jakarta Pusat,24,37,14,1.03,27,26.6,80.9,0.8,77,0
2026-06-14 06:30:36,Jakarta Utara,41,68,21,0.46,37,28.1,71.0,3.0,226,0
2026-06-14 06:00:36,Jakarta Timur,44,75,15,1.18,39,29.9,76.2,1.2,279,0
2026-06-14 05:30:36,Jakarta Pusat,21,25,13,0.77,44,31.9,52.0,1.7,140,0
2026-06-14 05:00:36,Jakarta Selatan,71,117,13,1.07,55,35.7,85.7,1.5,105,0
2026-06-14 04:30:36,Jakarta Utara,72,122,28,0.63,43,35.4,79.0,8.7,247,0
2026-06-14 04:00:36,Jakarta Timur,9,15,4,0.47,60,28.6,77.3,0.2,355,0
2026-06-14 03:30:36,Jakarta Barat,15,21,14,1.22,52,34.4,66.0,0.7,118,0
2026-06-14 03:00:36,Jakarta Pusat,32,48,19,1.21,42,32.5,86.3,0.7,144,0
2026-06-14 02:30:36,Jakarta Barat,34,53,20,0.57,67,30.7,75.0,0.2,199,0
2026-06-14 02:00:36,Jakarta Timur,41,57,8,0.56,46,29.7,84.8,2.4,99,0
2026-06-14 01:30:36,Jakarta Timur,33,57,24,1.04,63,31.0,94.0,0.9,292,0
2026-06-14 01:00:36,Jakarta Utara,35,49,15,0.46,60,26.3,76.9,1.3,279,0
2026-06-14 00:30:36,Jakarta Pusat,41,68,19,0.67,25,29.7,87.0,1.3,98,0
2026-06-14 00:00:36,Jakarta Timur,39,57,15,0.59,54,27.4,68.3,5.3,272,0
2026-06-13 23:30:36,Jakarta Selatan,65,86,26,1.1,25,33.1,77.0,1.3,48,0
2026-06-13 23:00:36,Jakarta Timur,33,49,22,1.02,53,30.8,70.5,2.0,162,0
2026-06-13 22:30:36,Jakarta Pusat,5,10,13,0.58,41,24.9,74.0,1.5,352,0
2026-06-13 22:00:36,Jakarta Timur,150,198,23,4.03,39,31.1,65.6,0.5,124,1
2026-06-13 21:30:36,Jakarta Utara,125,160,12,4.6899999999999995,44,27.6,69.0,0.2,43,1
2026-06-13 21:00:36,Jakarta Pusat,47,84,13,1.03,46,30.4,94.7,0.4,135,0
2026-06-13 20:30:36,Jakarta Selatan,40,69,6,1.55,57,28.1,53.0,3.4,13,0
2026-06-13 20:00:36,Jakarta Utara,21,35,2,0.55,32,26.5,58.4,0.3,265,0
2026-06-13 19:30:36,Jakarta Barat,60,93,17,0.81,66,35.1,84.0,3.9,179,0
2026-06-13 19:00:36,Jakarta Pusat,10,17,18,0.71,18,32.1,72.1,2.3,87,0
2026-06-13 18:30:36,Jakarta Pusat,29,51,9,0.75,48,30.1,67.0,1.3,353,0
2026-06-13 18:00:36,Jakarta Timur,39,69,24,0.53,53,31.7,83.3,1.9,171,0
2026-06-13 17:30:36,Jakarta Selatan,31,47,6,0.63,40,30.8,66.0,0.9,209,0
2026-06-13 17:00:36,Jakarta Utara,30,43,38,0.94,41,28.2,82.6,2.9,273,0
2026-06-13 16:30:36,Jakarta Selatan,81,132,26,1.23,54,32.1,74.0,11.8,73,0
2026-06-13 16:00:36,Jakarta Timur,53,76,16,0.68,61,31.2,70.8,2.7,188,0
2026-06-13 15:30:36,Jakarta Timur,33,50,9,0.18,63,32.1,97.0,1.4,207,0
2026-06-13 15:00:36,Jakarta Timur,51,85,18,0.59,33,27.4,71.0,4.0,223,0
2026-06-13 14:30:36,Jakarta Pusat,56,70,14,1.15,39,30.2,70.0,3.6,315,0
2026-06-13 14:00:36,Jakarta Selatan,26,36,24,0.33,64,32.9,84.7,2.6,249,0
2026-06-13 13:30:36,Jakarta Timur,35,56,22,0.76,50,30.8,64.0,1.8,220,0
2026-06-13 13:00:36,Jakarta Selatan,23,29,11,0.76,39,28.1,73.2,0.2,37,0
2026-06-13 12:30:36,Jakarta Timur,14,21,2,0.58,49,24.9,90.0,0.1,120,0
2026-06-13 12:00:36,Jakarta Utara,44,57,5,0.51,56,30.5,82.8,0.1,328,0
2026-06-13 11:30:36,Jakarta Utara,41,73,21,1.65,44,26.9,80.0,8.1,53,0
2026-06-13 11:00:36,Jakarta Timur,34,52,12,1.11,13,30.6,73.6,0.6,68,0
2026-06-13 10:30:36,Jakarta Utara,44,59,17,0.8,58,34.8,75.0,0.3,120,0
2026-06-13 10:00:36,Jakarta Selatan,69,96,17,0.95,48,33.7,53.3,0.7,70,0
2026-06-13 09:30:36,Jakarta Utara,62,86,17,1.08,38,33.7,79.0,8.2,339,0
2026-06-13 09:00:36,Jakarta Barat,29,41,14,0.36,49,25.0,92.6,5.6,294,0
2026-06-13 08:30:36,Jakarta Pusat,56,94,18,0.66,41,24.7,70.0,7.4,274,0
2026-06-13 08:00:36,Jakarta Utara,29,37,18,0.16,49,26.0,82.4,0.4,300,0
2026-06-13 07:30:36,Jakarta Pusat,30,49,12,1.01,31,35.4,75.0,0.3,50,0
2026-06-13 07:00:36,Jakarta Utara,33,51,19,0.56,27,29.5,83.1,1.2,186,0
2026-06-13 06:30:36,Jakarta Selatan,45,73,19,0.92,25,27.1,86.0,2.1,171,0
2026-06-13 06:00:36,Jakarta Timur,41,61,15,0.55,64,24.9,84.9,3.7,38,0
2026-06-13 05:30:36,Jakarta Timur,49,74,26,0.95,59,29.1,68.0,4.1,346,0
2026-06-13 05:00:36,Jakarta Barat,168,212,20,4.51,47,32.5,79.6,0.7,176,1
2026-06-13 04:30:36,Jakarta Pusat,54,85,2,0.31,61,29.4,73.0,1.4,286,0
2026-06-13 04:00:36,Jakarta Barat,31,47,13,0.5,57,30.7,70.2,1.0,260,0
2026-06-13 03:30:36,Jakarta Barat,38,63,15,0.47,59,26.0,81.0,0.1,313,0
2026-06-13 03:00:36,Jakarta Pusat,33,54,2,0.64,40,25.2,80.7,1.3,33,0
2026-06-13 02:30:36,Jakarta Utara,22,31,15,0.26,51,27.0,67.0,0.1,6,0
2026-06-13 02:00:36,Jakarta Barat,71,127,25,0.91,46,31.7,59.7,10.1,318,0
2026-06-13 01:30:36,Jakarta Barat,45,59,17,0.69,61,33.5,91.0,1.8,83,0
2026-06-13 01:00:36,Jakarta Pusat,28,50,48,0.88,60,37.5,79.7,1.9,93,0
2026-06-13 00:30:36,Jakarta Barat,52,66,28,1.01,52,37.1,84.0,2.2,32,0
2026-06-13 00:00:36,Jakarta Barat,30,45,17,0.96,44,27.3,84.7,0.7,1,0
2026-06-12 23:30:36,Jakarta Utara,43,55,25,0.71,35,33.3,76.0,3.3,187,0
2026-06-12 23:00:36,Jakarta Barat,51,83,16,1.03,41,33.0,90.3,3.5,57,0
2026-06-12 22:30:36,Jakarta Barat,130,164,15,3.99,35,27.7,69.0,0.2,117,1
2026-06-12 22:00:36,Jakarta Utara,55,68,25,1.2,34,33.6,60.6,6.7,36,0
2026-06-12 21:30:36,Jakarta Utara,59,91,9,0.45,41,27.9,75.0,0.2,306,0
2026-06-12 21:00:36,Jakarta Timur,48,81,30,1.07,38,29.7,62.8,7.2,36,0
2026-06-12 20:30:36,Jakarta Selatan,61,88,21,0.5,63,26.2,84.0,7.5,54,0
2026-06-12 20:00:36,Jakarta Timur,34,55,13,0.3,74,26.7,63.3,3.2,268,0
2026-06-12 19:30:36,Jakarta Selatan,51,80,24,0.85,53,30.8,73.0,3.7,277,0
2026-06-12 19:00:36,Jakarta Pusat,39,54,8,0.24,66,25.7,81.1,2.0,81,0
2026-06-12 18:30:36,Jakarta Pusat,36,60,17,0.59,37,28.6,51.0,2.3,104,0
2026-06-12 18:00:36,Jakarta Pusat,19,31,6,0.95,46,30.5,65.9,0.0,173,0
2026-06-12 17:30:36,Jakarta Barat,0,0,0,0.0,0,29.5,68.0,0.4,204,1
2026-06-12 17:00:36,Jakarta Pusat,52,72,23,0.77,56,30.2,68.5,3.1,313,0
2026-06-12 16:30:36,Jakarta Utara,40,63,28,1.36,39,28.3,75.0,0.4,157,0
2026-06-12 16:00:36,Jakarta Selatan,22,33,28,0.52,45,31.7,78.8,1.4,15,0
2026-06-12 15:30:36,Jakarta Barat,30,42,30,0.26,68,29.2,58.0,5.1,261,0
2026-06-12 15:00:36,Jakarta Selatan,34,53,4,0.43,47,25.1,69.3,2.2,328,0
2026-06-12 14:30:36,Jakarta Utara,35,52,26,1.08,24,31.0,72.0,1.7,89,0
2026-06-12 14:00:36,Jakarta Timur,59,84,28,0.46,34,27.4,58.7,4.9,3,0
2026-06-12 13:30:36,Jakarta Utara,51,68,20,0.39,29,35.9,69.0,0.4,161,0
2026-06-12 13:00:36,Jakarta Barat,54,82,30,0.77,41,34.5,76.8,3.1,160,0
2026-06-12 12:30:36,Jakarta Pusat,38,48,20,1.1,48,29.6,65.0,6.8,113,0
2026-06-12 12:00:36,Jakarta Timur,62,81,11,0.89,40,36.3,73.6,0.4,10,0
2026-06-12 11:30:36,Jakarta Barat,39,49,20,0.88,46,29.7,75.0,0.7,299,0
2026-06-12 11:00:36,Jakarta Barat,39,70,11,0.52,44,24.4,84.4,0.4,217,0
2026-06-12 10:30:36,Jakarta Timur,48,80,23,1.13,41,29.3,85.0,1.0,240,0
2026-06-12 10:00:36,Jakarta Pusat,172,231,2,3.6,67,33.3,60.4,2.4,202,1
2026-06-12 09:30:36,Jakarta Timur,50,85,19,0.27,47,31.4,65.0,3.6,180,0
2026-06-12 09:00:36,Jakarta Timur,45,79,24,0.61,42,32.0,80.8,3.2,343,0
2026-06-12 08:30:36,Jakarta Barat,47,76,3,0.5,24,27.0,64.0,4.1,194,0
2026-06-12 08:00:36,Jakarta Timur,22,37,15,0.84,16,28.4,80.1,0.9,285,0
2026-06-12 07:30:36,Jakarta Barat,65,94,13,0.56,38,33.6,79.0,5.4,82,0
2026-06-12 07:00:36,Jakarta Utara,38,55,24,0.69,39,32.1,79.6,2.8,291,0
2026-06-12 06:30:36,Jakarta Pusat,45,60,33,1.1,24,29.4,74.0,0.1,231,0
2026-06-12 06:00:36,Jakarta Utara,62,74,14,1.03,39,32.0,59.5,2.8,159,0
2026-06-12 05:30:36,Jakarta Utara,12,17,30,1.07,26,30.5,78.0,0.8,232,0
2026-06-12 05:00:36,Jakarta Selatan,12,16,22,0.98,68,30.7,59.4,5.3,234,0
2026-06-12 04:30:36,Jakarta Selatan,38,57,27,0.85,34,30.3,68.0,7.9,63,0
2026-06-12 04:00:36,Jakarta Pusat,5,10,17,0.45,36,23.0,70.0,0.3,350,0
2026-06-12 03:30:36,Jakarta Pusat,42,59,17,0.36,30,30.5,100.0,0.4,22,0
2026-06-12 03:00:36,Jakarta Pusat,36,53,13,0.61,42,27.5,59.0,1.5,216,0
2026-06-12 02:30:36,Jakarta Utara,44,57,14,0.51,61,30.8,78.0,3.9,109,0
2026-06-12 02:00:36,Jakarta Utara,84,139,18,0.82,28,29.3,77.0,5.0,332,0
2026-06-12 01:30:36,Jakarta Pusat,32,53,16,0.77,32,27.6,79.0,1.6,182,0
2026-06-12 01:00:36,Jakarta Selatan,56,72,26,0.48,42,27.2,73.6,2.6,77,0
2026-06-12 00:30:36,Jakarta Barat,20,32,11,1.13,58,25.5,84.0,1.4,61,0
2026-06-12 00:00:36,Jakarta Barat,19,32,15,0.29,40,25.4,84.1,2.4,189,0
2026-06-11 23:30:36,Jakarta Selatan,19,27,11,0.74,59,26.0,74.0,1.2,346,0
2026-06-11 23:00:36,Jakarta Barat,14,19,15,0.62,64,27.0,74.7,2.0,163,0
2026-06-11 22:30:36,Jakarta Selatan,63,111,18,1.04,42,29.1,85.0,7.8,47,0
2026-06-11 22:00:36,Jakarta Barat,0,0,0,0.0,0,29.9,88.1,1.2,162,1
2026-06-11 21:30:36,Jakarta Pusat,55,78,18,0.98,45,32.4,87.0,4.1,37,0
2026-06-11 21:00:36,Jakarta Timur,48,65,21,0.84,59,26.9,80.4,0.5,35,0
2026-06-11 20:30:36,Jakarta Utara,50,63,28,0.59,43,29.4,74.0,8.0,172,0
2026-06-11 20:00:36,Jakarta Selatan,5,10,23,0.74,43,30.7,65.9,0.2,135,0
2026-06-11 19:30:36,Jakarta Timur,38,62,20,1.12,43,30.9,83.0,0.8,293,0
2026-06-11 19:00:36,Jakarta Selatan,66,83,21,0.57,48,29.6,71.4,3.5,96,0
2026-06-11 18:30:36,Jakarta Timur,39,49,26,0.94,46,28.7,66.0,1.3,272,0
2026-06-11 18:00:36,Jakarta Utara,39,67,17,0.48,59,34.0,77.5,3.4,317,0
2026-06-11 17:30:36,Jakarta Timur,13,16,8,0.92,39,28.5,64.0,3.8,199,0
2026-06-11 17:00:36,Jakarta Selatan,52,62,13,0.7,42,34.7,62.5,3.8,78,0
2026-06-11 16:30:36,Jakarta Pusat,72,110,37,1.33,55,28.3,100.0,2.6,23,0
2026-06-11 16:00:36,Jakarta Selatan,56,90,13,0.77,62,30.0,88.1,0.2,21,0
2026-06-11 15:30:36,Jakarta Selatan,45,62,23,0.82,32,31.1,69.0,0.7,133,0
2026-06-11 15:00:36,Jakarta Timur,69,89,26,1.21,66,32.6,83.8,7.5,73,0
2026-06-11 14:30:36,Jakarta Pusat,37,60,13,0.47,45,28.2,62.0,1.5,173,0
2026-06-11 14:00:36,Jakarta Timur,36,59,24,0.97,48,35.0,70.4,3.6,57,0
2026-06-11 13:30:36,Jakarta Selatan,17,29,2,0.47,37,27.1,65.0,3.9,350,0
2026-06-11 13:00:36,Jakarta Timur,35,53,16,0.19,38,30.3,63.7,1.3,125,0
2026-06-11 12:30:36,Jakarta Utara,24,30,29,0.83,66,27.5,81.0,1.0,111,0
2026-06-11 12:00:36,Jakarta Barat,26,38,18,0.36,44,31.3,81.9,0.2,254,0
2026-06-11 11:30:36,Jakarta Pusat,33,49,20,0.73,60,28.7,95.0,1.3,234,0
2026-06-11 11:00:36,Jakarta Pusat,27,35,27,0.5,50,28.1,67.0,0.4,118,0
2026-06-11 10:30:36,Jakarta Utara,29,41,13,0.68,60,31.1,91.0,2.0,33,0
2026-06-11 10:00:36,Jakarta Timur,34,56,26,1.54,59,33.9,69.3,8.3,73,0
2026-06-11 09:30:36,Jakarta Utara,38,49,16,0.87,54,31.5,67.0,3.9,114,0
2026-06-11 09:00:36,Jakarta Selatan,71,98,21,0.75,48,27.4,86.4,11.1,174,0
2026-06-11 08:30:36,Jakarta Timur,48,82,29,1.01,63,35.4,77.0,5.5,28,0
2026-06-11 08:00:36,Jakarta Selatan,33,44,24,0.49,62,26.0,85.8,0.7,294,0
2026-06-11 07:30:36,Jakarta Timur,63,93,17,0.85,49,34.8,72.0,2.6,223,0
2026-06-11 07:00:36,Jakarta Utara,28,47,21,0.96,30,33.6,63.8,0.2,62,0
2026-06-11 06:30:36,Jakarta Pusat,45,78,9,0.79,36,28.2,63.0,0.2,274,0
2026-06-11 06:00:36,Jakarta Utara,16,21,6,0.46,42,32.6,78.5,0.0,60,0
2026-06-11 05:30:36,Jakarta Timur,49,67,14,0.8,48,28.4,74.0,3.4,330,0
2026-06-11 05:00:36,Jakarta Selatan,72,105,22,0.63,41,30.1,76.5,2.0,226,0
2026-06-11 04:30:36,Jakarta Pusat,42,51,7,0.9,62,24.3,72.0,2.3,107,0
2026-06-11 04:00:36,Jakarta Barat,43,68,28,0.48,35,28.5,83.0,1.4,96,0
2026-06-11 03:30:36,Jakarta Barat,16,22,28,1.36,42,32.9,80.0,5.3,205,0
2026-06-11 03:00:36,Jakarta Utara,59,94,31,0.75,38,29.0,71.4,7.4,160,0
2026-06-11 02:30:36,Jakarta Timur,76,94,20,0.55,29,31.3,76.0,2.3,267,0
2026-06-11 02:00:36,Jakarta Utara,72,106,13,0.34,13,29.4,78.0,1.6,162,0
2026-06-11 01:30:36,Jakarta Barat,10,17,19,0.51,42,29.1,67.0,4.1,205,0
2026-06-11 01:00:36,Jakarta Barat,31,44,12,0.19,26,30.3,53.4,5.2,177,0
2026-06-11 00:30:36,Jakarta Barat,46,56,21,0.58,53,32.5,63.0,0.9,258,0
2026-06-11 00:00:36,Jakarta Pusat,14,17,12,0.67,39,23.5,67.8,0.3,150,0
2026-06-10 23:30:36,Jakarta Pusat,41,64,17,0.87,66,32.4,78.0,2.3,180,0
2026-06-10 23:00:36,Jakarta Utara,25,31,17,0.1,53,29.9,72.9,0.9,174,0
2026-06-10 22:30:36,Jakarta Pusat,44,75,12,0.36,50,29.5,69.0,4.8,145,0
2026-06-10 22:00:36,Jakarta Timur,48,77,20,0.27,37,24.5,68.1,2.2,133,0
2026-06-10 21:30:36,Jakarta Selatan,45,56,28,0.77,59,29.5,79.0,1.8,136,0
2026-06-10 21:00:36,Jakarta Selatan,12,15,16,0.11,26,27.2,76.4,0.5,349,0
2026-06-10 20:30:36,Jakarta Barat,35,60,19,1.07,46,24.6,71.0,5.8,41,0
2026-06-10 20:00:36,Jakarta Barat,67,87,2,0.83,37,26.8,78.3,0.1,349,0
2026-06-10 19:30:36,Jakarta Utara,5,10,19,0.55,30,27.6,69.0,0.1,123,0
2026-06-10 19:00:36,Jakarta Timur,58,85,14,0.57,51,31.9,68.5,3.3,108,0
2026-06-10 18:30:36,Jakarta Barat,53,91,35,0.93,38,25.4,77.0,8.3,327,0
2026-06-10 18:00:36,Jakarta Pusat,40,50,23,0.74,64,28.9,94.7,0.1,349,0
2026-06-10 17:30:36,Jakarta Selatan,5,10,41,1.05,39,27.3,68.0,3.6,139,0
2026-06-10 17:00:36,Jakarta Selatan,65,90,24,1.42,54,29.7,88.9,13.9,21,0
2026-06-10 16:30:36,Jakarta Timur,37,60,28,1.24,46,30.2,86.0,2.5,232,0
2026-06-10 16:00:36,Jakarta Utara,54,88,23,0.91,39,32.9,80.1,0.9,5,0
2026-06-10 15:30:36,Jakarta Pusat,32,46,19,0.6,44,31.8,79.0,2.4,31,0
2026-06-10 15:00:36,Jakarta Timur,46,78,26,0.88,27,33.3,93.8,3.0,2,0
2026-06-10 14:30:36,Jakarta Utara,33,45,11,0.1,41,25.2,67.0,0.7,101,0
2026-06-10 14:00:36,Jakarta Barat,38,64,27,1.37,57,34.4,70.2,0.5,259,0
2026-06-10 13:30:36,Jakarta Utara,35,58,22,0.87,25,32.5,81.0,4.1,198,0
2026-06-10 13:00:36,Jakarta Utara,52,80,26,0.83,56,31.7,83.1,0.8,144,0
2026-06-10 12:30:36,Jakarta Barat,135,176,9,4.0600000000000005,49,30.6,64.0,5.0,205,1
2026-06-10 12:00:36,Jakarta Pusat,22,28,9,0.79,45,27.5,79.1,0.7,315,0
2026-06-10 11:30:36,Jakarta Selatan,42,61,24,0.34,43,31.8,87.0,0.1,129,0
2026-06-10 11:00:36,Jakarta Selatan,45,73,13,1.01,52,30.7,61.7,1.3,259,0
2026-06-10 10:30:36,Jakarta Barat,50,71,5,0.42,51,27.8,71.0,2.6,265,0
2026-06-10 10:00:36,Jakarta Selatan,30,48,20,0.88,42,30.3,71.9,4.3,281,0
2026-06-10 09:30:36,Jakarta Pusat,67,80,22,0.82,44,29.3,65.0,1.7,145,0
2026-06-10 09:00:36,Jakarta Pusat,42,57,21,0.84,65,33.2,67.8,3.7,187,0
2026-06-10 08:30:36,Jakarta Selatan,50,83,22,0.15,34,30.5,76.0,4.7,8,0
2026-06-10 08:00:36,Jakarta Timur,44,68,15,1.41,50,30.9,76.5,2.3,170,0
2026-06-10 07:30:36,Jakarta Selatan,24,42,11,1.03,44,28.0,81.0,3.2,223,0
2026-06-10 07:00:36,Jakarta Timur,54,87,17,0.42,41,27.6,62.4,6.2,104,0
2026-06-10 06:30:36,Jakarta Timur,66,109,25,0.53,46,27.9,88.0,7.4,346,0
2026-06-10 06:00:36,Jakarta Timur,33,44,17,0.14,50,29.4,62.7,0.6,17,0
2026-06-10 05:30:36,Jakarta Timur,34,48,20,0.36,63,28.5,69.0,0.0,5,0
2026-06-10 05:00:36,Jakarta Utara,46,73,6,0.78,29,28.1,79.9,1.6,258,0
2026-06-10 04:30:36,Jakarta Selatan,26,44,8,0.58,49,31.9,73.0,0.6,228,0
2026-06-10 04:00:36,Jakarta Pusat,36,54,22,1.4,42,32.7,72.8,0.0,324,0
2026-06-10 03:30:36,Jakarta Timur,5,10,28,0.8,52,29.7,68.0,0.8,223,0
2026-06-10 03:00:36,Jakarta Pusat,12,18,32,1.19,46,30.6,73.1,0.8,342,0
2026-06-10 02:30:36,Jakarta Selatan,60,103,26,0.43,48,32.6,73.0,4.7,144,0
2026-06-10 02:00:36,Jakarta Timur,48,70,14,0.53,58,28.7,75.9,2.5,131,0
2026-06-10 01:30:36,Jakarta Utara,51,62,2,0.43,32,30.3,86.0,0.8,153,0
2026-06-10 01:00:36,Jakarta Timur,51,88,30,0.6,55,33.3,65.9,2.6,149,0
2026-06-10 00:30:36,Jakarta Pusat,39,60,32,0.65,48,32.4,72.0,4.1,354,0
2026-06-10 00:00:36,Jakarta Utara,37,58,14,0.7,29,24.8,76.3,2.5,173,0
2026-06-09 23:30:36,Jakarta Pusat,141,176,16,3.98,54,26.4,73.0,0.5,35,1
2026-06-09 23:00:36,Jakarta Barat,40,64,13,1.2,18,28.9,70.4,2.7,56,0
2026-06-09 22:30:36,Jakarta Utara,41,54,22,1.04,52,31.4,70.0,3.3,138,0
2026-06-09 22:00:36,Jakarta Pusat,34,57,12,0.95,59,23.0,88.5,0.9,173,0
2026-06-09 21:30:36,Jakarta Timur,10,12,21,0.29,38,27.7,75.0,0.9,336,0
2026-06-09 21:00:36,Jakarta Pusat,34,47,17,0.64,49,33.0,73.1,2.3,88,0
2026-06-09 20:30:36,Jakarta Selatan,48,83,17,0.76,40,28.3,78.0,3.8,282,0
2026-06-09 20:00:36,Jakarta Utara,30,40,7,0.8,29,34.5,68.9,3.0,152,0
2026-06-09 19:30:36,Jakarta Selatan,45,72,14,0.56,46,35.6,80.0,0.4,214,0
2026-06-09 19:00:36,Jakarta Barat,24,37,11,0.69,49,32.4,63.5,3.1,219,0
2026-06-09 18:30:36,Jakarta Utara,37,65,23,0.93,33,28.5,74.0,2.5,138,0
2026-06-09 18:00:36,Jakarta Pusat,49,73,22,0.89,29,35.1,74.9,1.0,320,0
2026-06-09 17:30:36,Jakarta Utara,21,28,10,1.19,40,28.5,78.0,0.6,315,0
2026-06-09 17:00:36,Jakarta Timur,29,39,2,0.52,58,24.8,87.7,1.0,318,0
2026-06-09 16:30:36,Jakarta Timur,47,63,34,0.91,40,27.7,75.0,1.2,331,0
2026-06-09 16:00:36,Jakarta Timur,19,30,3,0.62,58,36.4,67.5,0.7,253,0
2026-06-09 15:30:36,Jakarta Pusat,46,55,8,0.89,43,31.2,62.0,1.3,169,0
2026-06-09 15:00:36,Jakarta Barat,46,63,17,0.9,26,32.4,78.4,4.2,246,0
2026-06-09 14:30:36,Jakarta Barat,56,93,16,0.41,61,29.2,77.0,5.2,298,0
2026-06-09 14:00:36,Jakarta Pusat,40,67,2,0.61,55,31.9,72.1,0.2,298,0
2026-06-09 13:30:36,Jakarta Pusat,5,10,9,0.61,54,23.0,64.0,3.2,138,0
2026-06-09 13:00:36,Jakarta Pusat,32,49,7,0.55,39,27.0,57.2,3.3,317,0
2026-06-09 12:30:36,Jakarta Timur,64,110,15,0.52,67,33.6,67.0,2.1,355,0
2026-06-09 12:00:36,Jakarta Barat,16,25,16,0.57,31,22.1,75.0,5.1,227,0
2026-06-09 11:30:36,Jakarta Utara,45,77,28,0.45,63,26.9,75.0,3.6,244,0
2026-06-09 11:00:36,Jakarta Timur,48,81,16,0.64,58,26.7,83.4,0.0,260,0
2026-06-09 10:30:36,Jakarta Pusat,0,0,0,0.0,0,33.1,100.0,4.3,145,1
2026-06-09 10:00:36,Jakarta Selatan,45,67,23,0.59,44,31.7,67.5,4.7,196,0
2026-06-09 09:30:36,Jakarta Timur,46,65,16,0.83,47,27.3,90.0,1.2,16,0
2026-06-09 09:00:36,Jakarta Selatan,5,10,19,0.89,34,30.3,69.2,1.4,197,0
2026-06-09 08:30:36,Jakarta Selatan,51,81,31,0.84,56,30.5,74.0,3.5,326,0
2026-06-09 08:00:36,Jakarta Utara,10,15,17,0.92,54,27.8,58.0,3.1,139,0
2026-06-09 07:30:36,Jakarta Utara,37,59,27,0.85,43,27.3,90.0,4.3,237,0
2026-06-09 07:00:36,Jakarta Pusat,61,75,24,0.99,53,33.9,76.1,1.6,100,0
2026-06-09 06:30:36,Jakarta Selatan,16,23,17,1.07,50,32.2,83.0,0.4,78,0
2026-06-09 06:00:36,Jakarta Pusat,69,106,34,1.34,53,32.0,72.1,13.9,297,0
2026-06-09 05:30:36,Jakarta Barat,159,197,28,4.22,42,37.3,63.0,0.9,114,1
2026-06-09 05:00:36,Jakarta Utara,6,10,4,0.74,36,26.9,86.1,0.4,184,0
2026-06-09 04:30:36,Jakarta Utara,42,55,2,1.05,50,27.5,90.0,0.6,214,0
2026-06-09 04:00:36,Jakarta Pusat,53,65,26,0.9,46,32.0,75.1,4.5,130,0
2026-06-09 03:30:36,Jakarta Timur,45,66,15,0.74,30,32.3,81.0,1.3,73,0
2026-06-09 03:00:36,Jakarta Selatan,44,60,9,0.8,54,30.1,80.6,1.7,144,0
2026-06-09 02:30:36,Jakarta Timur,39,51,23,0.88,34,27.6,74.0,2.3,317,0
2026-06-09 02:00:36,Jakarta Pusat,57,101,24,1.11,49,30.8,83.2,9.1,167,0
2026-06-09 01:30:36,Jakarta Timur,36,63,20,0.78,37,34.3,78.0,1.3,60,0
2026-06-09 01:00:36,Jakarta Barat,16,20,10,0.44,26,24.9,70.4,4.0,117,0
2026-06-09 00:30:36,Jakarta Selatan,33,45,10,1.1,49,31.8,69.0,0.4,123,0
2026-06-09 00:00:36,Jakarta Utara,20,29,16,0.95,36,26.5,75.2,2.4,98,0
2026-06-08 23:30:36,Jakarta Utara,54,74,23,1.19,49,35.2,72.0,2.1,240,0
2026-06-08 23:00:36,Jakarta Pusat,51,64,27,0.61,44,22.4,94.9,2.7,201,0
2026-06-08 22:30:36,Jakarta Timur,36,55,6,1.34,42,28.5,78.0,0.5,342,0
2026-06-08 22:00:36,Jakarta Pusat,36,53,14,0.94,41,27.4,84.6,0.4,307,0
2026-06-08 21:30:36,Jakarta Pusat,71,109,15,1.63,71,27.9,83.0,7.0,321,0
2026-06-08 21:00:36,Jakarta Selatan,0,0,0,0.0,0,31.6,87.3,3.5,54,1
2026-06-08 20:30:36,Jakarta Timur,28,41,21,1.31,28,30.9,73.0,1.6,167,0
2026-06-08 20:00:36,Jakarta Utara,30,45,9,0.97,49,33.5,71.3,0.5,10,0
2026-06-08 19:30:36,Jakarta Barat,41,55,15,0.85,31,23.7,92.0,4.6,57,0
2026-06-08 19:00:36,Jakarta Selatan,45,60,15,0.97,69,33.7,70.1,1.2,270,0
2026-06-08 18:30:36,Jakarta Utara,150,191,5,3.88,34,33.4,67.0,1.4,31,1
2026-06-08 18:00:36,Jakarta Selatan,70,105,34,1.05,44,35.1,85.8,0.5,106,0
2026-06-08 17:30:36,Jakarta Barat,70,102,28,0.9,31,32.6,90.0,11.5,112,0
2026-06-08 17:00:36,Jakarta Selatan,27,48,22,0.81,8,28.6,63.5,6.6,22,0
2026-06-08 16:30:36,Jakarta Utara,30,52,15,0.69,63,30.8,82.0,0.8,63,0
2026-06-08 16:00:36,Jakarta Selatan,26,41,20,0.41,35,24.9,59.5,5.4,322,0
2026-06-08 15:30:36,Jakarta Utara,37,59,22,1.11,63,33.1,78.0,4.3,62,0
2026-06-08 15:00:36,Jakarta Utara,49,82,20,1.34,56,32.7,76.1,1.1,263,0
2026-06-08 14:30:36,Jakarta Utara,33,41,19,0.51,43,32.0,76.0,0.2,91,0
2026-06-08 14:00:36,Jakarta Barat,46,58,35,0.83,30,30.4,68.2,3.4,11,0
2026-06-08 13:30:36,Jakarta Barat,23,29,22,0.24,45,28.6,60.0,3.9,11,0
2026-06-08 13:00:36,Jakarta Pusat,29,40,26,1.01,39,31.5,59.5,1.1,296,0
2026-06-08 12:30:36,Jakarta Utara,16,20,19,1.16,50,30.8,72.0,1.1,328,0
2026-06-08 12:00:36,Jakarta Barat,32,43,20,1.05,62,28.4,77.3,1.4,216,0
2026-06-08 11:30:36,Jakarta Pusat,44,70,18,0.64,36,29.0,77.0,1.4,41,0
2026-06-08 11:00:36,Jakarta Utara,37,52,17,1.31,35,31.2,79.3,2.4,134,0
2026-06-08 10:30:36,Jakarta Selatan,49,79,8,0.74,36,28.6,76.0,5.9,56,0
2026-06-08 10:00:36,Jakarta Pusat,132,166,9,4.13,39,32.7,70.0,0.1,167,1
2026-06-08 09:30:36,Jakarta Barat,25,41,13,0.1,43,26.5,54.0,5.6,236,0
2026-06-08 09:00:36,Jakarta Utara,26,42,18,1.02,27,24.1,76.4,2.1,117,0
2026-06-08 08:30:36,Jakarta Pusat,41,65,15,0.54,51,34.0,70.0,0.8,356,0
2026-06-08 08:00:36,Jakarta Utara,12,15,13,1.1,37,26.1,80.7,0.9,196,0
2026-06-08 07:30:36,Jakarta Pusat,37,46,12,0.99,37,26.8,88.0,4.1,18,0
2026-06-08 07:00:36,Jakarta Pusat,24,29,33,0.83,46,31.5,71.4,6.5,151,0
2026-06-08 06:30:36,Jakarta Utara,71,96,15,0.85,51,24.8,90.0,9.1,195,0
2026-06-08 06:00:36,Jakarta Selatan,60,105,17,0.82,36,33.6,72.3,4.1,80,0
2026-06-08 05:30:36,Jakarta Selatan,29,47,18,1.18,41,27.0,65.0,1.0,238,0
2026-06-08 05:00:36,Jakarta Barat,45,63,16,1.39,36,34.0,78.1,3.6,55,0
2026-06-08 04:30:36,Jakarta Selatan,19,24,9,0.83,32,24.7,84.0,4.1,88,0
2026-06-08 04:00:36,Jakarta Pusat,35,43,31,0.62,39,30.4,63.7,0.3,16,0
2026-06-08 03:30:36,Jakarta Selatan,96,138,20,0.42,36,32.7,93.0,5.0,104,0
2026-06-08 03:00:36,Jakarta Barat,29,39,32,0.3,5,25.0,69.7,0.3,35,0
2026-06-08 02:30:36,Jakarta Selatan,0,0,0,0.0,0,32.0,81.0,2.3,184,1
2026-06-08 02:00:36,Jakarta Selatan,53,70,8,0.88,36,29.5,79.1,2.7,234,0
2026-06-08 01:30:36,Jakarta Utara,33,55,13,0.66,60,31.1,63.0,1.3,45,0
2026-06-08 01:00:36,Jakarta Timur,31,47,22,0.4,43,26.2,76.9,0.9,238,0
2026-06-08 00:30:36,Jakarta Utara,60,107,26,0.35,55,30.8,72.0,5.0,54,0
2026-06-08 00:00:36,Jakarta Selatan,42,66,7,0.61,45,29.7,77.5,0.0,97,0
2026-06-07 23:30:36,Jakarta Pusat,52,65,26,1.3,38,32.0,94.0,1.0,48,0
2026-06-07 23:00:36,Jakarta Timur,30,37,34,0.1,53,26.1,67.4,0.0,194,0
2026-06-07 22:30:36,Jakarta Selatan,26,32,17,0.1,39,28.4,62.0,1.6,49,0
2026-06-07 22:00:36,Jakarta Pusat,51,65,12,1.33,55,35.0,65.5,2.9,113,0
2026-06-07 21:30:36,Jakarta Pusat,86,142,38,1.09,21,29.0,88.0,13.1,33,0
2026-06-07 21:00:36,Jakarta Timur,92,140,17,0.95,33,29.1,72.6,8.3,38,0
2026-06-07 20:30:36,Jakarta Timur,25,34,25,1.02,49,33.3,80.0,0.1,179,0
2026-06-07 20:00:36,Jakarta Timur,60,107,24,0.75,54,27.9,86.6,7.1,190,0
2026-06-07 19:30:36,Jakarta Selatan,45,80,11,0.6,45,34.3,69.0,1.5,148,0
2026-06-07 19:00:36,Jakarta Selatan,25,44,23,0.38,70,27.1,75.0,0.3,338,0
2026-06-07 18:30:36,Jakarta Pusat,95,147,19,0.44,32,30.5,80.0,7.7,54,0
2026-06-07 18:00:36,Jakarta Barat,27,34,16,0.48,32,29.4,75.8,2.4,251,0
2026-06-07 17:30:36,Jakarta Timur,40,58,18,0.54,48,32.6,76.0,1.3,106,0
2026-06-07 17:00:36,Jakarta Utara,5,10,4,0.19,59,30.8,41.6,0.6,113,0
2026-06-07 16:30:36,Jakarta Utara,71,125,20,0.61,70,31.7,67.0,0.1,145,0
2026-06-07 16:00:36,Jakarta Timur,6,10,24,0.64,43,32.5,71.4,0.0,81,0
2026-06-07 15:30:36,Jakarta Barat,14,18,14,0.59,53,29.2,61.0,0.6,95,0
2026-06-07 15:00:36,Jakarta Barat,49,75,8,1.18,52,31.6,74.0,1.9,217,0
2026-06-07 14:30:36,Jakarta Utara,36,48,10,0.16,58,23.5,82.0,2.5,4,0
2026-06-07 14:00:36,Jakarta Barat,19,23,15,1.16,64,22.9,71.6,4.6,52,0
2026-06-07 13:30:36,Jakarta Selatan,6,10,31,0.47,71,28.5,72.0,6.2,280,0
2026-06-07 13:00:36,Jakarta Utara,21,37,5,0.77,46,29.7,74.2,0.3,186,0
2026-06-07 12:30:36,Jakarta Barat,34,56,14,1.25,32,29.2,70.0,2.8,61,0
2026-06-07 12:00:36,Jakarta Selatan,24,30,15,0.95,38,30.3,80.1,3.3,113,0
2026-06-07 11:30:36,Jakarta Barat,55,98,12,0.88,42,32.4,75.0,0.2,101,0
2026-06-07 11:00:36,Jakarta Selatan,46,75,29,1.02,20,36.9,73.2,3.4,220,0
2026-06-07 10:30:36,Jakarta Pusat,37,58,21,0.31,66,28.3,96.0,2.8,222,0
2026-06-07 10:00:36,Jakarta Pusat,5,10,7,0.31,47,28.3,63.3,2.8,174,0
2026-06-07 09:30:36,Jakarta Timur,53,81,12,0.97,29,25.8,78.0,3.4,9,0
2026-06-07 09:00:36,Jakarta Barat,0,0,0,0.0,0,32.1,89.7,1.7,47,1
2026-06-07 08:30:36,Jakarta Timur,20,31,16,0.1,60,33.0,66.0,0.1,210,0
2026-06-07 08:00:36,Jakarta Pusat,51,84,33,0.95,55,30.7,85.7,5.5,214,0
2026-06-07 07:30:36,Jakarta Utara,60,74,30,0.6,50,31.6,69.0,1.2,156,0
2026-06-07 07:00:36,Jakarta Utara,46,77,23,1.3,24,25.5,75.9,0.8,144,0
2026-06-07 06:30:36,Jakarta Utara,26,33,14,0.13,31,27.5,82.0,0.4,229,0
2026-06-07 06:00:36,Jakarta Pusat,37,65,18,1.02,35,27.7,85.8,1.3,75,0
2026-06-07 05:30:36,Jakarta Pusat,24,37,18,0.36,60,28.7,66.0,0.1,65,0
2026-06-07 05:00:36,Jakarta Timur,33,55,15,0.74,55,33.9,82.6,0.7,145,0
2026-06-07 04:30:36,Jakarta Timur,48,71,21,0.82,39,29.0,79.0,7.8,135,0
2026-06-07 04:00:36,Jakarta Selatan,54,94,33,0.88,47,38.8,65.9,6.5,313,0
2026-06-07 03:30:36,Jakarta Timur,27,43,17,0.86,50,26.9,75.0,0.9,288,0
2026-06-07 03:00:36,Jakarta Timur,15,25,25,0.88,55,27.7,76.8,2.6,224,0
2026-06-07 02:30:36,Jakarta Selatan,28,41,20,0.79,45,24.8,82.0,1.6,285,0
2026-06-07 02:00:36,Jakarta Selatan,50,68,28,1.0,35,28.3,78.3,1.3,319,0
2026-06-07 01:30:36,Jakarta Selatan,42,61,2,0.74,58,31.3,75.0,1.2,128,0
2026-06-07 01:00:36,Jakarta Timur,14,23,3,0.89,38,29.5,73.9,2.7,214,0
2026-06-07 00:30:36,Jakarta Pusat,164,211,20,3.9699999999999998,52,28.7,68.0,0.1,335,1
2026-06-07 00:00:36,Jakarta Pusat,65,88,46,1.07,52,27.6,100.0,5.0,37,0
2026-06-06 23:30:36,Jakarta Pusat,7,10,19,1.18,55,31.0,77.0,1.4,42,0
2026-06-06 23:00:36,Jakarta Selatan,34,55,10,0.99,52,32.3,66.9,0.8,224,0
2026-06-06 22:30:36,Jakarta Utara,0,0,0,0.0,0,29.4,90.0,11.2,173,1
2026-06-06 22:00:36,Jakarta Utara,25,31,11,0.79,30,32.0,69.5,1.0,297,0
2026-06-06 21:30:36,Jakarta Timur,49,83,33,1.19,31,27.3,55.0,9.5,290,0
2026-06-06 21:00:36,Jakarta Pusat,33,54,6,0.64,30,27.0,84.9,1.0,7,0
2026-06-06 20:30:36,Jakarta Utara,53,72,18,0.56,28,34.7,76.0,6.8,327,0
2026-06-06 20:00:36,Jakarta Timur,19,30,30,0.62,32,27.2,81.1,1.5,298,0
2026-06-06 19:30:36,Jakarta Barat,62,78,25,0.87,66,28.0,67.0,8.7,264,0
2026-06-06 19:00:36,Jakarta Barat,37,62,23,0.63,40,33.6,60.2,0.5,52,0
2026-06-06 18:30:36,Jakarta Utara,37,49,16,1.06,28,30.9,64.0,4.2,137,0
2026-06-06 18:00:36,Jakarta Pusat,19,27,3,0.1,53,34.8,76.6,3.1,69,0
2026-06-06 17:30:36,Jakarta Selatan,25,32,15,0.55,41,28.9,73.0,2.4,86,0
2026-06-06 17:00:36,Jakarta Utara,36,55,8,0.4,52,25.7,69.2,4.2,123,0
2026-06-06 16:30:36,Jakarta Barat,51,72,27,0.68,61,34.6,99.0,0.5,59,0
2026-06-06 16:00:36,Jakarta Selatan,28,48,21,0.86,37,35.0,92.6,0.1,113,0
2026-06-06 15:30:36,Jakarta Selatan,15,21,23,1.11,35,33.3,79.0,0.5,330,0
2026-06-06 15:00:36,Jakarta Utara,69,117,28,0.77,45,33.6,69.4,7.1,224,0
2026-06-06 14:30:36,Jakarta Utara,0,0,0,0.0,0,26.9,99.0,2.4,172,1
2026-06-06 14:00:36,Jakarta Timur,67,90,20,0.43,43,29.7,80.5,1.6,323,0
2026-06-06 13:30:36,Jakarta Selatan,31,54,16,1.14,42,25.9,63.0,1.2,49,0
2026-06-06 13:00:36,Jakarta Timur,28,47,10,0.19,64,33.7,61.7,0.2,323,0
2026-06-06 12:30:36,Jakarta Timur,31,45,20,0.87,36,32.6,71.0,0.2,279,0
2026-06-06 12:00:36,Jakarta Timur,43,68,15,0.79,43,28.3,68.9,0.1,115,0
2026-06-06 11:30:36,Jakarta Selatan,40,49,29,0.93,36,33.9,76.0,0.3,285,0
2026-06-06 11:00:36,Jakarta Pusat,56,87,30,1.7,31,30.2,76.2,2.2,69,0
2026-06-06 10:30:36,Jakarta Barat,44,75,2,1.0,53,32.5,81.0,0.7,278,0
2026-06-06 10:00:36,Jakarta Selatan,39,54,14,1.24,49,30.0,83.2,1.0,265,0
2026-06-06 09:30:36,Jakarta Utara,10,16,2,0.6,62,26.4,88.0,0.5,101,0
2026-06-06 09:00:36,Jakarta Utara,21,25,19,1.07,42,30.1,60.9,3.7,22,0
2026-06-06 08:30:36,Jakarta Pusat,30,47,31,0.76,52,34.8,61.0,4.9,124,0
2026-06-06 08:00:36,Jakarta Pusat,37,55,38,0.59,56,30.8,85.2,3.0,102,0
2026-06-06 07:30:36,Jakarta Utara,22,30,23,0.88,58,29.9,68.0,6.1,219,0
2026-06-06 07:00:36,Jakarta Selatan,57,80,16,0.63,50,30.7,79.0,1.9,309,0
2026-06-06 06:30:36,Jakarta Timur,50,69,27,0.91,36,30.8,83.0,0.4,111,0
2026-06-06 06:00:36,Jakarta Timur,69,117,16,1.22,50,30.9,76.4,13.5,162,0
2026-06-06 05:30:36,Jakarta Selatan,68,97,23,0.85,48,33.9,73.0,5.4,31,0
2026-06-06 05:00:36,Jakarta Barat,55,73,5,0.82,46,28.1,46.1,4.2,35,0
2026-06-06 04:30:36,Jakarta Timur,26,46,10,1.16,56,31.9,83.0,0.2,139,0
2026-06-06 04:00:36,Jakarta Selatan,42,66,31,0.92,27,32.0,61.8,2.6,306,0
2026-06-06 03:30:36,Jakarta Barat,28,44,7,0.84,56,27.6,65.0,6.5,82,0
2026-06-06 03:00:36,Jakarta Utara,173,213,2,4.6899999999999995,62,35.1,85.0,1.4,252,1
2026-06-06 02:30:36,Jakarta Timur,71,104,22,0.75,50,33.5,75.0,1.6,129,0
2026-06-06 02:00:36,Jakarta Timur,46,66,14,0.73,48,28.5,77.4,5.0,173,0
2026-06-06 01:30:36,Jakarta Barat,42,54,26,1.14,45,27.4,59.0,1.7,302,0
2026-06-06 01:00:36,Jakarta Selatan,9,15,14,1.19,39,28.2,70.1,1.0,338,0
2026-06-06 00:30:36,Jakarta Timur,49,60,22,1.06,41,26.8,76.0,8.1,228,0
2026-06-06 00:00:36,Jakarta Timur,5,10,14,0.66,54,31.2,77.6,1.4,192,0
2026-06-05 23:30:36,Jakarta Selatan,19,25,24,0.82,34,24.8,71.0,8.0,51,0
2026-06-05 23:00:36,Jakarta Timur,62,89,15,0.46,28,27.5,88.3,0.2,26,0
2026-06-05 22:30:36,Jakarta Barat,63,103,13,1.3,72,30.1,81.0,0.0,92,0
2026-06-05 22:00:36,Jakarta Barat,156,196,11,4.27,49,29.8,73.5,0.3,106,1
2026-06-05 21:30:36,Jakarta Selatan,21,34,21,0.53,40,30.5,54.0,4.0,121,0
2026-06-05 21:00:36,Jakarta Selatan,53,71,21,0.99,45,33.7,75.5,0.2,254,0
2026-06-05 20:30:36,Jakarta Selatan,42,74,13,0.1,37,29.7,66.0,1.3,312,0
2026-06-05 20:00:36,Jakarta Selatan,43,51,20,0.8,63,28.9,72.6,4.3,50,0
2026-06-05 19:30:36,Jakarta Selatan,44,68,23,0.62,54,33.5,85.0,2.3,31,0
2026-06-05 19:00:36,Jakarta Utara,16,21,17,0.44,53,24.8,67.5,6.9,243,0
2026-06-05 18:30:36,Jakarta Utara,29,42,24,1.0,33,30.0,73.0,0.4,311,0
2026-06-05 18:00:36,Jakarta Selatan,20,26,21,0.51,52,27.4,73.6,3.4,4,0
2026-06-05 17:30:36,Jakarta Timur,70,113,16,1.13,63,27.7,85.0,4.2,105,0
2026-06-05 17:00:36,Jakarta Pusat,23,37,2,0.62,27,26.1,55.4,2.1,0,0
2026-06-05 16:30:36,Jakarta Timur,5,10,6,0.69,50,24.1,74.0,0.5,181,0
2026-06-05 16:00:36,Jakarta Utara,66,89,19,0.59,54,30.8,83.0,1.4,13,0
2026-06-05 15:30:36,Jakarta Barat,36,55,17,1.68,27,30.0,86.0,0.9,95,0
2026-06-05 15:00:36,Jakarta Timur,16,25,26,0.63,27,29.6,83.5,0.3,267,0
2026-06-05 14:30:36,Jakarta Timur,33,54,21,1.03,29,31.7,74.0,2.4,300,0
2026-06-05 14:00:36,Jakarta Selatan,40,56,9,1.05,51,34.4,73.2,2.3,235,0
2026-06-05 13:30:36,Jakarta Timur,44,64,24,0.68,37,29.6,83.0,0.1,130,0
2026-06-05 13:00:36,Jakarta Barat,47,76,23,0.64,44,32.0,73.4,1.0,328,0
2026-06-05 12:30:36,Jakarta Timur,75,123,23,1.77,46,31.3,68.0,9.0,353,0
2026-06-05 12:00:36,Jakarta Pusat,47,57,23,0.68,58,29.0,80.0,2.0,69,0
2026-06-05 11:30:36,Jakarta Pusat,0,0,0,0.0,0,30.6,72.0,2.2,67,1
2026-06-05 11:00:36,Jakarta Barat,43,70,29,0.29,50,26.5,61.7,2.3,98,0
2026-06-05 10:30:36,Jakarta Timur,42,59,12,1.07,23,26.7,86.0,3.6,223,0
2026-06-05 10:00:36,Jakarta Barat,64,87,26,0.48,58,32.1,84.8,4.5,20,0
2026-06-05 09:30:36,Jakarta Selatan,41,49,13,0.57,38,32.0,82.0,0.6,223,0
2026-06-05 09:00:36,Jakarta Timur,23,33,25,0.77,43,28.2,70.4,2.9,213,0
2026-06-05 08:30:36,Jakarta Pusat,37,46,13,0.86,49,32.6,55.0,0.7,329,0
2026-06-05 08:00:36,Jakarta Selatan,36,60,20,1.08,25,35.7,79.7,0.5,187,0
2026-06-05 07:30:36,Jakarta Timur,24,38,24,1.26,49,28.7,78.0,0.3,231,0
2026-06-05 07:00:36,Jakarta Barat,53,85,13,0.48,54,29.8,69.5,5.5,205,0
2026-06-05 06:30:36,Jakarta Timur,23,28,19,0.55,47,31.5,71.0,4.2,161,0
2026-06-05 06:00:36,Jakarta Timur,40,69,17,1.19,55,30.4,73.9,3.3,91,0
2026-06-05 05:30:36,Jakarta Utara,30,47,23,1.22,25,29.8,72.0,2.5,52,0
2026-06-05 05:00:36,Jakarta Barat,65,87,11,0.78,44,32.5,76.6,0.5,2,0
2026-06-05 04:30:36,Jakarta Barat,19,23,23,0.26,66,28.5,67.0,0.3,97,0
2026-06-05 04:00:36,Jakarta Selatan,53,65,7,0.96,47,33.8,83.8,3.9,87,0
2026-06-05 03:30:36,Jakarta Utara,33,55,17,1.09,40,28.2,77.0,1.1,192,0
2026-06-05 03:00:36,Jakarta Utara,48,58,10,0.37,56,31.8,83.6,0.7,327,0
2026-06-05 02:30:36,Jakarta Timur,34,56,26,0.75,39,27.4,86.0,1.8,58,0
2026-06-05 02:00:36,Jakarta Utara,28,47,25,0.36,49,30.0,73.9,3.2,159,0
2026-06-05 01:30:36,Jakarta Selatan,37,45,13,0.63,46,30.4,68.0,2.3,266,0
2026-06-05 01:00:36,Jakarta Barat,64,99,14,0.32,44,30.0,76.8,1.7,203,0
2026-06-05 00:30:36,Jakarta Barat,41,71,22,0.39,44,32.1,70.0,1.6,175,0
2026-06-05 00:00:36,Jakarta Barat,52,84,17,0.93,15,34.4,72.2,0.6,59,0
2026-06-04 23:30:36,Jakarta Timur,17,27,23,0.92,56,26.3,85.0,2.2,39,0
2026-06-04 23:00:36,Jakarta Utara,30,53,2,0.77,49,30.1,65.5,0.1,146,0
2026-06-04 22:30:36,Jakarta Selatan,151,205,25,4.58,53,27.6,72.0,3.0,107,1
2026-06-04 22:00:36,Jakarta Timur,46,56,11,0.88,39,32.4,77.6,2.4,48,0
2026-06-04 21:30:36,Jakarta Utara,45,55,19,0.83,29,28.2,81.0,4.1,306,0
2026-06-04 21:00:36,Jakarta Barat,41,57,13,1.0,51,30.1,78.6,1.7,92,0
2026-06-04 20:30:36,Jakarta Pusat,31,53,24,0.5,51,34.8,75.0,1.7,53,0
2026-06-04 20:00:36,Jakarta Selatan,49,86,12,1.0,35,31.4,89.7,0.8,11,0
2026-06-04 19:30:36,Jakarta Utara,0,0,0,0.0,0,33.1,80.0,0.8,106,1
2026-06-04 19:00:36,Jakarta Barat,43,61,21,0.51,42,28.2,77.9,0.8,115,0
2026-06-04 18:30:36,Jakarta Timur,62,109,19,0.97,45,31.5,67.0,3.6,38,0
2026-06-04 18:00:36,Jakarta Selatan,38,58,18,1.01,48,34.0,78.8,1.0,289,0
2026-06-04 17:30:36,Jakarta Timur,34,60,14,0.47,39,32.2,68.0,1.7,120,0
2026-06-04 17:00:36,Jakarta Pusat,26,46,2,0.31,36,29.8,73.6,2.0,198,0
2026-06-04 16:30:36,Jakarta Timur,62,87,15,0.34,47,27.8,82.0,3.1,7,0
2026-06-04 16:00:36,Jakarta Barat,33,57,30,0.78,42,28.9,79.1,5.2,126,0
2026-06-04 15:30:36,Jakarta Utara,66,105,13,0.76,46,29.8,77.0,6.4,196,0
2026-06-04 15:00:36,Jakarta Timur,43,66,24,0.55,53,33.3,71.2,5.0,217,0
2026-06-04 14:30:36,Jakarta Timur,44,62,31,0.65,50,29.4,66.0,6.8,229,0
2026-06-04 14:00:36,Jakarta Utara,56,71,27,0.7,49,31.6,76.5,2.2,194,0
2026-06-04 13:30:36,Jakarta Utara,42,66,6,0.61,23,31.6,78.0,0.2,162,0
2026-06-04 13:00:36,Jakarta Pusat,37,51,15,0.39,50,30.1,87.6,1.9,202,0
2026-06-04 12:30:36,Jakarta Selatan,17,21,9,0.55,42,25.8,69.0,0.0,129,0
2026-06-04 12:00:36,Jakarta Timur,49,58,24,0.84,55,27.1,78.7,6.3,33,0
2026-06-04 11:30:36,Jakarta Selatan,14,19,4,0.73,50,27.0,58.0,0.1,178,0
2026-06-04 11:00:36,Jakarta Utara,29,45,16,0.61,61,31.1,70.6,3.1,68,0
2026-06-04 10:30:36,Jakarta Selatan,28,40,8,1.18,32,30.0,73.0,1.2,349,0
2026-06-04 10:00:36,Jakarta Utara,61,99,18,0.87,37,35.0,78.1,3.5,218,0
2026-06-04 09:30:36,Jakarta Timur,51,67,21,0.72,59,29.8,73.0,2.0,223,0
2026-06-04 09:00:36,Jakarta Timur,48,81,39,1.34,65,32.2,72.1,7.1,241,0
2026-06-04 08:30:36,Jakarta Barat,68,99,23,0.86,53,34.6,79.0,3.1,74,0
2026-06-04 08:00:36,Jakarta Timur,0,0,0,0.0,0,33.0,62.9,3.0,133,1
2026-06-04 07:30:36,Jakarta Selatan,49,68,9,0.88,40,35.3,74.0,1.0,123,0
2026-06-04 07:00:36,Jakarta Barat,22,32,18,0.68,63,23.7,81.8,0.2,69,0
2026-06-04 06:30:36,Jakarta Utara,60,94,17,1.06,52,34.4,70.0,5.8,239,0
2026-06-04 06:00:36,Jakarta Barat,35,53,19,0.15,69,30.2,77.8,3.1,2,0
2026-06-04 05:30:36,Jakarta Selatan,52,64,40,0.92,57,36.5,82.0,0.7,288,0
2026-06-04 05:00:36,Jakarta Timur,58,92,14,0.95,53,35.4,77.1,2.2,341,0
2026-06-04 04:30:36,Jakarta Barat,50,64,29,1.32,24,32.2,70.0,1.4,233,0
2026-06-04 04:00:36,Jakarta Selatan,0,0,0,0.0,0,31.3,83.3,5.4,73,1
2026-06-04 03:30:36,Jakarta Selatan,48,79,16,0.82,44,29.1,85.0,0.6,152,0
2026-06-04 03:00:36,Jakarta Timur,49,73,11,0.82,37,32.8,57.4,0.3,262,0
2026-06-04 02:30:36,Jakarta Pusat,22,26,22,1.12,75,34.6,76.0,2.1,198,0
2026-06-04 02:00:36,Jakarta Pusat,16,27,13,0.92,30,30.3,67.9,4.6,358,0
2026-06-04 01:30:36,Jakarta Selatan,41,50,10,0.42,43,26.2,67.0,2.9,341,0
2026-06-04 01:00:36,Jakarta Selatan,65,107,22,0.92,70,27.3,82.2,1.5,286,0
2026-06-04 00:30:36,Jakarta Timur,29,43,12,0.6,46,25.7,88.0,1.3,349,0
2026-06-04 00:00:36,Jakarta Barat,16,19,5,0.77,35,27.8,58.4,0.6,347,0
2026-06-03 23:30:36,Jakarta Pusat,140,185,6,4.3,41,30.3,72.0,0.8,201,1
2026-06-03 23:00:36,Jakarta Barat,36,47,15,0.61,52,31.7,70.5,3.2,353,0
2026-06-03 22:30:36,Jakarta Pusat,37,46,23,0.45,38,32.8,84.0,0.2,129,0
2026-06-03 22:00:36,Jakarta Timur,50,89,15,0.77,25,32.2,78.3,1.5,218,0
2026-06-03 21:30:36,Jakarta Pusat,68,81,20,0.89,54,26.5,75.0,1.5,120,0
2026-06-03 21:00:36,Jakarta Barat,66,86,11,0.74,46,31.9,71.4,2.3,218,0
2026-06-03 20:30:36,Jakarta Pusat,50,84,21,0.77,38,31.0,91.0,1.5,60,0
2026-06-03 20:00:36,Jakarta Timur,30,39,18,0.68,61,28.9,77.1,2.8,147,0
2026-06-03 19:30:36,Jakarta Timur,44,68,17,1.47,55,31.3,81.0,0.8,42,0
2026-06-03 19:00:36,Jakarta Timur,31,40,17,0.7,31,22.2,95.6,0.7,294,0
2026-06-03 18:30:36,Jakarta Pusat,60,76,16,0.56,14,30.9,70.0,0.6,133,0
2026-06-03 18:00:36,Jakarta Selatan,41,72,28,1.41,34,29.4,69.3,3.4,157,0
2026-06-03 17:30:36,Jakarta Utara,47,67,26,1.12,52,34.7,72.0,4.0,178,0
2026-06-03 17:00:36,Jakarta Utara,5,10,12,0.66,62,23.9,61.2,1.4,210,0
2026-06-03 16:30:36,Jakarta Timur,70,90,15,0.77,36,33.8,67.0,5.6,272,0
2026-06-03 16:00:36,Jakarta Barat,61,73,27,1.76,67,35.8,87.9,1.9,314,0
2026-06-03 15:30:36,Jakarta Utara,36,60,5,1.1,50,31.8,54.0,0.2,284,0
2026-06-03 15:00:36,Jakarta Barat,17,25,11,1.35,50,28.2,84.1,2.1,268,0
2026-06-03 14:30:36,Jakarta Selatan,5,10,17,0.79,43,21.3,74.0,0.6,46,0
2026-06-03 14:00:36,Jakarta Barat,59,87,20,0.43,41,30.2,70.2,3.9,6,0
2026-06-03 13:30:36,Jakarta Barat,37,66,21,0.32,38,33.3,77.0,1.6,358,0
2026-06-03 13:00:36,Jakarta Pusat,40,62,21,0.67,45,26.4,78.2,8.2,63,0
2026-06-03 12:30:36,Jakarta Barat,59,99,9,0.97,39,32.8,100.0,2.4,95,0
2026-06-03 12:00:36,Jakarta Utara,8,11,21,0.72,56,26.8,77.6,1.4,198,0
2026-06-03 11:30:36,Jakarta Utara,13,19,10,0.52,25,27.5,59.0,1.0,168,0
2026-06-03 11:00:36,Jakarta Pusat,24,32,18,0.71,66,28.5,90.9,1.0,113,0
2026-06-03 10:30:36,Jakarta Timur,27,47,19,1.01,40,32.3,83.0,0.7,21,0
2026-06-03 10:00:36,Jakarta Selatan,26,38,5,0.46,46,28.8,64.7,2.4,57,0
2026-06-03 09:30:36,Jakarta Pusat,25,33,31,0.88,49,32.6,91.0,0.3,182,0
2026-06-03 09:00:36,Jakarta Selatan,21,26,17,0.1,57,27.4,59.3,0.5,208,0
2026-06-03 08:30:36,Jakarta Pusat,30,51,8,1.28,40,26.0,74.0,1.7,253,0
2026-06-03 08:00:36,Jakarta Barat,28,37,4,0.35,54,29.5,81.6,1.7,322,0
2026-06-03 07:30:36,Jakarta Pusat,41,58,22,0.97,60,32.6,69.0,1.2,325,0
2026-06-03 07:00:36,Jakarta Selatan,77,110,25,1.11,33,29.5,77.0,4.8,316,0
2026-06-03 06:30:36,Jakarta Utara,5,10,12,0.1,44,29.5,66.0,0.3,341,0
2026-06-03 06:00:36,Jakarta Pusat,22,38,22,0.65,33,29.5,75.1,0.2,104,0
2026-06-03 05:30:36,Jakarta Timur,76,120,25,0.82,42,33.6,85.0,7.8,191,0
2026-06-03 05:00:36,Jakarta Pusat,65,111,25,0.47,38,29.2,86.1,0.3,27,0
2026-06-03 04:30:36,Jakarta Selatan,0,0,0,0.0,0,30.5,61.0,6.8,300,1
2026-06-03 04:00:36,Jakarta Barat,171,239,20,4.45,25,27.6,67.2,0.2,334,1
2026-06-03 03:30:36,Jakarta Timur,30,40,13,0.58,56,31.5,81.0,1.1,135,0
2026-06-03 03:00:36,Jakarta Timur,0,0,0,0.0,0,28.9,80.4,0.2,128,1
2026-06-03 02:30:36,Jakarta Selatan,57,83,29,0.52,52,26.8,71.0,2.7,102,0
2026-06-03 02:00:36,Jakarta Barat,43,71,14,0.63,48,28.8,81.4,2.2,182,0
2026-06-03 01:30:36,Jakarta Barat,45,60,17,0.78,54,32.3,75.0,1.7,176,0
2026-06-03 01:00:36,Jakarta Barat,24,34,12,1.24,32,30.8,65.0,0.1,179,0
2026-06-03 00:30:36,Jakarta Utara,5,10,13,0.89,74,29.5,75.0,0.7,146,0
2026-06-03 00:00:36,Jakarta Utara,174,216,20,4.35,42,30.7,80.0,0.3,128,1
2026-06-02 23:30:36,Jakarta Selatan,26,41,14,0.78,38,29.6,55.0,2.7,190,0
2026-06-02 23:00:36,Jakarta Pusat,25,41,18,0.71,36,30.8,71.2,1.7,282,0
2026-06-02 22:30:36,Jakarta Utara,55,94,14,1.1,57,29.0,57.0,2.8,58,0
2026-06-02 22:00:36,Jakarta Timur,68,117,32,0.58,44,28.9,96.1,2.1,16,0
2026-06-02 21:30:36,Jakarta Timur,16,24,17,0.63,63,29.0,80.0,4.3,186,0
2026-06-02 21:00:36,Jakarta Timur,33,49,14,0.73,55,29.5,75.8,4.9,164,0
2026-06-02 20:30:36,Jakarta Timur,40,59,3,0.39,42,28.2,96.0,1.3,116,0
2026-06-02 20:00:36,Jakarta Utara,40,59,16,1.16,35,32.4,83.0,4.1,319,0
2026-06-02 19:30:36,Jakarta Utara,36,62,13,0.73,50,29.7,56.0,1.4,273,0
2026-06-02 19:00:36,Jakarta Barat,165,212,19,4.35,52,30.9,76.4,6.1,340,1
2026-06-02 18:30:36,Jakarta Selatan,24,39,21,0.75,42,31.8,72.0,1.1,51,0
2026-06-02 18:00:36,Jakarta Barat,51,89,23,0.95,42,30.4,71.5,5.0,58,0
2026-06-02 17:30:36,Jakarta Pusat,33,49,8,0.34,31,28.7,92.0,0.7,68,0
2026-06-02 17:00:36,Jakarta Utara,36,61,25,0.72,52,30.6,69.4,1.4,274,0
2026-06-02 16:30:36,Jakarta Pusat,17,30,28,0.88,59,30.5,69.0,2.2,322,0
2026-06-02 16:00:36,Jakarta Barat,6,10,19,0.73,42,32.9,68.2,0.1,348,0
2026-06-02 15:30:36,Jakarta Pusat,40,52,8,0.23,49,30.6,59.0,1.6,253,0
2026-06-02 15:00:36,Jakarta Barat,0,0,0,0.0,0,33.9,75.4,1.1,152,1
2026-06-02 14:30:36,Jakarta Barat,68,110,23,1.56,19,31.5,69.0,10.5,340,0
2026-06-02 14:00:36,Jakarta Pusat,49,74,14,0.6,23,27.9,79.8,4.8,185,0
2026-06-02 13:30:36,Jakarta Pusat,30,39,9,0.69,48,30.2,67.0,1.3,211,0
2026-06-02 13:00:36,Jakarta Timur,28,36,18,1.11,70,31.7,71.9,0.1,125,0
2026-06-02 12:30:36,Jakarta Timur,45,69,2,0.38,86,26.6,86.0,2.5,54,0
2026-06-02 12:00:36,Jakarta Pusat,36,54,28,0.45,36,25.6,93.7,1.5,91,0
2026-06-02 11:30:36,Jakarta Utara,41,62,8,0.84,51,27.0,96.0,0.5,235,0
2026-06-02 11:00:36,Jakarta Barat,48,79,34,1.02,54,33.9,72.2,4.6,187,0
2026-06-02 10:30:36,Jakarta Barat,47,84,18,0.23,65,30.3,65.0,1.4,96,0
2026-06-02 10:00:36,Jakarta Timur,49,83,21,0.5,56,28.6,76.1,5.8,200,0
2026-06-02 09:30:36,Jakarta Pusat,57,71,24,0.96,46,35.1,82.0,4.8,50,0
2026-06-02 09:00:36,Jakarta Barat,61,77,22,0.28,35,35.0,66.0,1.4,346,0
2026-06-02 08:30:36,Jakarta Utara,32,48,21,0.5,53,31.4,62.0,1.8,312,0
2026-06-02 08:00:36,Jakarta Utara,5,10,13,0.87,51,26.1,77.6,0.6,177,0
2026-06-02 07:30:36,Jakarta Utara,81,123,39,0.57,58,38.7,78.0,3.3,127,0
2026-06-02 07:00:36,Jakarta Timur,42,57,20,0.82,50,29.3,77.3,1.5,177,0
2026-06-02 06:30:36,Jakarta Pusat,43,68,24,1.47,36,27.9,83.0,4.4,253,0
2026-06-02 06:00:36,Jakarta Pusat,32,45,13,0.42,24,25.4,77.5,2.1,295,0
2026-06-02 05:30:36,Jakarta Pusat,51,89,19,0.92,60,32.1,53.0,0.4,268,0
2026-06-02 05:00:36,Jakarta Pusat,0,0,0,0.0,0,33.6,85.2,1.7,137,1
2026-06-02 04:30:36,Jakarta Utara,24,40,13,0.9,41,28.6,87.0,0.7,264,0
2026-06-02 04:00:36,Jakarta Pusat,5,10,9,0.94,33,28.0,64.7,0.5,324,0
2026-06-02 03:30:36,Jakarta Pusat,51,72,7,0.58,32,31.7,65.0,0.2,262,0
2026-06-02 03:00:36,Jakarta Timur,164,211,22,4.18,50,37.5,72.2,1.0,354,1
2026-06-02 02:30:36,Jakarta Barat,23,30,28,0.82,23,27.9,56.0,0.8,59,0
2026-06-02 02:00:36,Jakarta Barat,49,80,21,0.92,42,30.5,84.5,4.2,290,0
2026-06-02 01:30:36,Jakarta Barat,39,56,19,0.44,49,26.8,63.0,2.8,11,0
2026-06-02 01:00:36,Jakarta Timur,39,68,15,0.98,30,30.0,78.3,6.8,188,0
2026-06-02 00:30:36,Jakarta Timur,55,68,15,0.67,51,30.5,72.0,3.4,112,0
2026-06-02 00:00:36,Jakarta Pusat,55,77,30,1.26,47,27.5,92.4,2.9,123,0
2026-06-01 23:30:36,Jakarta Pusat,36,55,15,0.79,47,29.7,72.0,0.7,161,0
2026-06-01 23:00:36,Jakarta Timur,50,70,25,0.92,56,29.0,93.3,4.1,64,0
2026-06-01 22:30:36,Jakarta Timur,23,33,26,0.37,48,28.2,77.0,2.3,59,0
2026-06-01 22:00:36,Jakarta Utara,0,0,0,0.0,0,34.0,72.7,5.5,186,1
2026-06-01 21:30:36,Jakarta Barat,33,41,8,0.82,69,34.6,67.0,2.7,224,0
2026-06-01 21:00:36,Jakarta Pusat,56,81,23,0.77,52,31.4,72.8,0.7,269,0
2026-06-01 20:30:36,Jakarta Selatan,58,77,35,1.3,31,23.6,74.0,6.4,8,0
2026-06-01 20:00:36,Jakarta Timur,61,84,11,0.68,23,27.0,80.7,0.8,288,0
2026-06-01 19:30:36,Jakarta Utara,31,43,22,0.25,23,29.5,66.0,0.7,185,0
2026-06-01 19:00:36,Jakarta Barat,30,36,13,1.25,48,29.2,62.0,1.2,145,0
2026-06-01 18:30:36,Jakarta Pusat,141,185,4,4.15,36,22.6,67.0,0.7,262,1
2026-06-01 18:00:36,Jakarta Selatan,15,23,16,1.19,33,31.0,66.6,0.7,301,0
2026-06-01 17:30:36,Jakarta Utara,36,49,15,1.08,48,24.4,89.0,1.2,65,0
2026-06-01 17:00:36,Jakarta Timur,31,44,7,0.63,49,32.9,77.9,0.0,156,0
2026-06-01 16:30:36,Jakarta Timur,26,43,4,0.47,9,28.6,62.0,1.0,144,0
2026-06-01 16:00:36,Jakarta Barat,53,87,12,0.54,44,29.9,77.3,1.3,146,0
2026-06-01 15:30:36,Jakarta Pusat,65,107,34,0.46,14,31.7,85.0,3.3,155,0
2026-06-01 15:00:36,Jakarta Pusat,50,63,5,0.47,48,31.3,74.4,0.1,113,0
2026-06-01 14:30:36,Jakarta Selatan,45,69,11,0.69,19,31.5,89.0,1.0,94,0
2026-06-01 14:00:36,Jakarta Utara,39,54,24,0.95,51,26.5,80.9,0.4,325,0
2026-06-01 13:30:36,Jakarta Utara,53,93,31,0.69,44,32.4,67.0,2.2,94,0
2026-06-01 13:00:36,Jakarta Timur,50,81,25,0.56,37,30.1,84.1,0.4,331,0
2026-06-01 12:30:36,Jakarta Selatan,19,30,19,0.74,51,23.9,73.0,4.6,107,0
2026-06-01 12:00:36,Jakarta Utara,33,53,10,0.1,55,27.4,68.2,1.5,327,0
2026-06-01 11:30:36,Jakarta Barat,26,39,24,0.18,35,30.8,69.0,0.1,242,0
2026-06-01 11:00:36,Jakarta Utara,15,24,34,0.86,50,27.4,81.7,0.7,121,0
2026-06-01 10:30:36,Jakarta Selatan,25,42,11,0.68,42,26.2,82.0,0.3,285,0
2026-06-01 10:00:36,Jakarta Utara,33,58,15,1.0,51,27.2,73.9,3.1,11,0
2026-06-01 09:30:36,Jakarta Selatan,14,24,9,1.0,36,25.9,86.0,4.9,44,0
2026-06-01 09:00:36,Jakarta Utara,38,62,2,0.9,46,31.2,68.2,0.2,119,0
2026-06-01 08:30:36,Jakarta Timur,34,55,16,0.59,57,28.9,70.0,0.3,245,0
2026-06-01 08:00:36,Jakarta Utara,69,116,6,0.36,51,32.7,75.7,0.2,68,0
2026-06-01 07:30:36,Jakarta Utara,46,64,17,0.56,60,34.4,85.0,0.3,283,0
2026-06-01 07:00:36,Jakarta Pusat,72,110,22,1.12,43,29.9,73.9,0.3,94,0
2026-06-01 06:30:36,Jakarta Timur,165,221,13,4.4,43,31.3,74.0,1.9,103,1
2026-06-01 06:00:36,Jakarta Timur,44,62,10,1.12,39,29.3,80.5,0.7,192,0
2026-06-01 05:30:36,Jakarta Utara,86,113,35,1.21,33,35.4,74.0,6.9,32,0
2026-06-01 05:00:36,Jakarta Pusat,21,28,12,0.69,55,32.4,66.0,0.1,34,0
2026-06-01 04:30:36,Jakarta Selatan,50,77,10,0.86,67,31.2,67.0,0.3,83,0
2026-06-01 04:00:36,Jakarta Timur,30,37,15,0.49,40,32.0,73.6,1.2,239,0
2026-06-01 03:30:36,Jakarta Barat,44,74,19,0.6,37,30.9,80.0,1.1,38,0
2026-06-01 03:00:36,Jakarta Utara,5,10,14,0.72,57,23.8,82.5,0.3,212,0
2026-06-01 02:30:36,Jakarta Barat,64,77,30,0.32,35,32.9,82.0,2.5,54,0
2026-06-01 02:00:36,Jakarta Barat,44,58,24,0.59,34,29.2,76.0,1.2,284,0
2026-06-01 01:30:36,Jakarta Timur,27,33,15,0.92,73,26.3,89.0,2.4,250,0
2026-06-01 01:00:36,Jakarta Timur,41,68,20,0.85,46,26.5,79.0,0.6,9,0
2026-06-01 00:30:36,Jakarta Selatan,37,58,24,0.47,54,28.7,77.0,0.5,277,0
2026-06-01 00:00:36,Jakarta Barat,5,10,13,0.17,63,28.5,64.8,1.4,183,0
2026-05-31 23:30:36,Jakarta Pusat,28,41,24,0.75,59,31.8,79.0,1.7,47,0
2026-05-31 23:00:36,Jakarta Barat,48,70,26,1.02,50,29.1,88.5,3.9,166,0
2026-05-31 22:30:36,Jakarta Timur,63,107,17,0.97,42,31.9,79.0,0.3,157,0
2026-05-31 22:00:36,Jakarta Timur,49,81,2,1.12,42,31.1,70.9,0.4,84,0
2026-05-31 21:30:36,Jakarta Timur,5,10,25,0.76,27,29.4,63.0,1.3,267,0
2026-05-31 21:00:36,Jakarta Utara,57,92,20,0.57,24,32.6,57.7,0.2,298,0
2026-05-31 20:30:36,Jakarta Barat,67,118,20,1.09,46,32.8,82.0,3.0,212,0
2026-05-31 20:00:36,Jakarta Utara,18,32,24,1.08,55,33.1,70.5,4.8,152,0
2026-05-31 19:30:36,Jakarta Selatan,68,118,13,1.12,38,27.2,70.0,3.4,136,0
2026-05-31 19:00:36,Jakarta Timur,31,37,4,0.38,66,29.2,71.6,2.2,23,0
2026-05-31 18:30:36,Jakarta Barat,15,20,9,0.75,54,30.2,68.0,0.8,211,0
2026-05-31 18:00:36,Jakarta Barat,68,122,18,0.79,24,26.2,90.4,7.9,118,0
2026-05-31 17:30:36,Jakarta Timur,135,173,15,4.1899999999999995,45,28.7,58.0,0.5,314,1
2026-05-31 17:00:36,Jakarta Selatan,32,53,14,0.75,33,32.8,82.8,0.2,184,0
2026-05-31 16:30:36,Jakarta Timur,56,98,22,0.97,56,27.1,63.0,1.4,50,0
2026-05-31 16:00:36,Jakarta Pusat,60,96,26,0.42,36,32.3,76.8,0.8,66,0
2026-05-31 15:30:36,Jakarta Utara,31,39,22,1.15,42,27.6,62.0,0.4,176,0
2026-05-31 15:00:36,Jakarta Barat,85,129,27,0.74,41,33.2,89.3,6.0,6,0
2026-05-31 14:30:36,Jakarta Selatan,60,84,31,1.06,52,32.6,87.0,4.2,45,0
2026-05-31 14:00:36,Jakarta Barat,27,42,18,0.88,51,30.8,68.0,1.3,146,0
2026-05-31 13:30:36,Jakarta Pusat,18,25,16,0.34,36,32.4,78.0,1.7,195,0
2026-05-31 13:00:36,Jakarta Timur,28,35,10,0.82,40,33.6,62.2,0.9,77,0
2026-05-31 12:30:36,Jakarta Timur,14,21,23,0.53,67,32.5,73.0,3.4,195,0
2026-05-31 12:00:36,Jakarta Utara,26,36,19,0.56,23,29.9,85.5,2.5,28,0
2026-05-31 11:30:36,Jakarta Timur,50,68,15,1.09,61,33.6,75.0,0.1,217,0
2026-05-31 11:00:36,Jakarta Pusat,47,81,26,0.44,27,31.2,75.4,4.2,200,0
2026-05-31 10:30:36,Jakarta Selatan,33,43,11,0.54,29,30.8,58.0,1.5,158,0
2026-05-31 10:00:36,Jakarta Utara,5,10,2,1.47,42,27.5,53.9,1.9,73,0
2026-05-31 09:30:36,Jakarta Barat,38,50,8,0.68,38,28.3,68.0,4.2,340,0
2026-05-31 09:00:36,Jakarta Selatan,67,97,12,0.38,57,29.1,64.3,5.9,359,0
2026-05-31 08:30:36,Jakarta Pusat,78,138,22,0.53,77,35.6,66.0,0.8,4,0
2026-05-31 08:00:36,Jakarta Selatan,49,84,21,0.46,54,33.7,60.3,3.8,233,0
2026-05-31 07:30:36,Jakarta Selatan,37,59,27,0.71,58,32.9,63.0,1.4,320,0
2026-05-31 07:00:36,Jakarta Barat,87,115,34,0.73,68,33.2,84.4,7.1,299,0
2026-05-31 06:30:36,Jakarta Utara,15,18,12,1.12,63,29.1,59.0,1.2,353,0
2026-05-31 06:00:36,Jakarta Utara,63,83,27,1.01,52,34.1,81.1,1.6,335,0
2026-05-31 05:30:36,Jakarta Timur,38,49,14,0.77,51,27.8,64.0,0.6,177,0
2026-05-31 05:00:36,Jakarta Pusat,37,47,14,0.43,58,28.4,67.9,0.8,200,0
2026-05-31 04:30:36,Jakarta Selatan,27,37,14,0.64,50,27.3,70.0,1.4,162,0
2026-05-31 04:00:36,Jakarta Selatan,5,10,9,0.95,43,18.9,75.8,0.4,275,0
2026-05-31 03:30:36,Jakarta Barat,11,13,23,0.45,56,26.4,76.0,2.7,217,0
2026-05-31 03:00:36,Jakarta Barat,50,71,14,1.26,44,25.6,84.4,8.6,253,0
2026-05-31 02:30:36,Jakarta Timur,44,68,15,1.13,50,34.8,69.0,1.8,339,0
2026-05-31 02:00:36,Jakarta Pusat,63,94,19,1.01,44,30.2,61.4,12.1,234,0
2026-05-31 01:30:36,Jakarta Selatan,38,62,19,0.51,50,29.7,66.0,0.7,300,0
2026-05-31 01:00:36,Jakarta Barat,0,0,0,0.0,0,32.0,72.7,0.4,241,1
2026-05-31 00:30:36,Jakarta Selatan,168,231,18,4.37,51,33.3,84.0,3.0,111,1
2026-05-31 00:00:36,Jakarta Pusat,22,33,12,0.7,51,24.0,78.1,0.4,121,0
2026-05-30 23:30:36,Jakarta Utara,45,56,18,0.62,44,26.0,72.0,0.1,289,0
2026-05-30 23:00:36,Jakarta Pusat,15,19,12,1.02,64,30.9,63.7,2.3,59,0
2026-05-30 22:30:36,Jakarta Barat,38,64,13,0.53,35,26.9,89.0,3.5,347,0
2026-05-30 22:00:36,Jakarta Barat,30,42,14,0.99,29,31.4,59.8,0.8,296,0
2026-05-30 21:30:36,Jakarta Utara,43,71,18,0.77,63,33.4,69.0,0.5,229,0
2026-05-30 21:00:36,Jakarta Timur,42,67,18,1.3,60,35.8,80.3,2.3,141,0
2026-05-30 20:30:36,Jakarta Barat,59,99,20,0.41,52,32.2,88.0,2.5,199,0
2026-05-30 20:00:36,Jakarta Barat,42,64,31,1.11,35,36.2,84.7,0.3,342,0
2026-05-30 19:30:36,Jakarta Pusat,53,92,9,0.63,38,22.8,83.0,0.4,42,0
2026-05-30 19:00:36,Jakarta Timur,47,67,4,0.5,45,26.2,83.8,5.1,174,0
2026-05-30 18:30:36,Jakarta Barat,47,76,2,0.56,32,31.1,59.0,0.1,187,0
2026-05-30 18:00:36,Jakarta Selatan,37,63,18,0.98,42,29.6,96.1,1.8,155,0
2026-05-30 17:30:36,Jakarta Timur,42,51,5,0.63,62,28.4,89.0,1.8,167,0
2026-05-30 17:00:36,Jakarta Utara,44,61,4,0.62,59,32.1,82.4,3.2,73,0
2026-05-30 16:30:36,Jakarta Barat,51,64,19,0.98,44,31.0,79.0,0.1,136,0
2026-05-30 16:00:36,Jakarta Selatan,34,59,10,0.68,61,30.4,90.5,0.4,44,0
2026-05-30 15:30:36,Jakarta Selatan,37,57,2,1.4,39,30.1,82.0,1.9,165,0
2026-05-30 15:00:36,Jakarta Pusat,72,115,22,0.95,27,30.9,80.7,2.2,248,0
2026-05-30 14:30:36,Jakarta Utara,49,63,24,0.58,66,28.3,87.0,7.0,192,0
2026-05-30 14:00:36,Jakarta Barat,33,42,7,1.18,59,33.3,52.3,2.0,178,0
2026-05-30 13:30:36,Jakarta Pusat,0,0,0,0.0,0,26.6,68.0,1.7,99,1
2026-05-30 13:00:36,Jakarta Timur,49,78,19,0.97,46,34.1,91.5,2.0,212,0
2026-05-30 12:30:36,Jakarta Pusat,59,103,46,1.03,36,32.2,93.0,7.3,159,0
2026-05-30 12:00:36,Jakarta Timur,5,10,21,0.85,34,26.0,68.5,2.0,286,0
2026-05-30 11:30:36,Jakarta Utara,49,84,27,1.3,37,32.6,99.0,0.8,323,0
2026-05-30 11:00:36,Jakarta Timur,0,0,0,0.0,0,27.7,82.2,0.1,287,1
2026-05-30 10:30:36,Jakarta Timur,18,27,8,0.53,57,26.6,75.0,0.7,161,0
2026-05-30 10:00:36,Jakarta Selatan,56,81,13,0.49,39,31.9,69.3,3.5,128,0
2026-05-30 09:30:36,Jakarta Timur,25,39,2,1.01,33,26.8,65.0,0.4,104,0
2026-05-30 09:00:36,Jakarta Selatan,91,153,28,1.43,62,26.0,83.7,14.3,321,0
2026-05-30 08:30:36,Jakarta Selatan,45,68,20,0.61,58,37.4,64.0,1.5,240,0
2026-05-30 08:00:36,Jakarta Barat,14,19,12,0.86,66,31.6,68.4,1.7,317,0
2026-05-30 07:30:36,Jakarta Barat,73,109,14,0.98,50,34.5,75.0,7.4,128,0
2026-05-30 07:00:36,Jakarta Timur,30,48,29,0.32,37,28.1,63.9,4.1,250,0
2026-05-30 06:30:36,Jakarta Barat,48,68,29,1.03,30,35.0,83.0,1.1,249,0
2026-05-30 06:00:36,Jakarta Pusat,37,46,21,0.92,51,32.8,79.0,0.3,125,0
2026-05-30 05:30:36,Jakarta Utara,47,70,16,1.34,47,30.6,95.0,4.4,150,0
2026-05-30 05:00:36,Jakarta Selatan,30,48,14,0.96,41,28.1,80.7,0.1,314,0
2026-05-30 04:30:36,Jakarta Pusat,53,74,28,0.84,37,32.4,90.0,0.1,316,0
2026-05-30 04:00:36,Jakarta Pusat,21,25,2,0.36,56,27.7,89.3,0.0,3,0
2026-05-30 03:30:36,Jakarta Pusat,31,38,10,0.58,40,29.1,69.0,0.1,214,0
2026-05-30 03:00:36,Jakarta Barat,33,51,22,0.84,41,25.5,81.3,1.9,186,0
2026-05-30 02:30:36,Jakarta Timur,46,73,26,1.36,54,32.9,96.0,0.2,98,0
2026-05-30 02:00:36,Jakarta Utara,77,98,40,1.05,38,28.9,76.8,9.0,5,0
2026-05-30 01:30:36,Jakarta Timur,39,57,12,0.19,17,28.2,73.0,2.8,297,0
2026-05-30 01:00:36,Jakarta Timur,35,45,22,1.06,23,27.1,84.8,4.5,114,0
2026-05-30 00:30:36,Jakarta Timur,30,37,19,1.4,45,29.4,68.0,2.9,241,0
2026-05-30 00:00:36,Jakarta Barat,73,91,12,0.93,46,31.1,71.4,2.1,210,0
2026-05-29 23:30:36,Jakarta Utara,24,40,9,0.45,35,30.3,70.0,0.2,345,0
2026-05-29 23:00:36,Jakarta Utara,27,33,17,0.89,40,22.9,81.7,1.0,219,0
2026-05-29 22:30:36,Jakarta Barat,50,60,19,1.45,58,34.0,67.0,8.3,56,0
2026-05-29 22:00:36,Jakarta Timur,14,20,2,0.41,61,32.8,68.1,0.4,15,0
2026-05-29 21:30:36,Jakarta Utara,37,63,18,0.22,52,32.2,62.0,0.8,182,0
2026-05-29 21:00:36,Jakarta Timur,42,52,30,0.37,33,33.5,59.7,5.5,178,0
2026-05-29 20:30:36,Jakarta Pusat,44,54,12,0.1,52,28.0,70.0,7.6,145,0
2026-05-29 20:00:36,Jakarta Barat,25,37,6,0.35,34,26.7,75.3,3.4,142,0
2026-05-29 19:30:36,Jakarta Pusat,59,71,15,0.6,41,34.4,76.0,0.6,176,0
2026-05-29 19:00:36,Jakarta Barat,40,70,23,0.44,52,31.1,72.7,0.3,353,0
2026-05-29 18:30:36,Jakarta Timur,56,68,20,0.44,42,34.3,68.0,1.2,118,0
2026-05-29 18:00:36,Jakarta Utara,31,37,13,0.74,5,26.3,84.6,0.6,337,0
2026-05-29 17:30:36,Jakarta Selatan,45,79,39,1.21,40,26.2,75.0,1.3,299,0
2026-05-29 17:00:36,Jakarta Utara,54,68,4,0.68,37,29.6,77.7,1.3,313,0
2026-05-29 16:30:36,Jakarta Barat,30,38,9,1.7,50,31.6,100.0,2.9,233,0
2026-05-29 16:00:36,Jakarta Barat,31,52,7,0.78,51,30.7,88.0,1.5,102,0
2026-05-29 15:30:36,Jakarta Utara,45,59,13,0.85,26,27.9,81.0,5.8,188,0
2026-05-29 15:00:36,Jakarta Timur,35,45,2,0.46,50,26.9,70.2,0.0,162,0
2026-05-29 14:30:36,Jakarta Barat,58,74,22,1.21,45,28.9,75.0,3.3,26,0
2026-05-29 14:00:36,Jakarta Barat,24,40,27,0.81,61,28.3,69.7,0.3,49,0
2026-05-29 13:30:36,Jakarta Barat,60,101,2,0.41,58,25.8,91.0,3.7,153,0
2026-05-29 13:00:36,Jakarta Barat,50,60,20,1.04,58,26.0,87.5,3.8,207,0
2026-05-29 12:30:36,Jakarta Timur,48,67,13,0.67,31,31.7,63.0,3.6,354,0
2026-05-29 12:00:36,Jakarta Utara,18,29,4,0.75,53,30.5,75.1,1.3,221,0
2026-05-29 11:30:36,Jakarta Selatan,38,46,27,1.22,43,29.2,76.0,0.0,28,0
2026-05-29 11:00:36,Jakarta Selatan,50,80,20,1.33,46,26.8,93.0,6.7,282,0
2026-05-29 10:30:36,Jakarta Utara,43,71,13,0.69,39,29.3,75.0,0.8,238,0
2026-05-29 10:00:36,Jakarta Barat,42,63,31,1.01,60,32.4,86.3,0.6,177,0
2026-05-29 09:30:36,Jakarta Selatan,58,73,11,1.11,40,29.1,79.0,3.3,291,0
2026-05-29 09:00:36,Jakarta Timur,15,19,19,0.32,30,30.2,84.2,3.3,301,0
2026-05-29 08:30:36,Jakarta Selatan,20,32,20,0.29,46,25.9,87.0,0.1,103,0
2026-05-29 08:00:36,Jakarta Pusat,52,92,31,1.05,35,34.2,70.9,3.3,206,0
2026-05-29 07:30:36,Jakarta Selatan,40,71,20,0.21,49,30.6,62.0,0.6,72,0
2026-05-29 07:00:36,Jakarta Barat,29,49,22,0.37,71,29.8,72.8,0.4,201,0
2026-05-29 06:30:36,Jakarta Selatan,44,55,35,0.51,38,25.0,70.0,5.1,217,0
2026-05-29 06:00:36,Jakarta Barat,13,22,13,1.41,30,26.9,81.1,0.2,301,0
2026-05-29 05:30:36,Jakarta Timur,35,56,19,0.72,25,25.8,69.0,0.5,125,0
2026-05-29 05:00:36,Jakarta Utara,52,66,17,0.44,41,28.5,100.0,2.1,257,0
2026-05-29 04:30:36,Jakarta Barat,24,42,32,0.3,53,34.7,60.0,0.3,208,0
2026-05-29 04:00:36,Jakarta Pusat,38,61,20,0.29,41,31.8,76.1,1.7,326,0
2026-05-29 03:30:36,Jakarta Selatan,48,74,25,0.57,45,31.2,73.0,1.1,19,0
2026-05-29 03:00:36,Jakarta Barat,19,33,19,0.74,53,29.2,70.4,0.5,10,0
2026-05-29 02:30:36,Jakarta Pusat,0,0,0,0.0,0,31.3,75.0,2.4,337,1
2026-05-29 02:00:36,Jakarta Utara,42,72,17,0.87,52,28.3,97.7,0.3,132,0
2026-05-29 01:30:36,Jakarta Selatan,6,10,19,0.73,35,23.3,99.0,1.5,279,0
2026-05-29 01:00:36,Jakarta Barat,64,88,32,0.83,30,33.9,86.2,3.5,181,0
2026-05-29 00:30:36,Jakarta Pusat,47,58,19,0.91,37,33.9,66.0,3.6,149,0
2026-05-29 00:00:36,Jakarta Selatan,46,62,15,1.65,54,31.2,74.9,8.4,149,0
2026-05-28 23:30:36,Jakarta Pusat,163,213,26,3.6,50,29.7,60.0,1.0,194,1
2026-05-28 23:00:36,Jakarta Utara,46,75,15,1.11,43,27.6,77.2,3.5,7,0
2026-05-28 22:30:36,Jakarta Selatan,23,36,5,0.74,54,25.9,72.0,0.3,158,0
2026-05-28 22:00:36,Jakarta Utara,48,62,31,0.6,5,31.4,72.6,5.1,133,0
2026-05-28 21:30:36,Jakarta Selatan,26,40,23,0.1,36,25.7,71.0,0.7,324,0
2026-05-28 21:00:36,Jakarta Pusat,5,10,13,0.36,35,24.6,65.5,1.7,164,0
2026-05-28 20:30:36,Jakarta Utara,59,79,2,0.7,53,29.1,94.0,1.4,160,0
2026-05-28 20:00:36,Jakarta Selatan,62,77,18,1.17,41,29.9,72.6,0.5,7,0
2026-05-28 19:30:36,Jakarta Timur,14,18,6,0.84,36,28.1,68.0,1.8,61,0
2026-05-28 19:00:36,Jakarta Barat,50,83,18,0.27,57,30.7,75.6,1.0,42,0
2026-05-28 18:30:36,Jakarta Utara,28,41,21,0.89,62,26.9,65.0,0.7,315,0
2026-05-28 18:00:36,Jakarta Selatan,40,66,27,1.0,35,23.8,76.5,4.9,170,0
2026-05-28 17:30:36,Jakarta Selatan,10,16,14,0.56,50,30.1,57.0,1.0,261,0
2026-05-28 17:00:36,Jakarta Selatan,51,63,17,1.05,59,32.0,73.5,0.0,211,0
2026-05-28 16:30:36,Jakarta Pusat,172,227,26,4.29,38,29.5,70.0,4.2,220,1
2026-05-28 16:00:36,Jakarta Pusat,96,172,41,0.96,51,31.1,88.2,14.5,164,0
2026-05-28 15:30:36,Jakarta Timur,53,80,24,0.66,38,32.4,78.0,2.2,127,0
2026-05-28 15:00:36,Jakarta Timur,85,114,32,1.05,51,29.4,76.7,15.4,93,0
2026-05-28 14:30:36,Jakarta Pusat,59,79,15,1.16,41,31.8,73.0,1.4,199,0
2026-05-28 14:00:36,Jakarta Utara,36,45,27,0.35,48,25.7,70.3,1.7,314,0
2026-05-28 13:30:36,Jakarta Utara,169,237,14,4.05,49,27.8,59.0,3.4,348,1
2026-05-28 13:00:36,Jakarta Utara,5,10,12,0.98,51,25.7,76.5,0.8,275,0
2026-05-28 12:30:36,Jakarta Timur,53,79,17,0.8,44,28.6,86.0,2.3,218,0
2026-05-28 12:00:36,Jakarta Utara,36,61,28,0.85,48,34.1,75.6,3.7,283,0
2026-05-28 11:30:36,Jakarta Barat,27,47,26,0.51,56,31.9,57.0,0.7,178,0
2026-05-28 11:00:36,Jakarta Pusat,56,86,14,0.79,58,30.3,78.8,1.3,232,0
2026-05-28 10:30:36,Jakarta Pusat,44,67,14,0.75,29,30.9,74.0,4.4,251,0
2026-05-28 10:00:36,Jakarta Barat,34,59,36,0.34,35,31.6,79.5,1.0,301,0
2026-05-28 09:30:36,Jakarta Timur,38,51,18,1.08,28,30.8,72.0,6.7,224,0
2026-05-28 09:00:36,Jakarta Pusat,27,41,14,0.64,31,31.9,71.4,1.0,104,0
2026-05-28 08:30:36,Jakarta Barat,30,46,26,0.74,49,28.8,64.0,1.4,129,0
2026-05-28 08:00:36,Jakarta Timur,27,39,25,0.81,37,32.6,74.2,1.0,179,0
2026-05-28 07:30:36,Jakarta Utara,47,76,29,0.79,22,30.4,88.0,0.4,9,0
2026-05-28 07:00:36,Jakarta Timur,41,64,19,0.66,42,28.1,81.5,0.2,191,0
2026-05-28 06:30:36,Jakarta Pusat,39,64,32,0.71,66,28.1,56.0,2.6,177,0
2026-05-28 06:00:36,Jakarta Selatan,26,37,9,0.4,38,24.2,59.9,3.6,209,0
2026-05-28 05:30:36,Jakarta Barat,21,33,8,0.7,74,31.3,79.0,0.2,61,0
2026-05-28 05:00:36,Jakarta Selatan,175,216,9,3.63,52,26.8,74.1,2.6,26,1
2026-05-28 04:30:36,Jakarta Utara,46,63,37,0.92,30,30.1,82.0,14.7,188,0
2026-05-28 04:00:36,Jakarta Utara,47,84,32,1.66,30,32.2,72.4,5.8,351,0
2026-05-28 03:30:36,Jakarta Utara,0,0,0,0.0,0,28.6,66.0,0.6,316,1
2026-05-28 03:00:36,Jakarta Selatan,0,0,0,0.0,0,31.7,65.2,0.1,202,1
2026-05-28 02:30:36,Jakarta Barat,46,61,32,0.81,44,29.1,80.0,6.7,213,0
2026-05-28 02:00:36,Jakarta Selatan,50,76,9,0.59,53,30.3,78.1,4.6,189,0
2026-05-28 01:30:36,Jakarta Selatan,53,92,7,1.01,44,29.8,81.0,3.5,270,0
2026-05-28 01:00:36,Jakarta Utara,20,27,9,0.8,56,29.1,94.4,1.5,354,0
2026-05-28 00:30:36,Jakarta Selatan,23,39,16,1.32,31,34.1,51.0,1.5,203,0
2026-05-28 00:00:36,Jakarta Utara,23,30,11,0.77,57,32.5,64.8,0.3,327,0
2026-05-27 23:30:36,Jakarta Pusat,38,65,10,0.46,49,29.3,67.0,0.6,304,0
2026-05-27 23:00:36,Jakarta Selatan,80,121,32,0.65,47,26.3,72.9,10.0,34,0
2026-05-27 22:30:36,Jakarta Timur,54,83,19,0.98,42,28.3,79.0,5.7,87,0
2026-05-27 22:00:36,Jakarta Utara,36,47,3,0.41,63,33.0,75.2,3.0,142,0
2026-05-27 21:30:36,Jakarta Selatan,0,0,0,0.0,0,31.1,71.0,4.9,173,1
2026-05-27 21:00:36,Jakarta Barat,143,187,27,4.52,34,28.9,78.9,1.8,94,1
2026-05-27 20:30:36,Jakarta Timur,20,33,23,1.06,68,33.8,65.0,0.1,146,0
2026-05-27 20:00:36,Jakarta Utara,55,92,9,0.71,32,34.7,74.8,0.0,319,0
2026-05-27 19:30:36,Jakarta Utara,64,89,15,0.75,48,32.6,75.0,3.1,260,0
2026-05-27 19:00:36,Jakarta Pusat,13,19,29,0.68,50,26.5,83.1,0.0,251,0
2026-05-27 18:30:36,Jakarta Selatan,14,18,4,0.35,49,28.5,66.0,1.9,279,0
2026-05-27 18:00:36,Jakarta Selatan,40,60,24,0.36,37,27.4,78.9,1.3,38,0
2026-05-27 17:30:36,Jakarta Timur,39,60,16,0.76,53,28.7,72.0,1.1,91,0
2026-05-27 17:00:36,Jakarta Utara,61,109,29,0.77,69,33.9,70.8,1.8,198,0
2026-05-27 16:30:36,Jakarta Timur,42,65,15,0.7,48,28.0,84.0,2.0,255,0
2026-05-27 16:00:36,Jakarta Pusat,55,81,21,0.49,56,33.9,72.3,0.5,73,0
2026-05-27 15:30:36,Jakarta Timur,59,72,16,0.91,37,27.9,73.0,1.2,216,0
2026-05-27 15:00:36,Jakarta Barat,16,23,22,0.98,58,31.6,65.8,4.6,173,0
2026-05-27 14:30:36,Jakarta Selatan,68,90,19,0.93,44,33.4,91.0,1.3,170,0
2026-05-27 14:00:36,Jakarta Selatan,36,57,14,0.64,40,27.9,75.6,0.2,231,0
2026-05-27 13:30:36,Jakarta Utara,38,50,27,0.68,62,29.1,87.0,2.2,314,0
2026-05-27 13:00:36,Jakarta Barat,33,58,10,0.66,59,33.2,77.7,1.6,1,0
2026-05-27 12:30:36,Jakarta Timur,27,43,24,1.02,46,27.8,82.0,0.2,314,0
2026-05-27 12:00:36,Jakarta Timur,60,77,19,0.49,24,31.4,77.8,6.5,136,0
2026-05-27 11:30:36,Jakarta Selatan,93,150,13,1.23,47,28.9,91.0,6.9,265,0
2026-05-27 11:00:36,Jakarta Selatan,33,43,11,1.0,49,30.6,64.5,0.7,288,0
2026-05-27 10:30:36,Jakarta Timur,40,55,9,0.98,47,26.8,84.0,2.1,191,0
2026-05-27 10:00:36,Jakarta Pusat,182,243,19,4.34,43,29.4,71.9,5.2,142,1
2026-05-27 09:30:36,Jakarta Utara,0,0,0,0.0,0,30.4,71.0,0.2,254,1
2026-05-27 09:00:36,Jakarta Selatan,27,47,14,0.14,41,32.3,61.2,1.9,24,0
2026-05-27 08:30:36,Jakarta Pusat,85,110,30,1.39,56,33.3,81.0,11.1,124,0
2026-05-27 08:00:36,Jakarta Barat,25,30,20,0.72,22,30.4,54.0,1.9,96,0
2026-05-27 07:30:36,Jakarta Pusat,36,51,2,0.29,13,27.5,82.0,0.2,56,0
2026-05-27 07:00:36,Jakarta Timur,62,91,23,1.33,35,36.2,68.1,7.6,286,0
2026-05-27 06:30:36,Jakarta Timur,42,63,16,1.04,29,31.0,80.0,1.1,264,0
2026-05-27 06:00:36,Jakarta Utara,57,69,7,0.8,52,26.3,72.1,4.2,145,0
2026-05-27 05:30:36,Jakarta Selatan,67,103,12,0.7,36,33.5,73.0,3.7,103,0
2026-05-27 05:00:36,Jakarta Utara,35,45,10,0.86,51,28.9,77.8,0.3,73,0
2026-05-27 04:30:36,Jakarta Timur,48,64,25,0.93,37,26.5,57.0,4.5,111,0
2026-05-27 04:00:36,Jakarta Pusat,28,45,14,0.63,53,29.8,60.3,0.2,303,0
2026-05-27 03:30:36,Jakarta Barat,5,10,23,0.68,25,28.4,65.0,0.6,228,0
2026-05-27 03:00:36,Jakarta Pusat,24,36,22,1.03,54,32.1,80.1,1.1,22,0
2026-05-27 02:30:36,Jakarta Utara,19,23,21,0.34,40,28.4,62.0,2.3,271,0
2026-05-27 02:00:36,Jakarta Utara,35,61,12,0.55,25,32.3,69.8,0.9,20,0
2026-05-27 01:30:36,Jakarta Selatan,16,26,2,0.31,45,25.2,57.0,3.0,339,0
2026-05-27 01:00:36,Jakarta Timur,74,104,17,0.36,53,29.9,70.1,1.6,195,0
2026-05-27 00:30:36,Jakarta Barat,0,0,0,0.0,0,26.1,61.0,4.8,199,1
2026-05-27 00:00:36,Jakarta Timur,18,29,33,0.8,52,29.1,80.3,0.8,108,0
2026-05-26 23:30:36,Jakarta Barat,13,20,7,0.82,53,30.4,66.0,0.3,49,0
2026-05-26 23:00:36,Jakarta Timur,47,57,15,0.41,52,32.0,78.2,2.5,80,0
2026-05-26 22:30:36,Jakarta Utara,28,44,18,0.7,30,35.0,79.0,0.1,4,0
2026-05-26 22:00:36,Jakarta Utara,67,110,19,0.72,44,32.6,88.3,0.8,106,0
2026-05-26 21:30:36,Jakarta Pusat,48,74,25,0.78,49,31.5,89.0,1.5,128,0
2026-05-26 21:00:36,Jakarta Timur,42,62,2,0.86,30,28.4,82.5,2.9,332,0
2026-05-26 20:30:36,Jakarta Utara,32,46,20,0.93,58,30.1,87.0,3.2,288,0
2026-05-26 20:00:36,Jakarta Utara,45,69,21,0.67,64,33.9,79.2,0.4,39,0
2026-05-26 19:30:36,Jakarta Timur,46,80,15,0.94,38,32.5,66.0,1.4,353,0
2026-05-26 19:00:36,Jakarta Selatan,36,49,26,0.7,43,27.5,68.9,5.4,254,0
2026-05-26 18:30:36,Jakarta Pusat,39,50,18,1.12,63,28.2,75.0,4.3,356,0
2026-05-26 18:00:36,Jakarta Selatan,52,64,14,0.8,57,31.1,68.9,0.8,161,0
2026-05-26 17:30:36,Jakarta Pusat,5,10,6,0.94,33,22.4,76.0,0.3,150,0
2026-05-26 17:00:36,Jakarta Barat,23,36,18,0.78,51,33.8,76.2,1.1,36,0
2026-05-26 16:30:36,Jakarta Utara,48,77,33,1.16,40,32.1,72.0,0.3,42,0
2026-05-26 16:00:36,Jakarta Utara,5,10,9,0.54,51,31.3,63.7,0.1,143,0
2026-05-26 15:30:36,Jakarta Pusat,52,88,8,1.1,38,25.5,68.0,6.7,246,0
2026-05-26 15:00:36,Jakarta Pusat,27,45,28,0.29,65,35.3,69.2,0.5,219,0
2026-05-26 14:30:36,Jakarta Timur,57,93,21,0.71,50,33.0,76.0,2.8,89,0
2026-05-26 14:00:36,Jakarta Barat,46,65,16,0.93,5,27.0,74.7,1.5,250,0
2026-05-26 13:30:36,Jakarta Utara,56,94,14,0.69,52,29.4,81.0,1.3,62,0
2026-05-26 13:00:36,Jakarta Utara,44,58,18,0.54,57,27.4,89.1,1.0,90,0
2026-05-26 12:30:36,Jakarta Utara,42,61,30,0.89,12,30.0,84.0,2.3,254,0
2026-05-26 12:00:36,Jakarta Utara,65,110,22,0.38,39,32.5,81.0,2.8,218,0
2026-05-26 11:30:36,Jakarta Selatan,0,0,0,0.0,0,29.1,67.0,2.3,67,1
2026-05-26 11:00:36,Jakarta Timur,29,47,14,0.16,43,24.7,81.5,1.7,180,0
2026-05-26 10:30:36,Jakarta Barat,27,46,12,0.84,63,32.0,86.0,1.6,323,0
2026-05-26 10:00:36,Jakarta Barat,78,110,20,1.19,43,33.3,71.2,7.5,290,0
2026-05-26 09:30:36,Jakarta Barat,24,38,4,0.98,37,28.4,87.0,0.6,334,0
2026-05-26 09:00:36,Jakarta Utara,52,72,22,1.22,26,29.7,91.1,1.0,150,0
2026-05-26 08:30:36,Jakarta Barat,54,81,20,0.55,56,30.1,88.0,5.4,319,0
2026-05-26 08:00:36,Jakarta Timur,38,68,16,0.22,32,27.8,76.4,0.5,320,0
2026-05-26 07:30:36,Jakarta Barat,34,44,9,0.97,35,33.3,64.0,7.5,27,0
2026-05-26 07:00:36,Jakarta Barat,30,37,21,0.4,58,28.5,68.7,1.7,97,0
2026-05-26 06:30:36,Jakarta Pusat,39,69,18,0.3,73,28.4,67.0,5.0,318,0
2026-05-26 06:00:36,Jakarta Utara,48,60,18,0.43,63,27.2,70.9,2.5,341,0
2026-05-26 05:30:36,Jakarta Pusat,42,69,11,0.77,58,27.3,79.0,1.8,276,0
2026-05-26 05:00:36,Jakarta Timur,59,92,12,1.08,54,27.2,81.7,0.9,171,0
2026-05-26 04:30:36,Jakarta Timur,50,61,24,1.26,40,31.5,89.0,0.9,357,0
2026-05-26 04:00:36,Jakarta Pusat,83,105,23,0.43,51,34.1,75.4,4.6,327,0
2026-05-26 03:30:36,Jakarta Timur,58,99,15,0.56,56,27.7,68.0,10.8,110,0
2026-05-26 03:00:36,Jakarta Selatan,56,74,29,1.14,43,33.1,85.1,0.2,263,0
2026-05-26 02:30:36,Jakarta Timur,23,33,18,0.62,31,29.6,62.0,5.1,81,0
2026-05-26 02:00:36,Jakarta Barat,8,13,18,0.8,41,28.7,70.9,0.7,185,0
2026-05-26 01:30:36,Jakarta Selatan,30,50,19,0.84,52,29.1,78.0,0.7,87,0
2026-05-26 01:00:36,Jakarta Barat,47,75,18,0.87,40,29.4,76.4,0.5,4,0
2026-05-26 00:30:36,Jakarta Utara,27,42,24,0.89,55,30.3,76.0,1.3,203,0
2026-05-26 00:00:36,Jakarta Pusat,53,94,27,0.18,32,28.8,78.1,0.2,7,0
2026-05-25 23:30:36,Jakarta Pusat,27,46,18,1.38,34,28.2,70.0,5.4,98,0
2026-05-25 23:00:36,Jakarta Timur,19,23,18,1.16,36,30.0,64.3,1.0,106,0
2026-05-25 22:30:36,Jakarta Selatan,38,65,21,0.38,47,27.3,83.0,0.3,149,0
2026-05-25 22:00:36,Jakarta Barat,37,49,14,0.92,67,31.0,78.6,0.7,35,0
2026-05-25 21:30:36,Jakarta Barat,34,42,9,0.59,37,26.4,71.0,3.9,149,0
2026-05-25 21:00:36,Jakarta Selatan,137,171,21,3.81,59,26.7,70.6,0.3,117,1
2026-05-25 20:30:36,Jakarta Barat,12,18,31,0.34,41,30.8,65.0,5.7,285,0
2026-05-25 20:00:36,Jakarta Pusat,41,55,26,0.49,44,26.8,78.8,4.9,161,0
2026-05-25 19:30:36,Jakarta Selatan,38,54,22,0.66,48,29.1,74.0,0.1,246,0
2026-05-25 19:00:36,Jakarta Selatan,43,62,16,0.63,56,28.1,77.3,0.7,278,0
2026-05-25 18:30:36,Jakarta Timur,42,73,15,1.07,33,31.3,72.0,0.8,73,0
2026-05-25 18:00:36,Jakarta Barat,9,12,33,0.1,45,29.8,79.2,0.2,269,0
2026-05-25 17:30:36,Jakarta Barat,19,29,20,1.05,40,30.4,85.0,0.7,306,0
2026-05-25 17:00:36,Jakarta Timur,76,120,29,1.46,47,34.4,82.1,12.5,244,0
2026-05-25 16:30:36,Jakarta Timur,12,15,7,0.28,62,25.8,70.0,0.0,206,0
2026-05-25 16:00:36,Jakarta Pusat,39,57,24,0.57,43,25.5,70.1,1.6,331,0
2026-05-25 15:30:36,Jakarta Pusat,51,69,34,0.55,39,29.4,71.0,2.5,203,0
2026-05-25 15:00:36,Jakarta Utara,35,44,14,1.27,36,28.8,84.0,1.0,323,0
2026-05-25 14:30:36,Jakarta Pusat,60,104,26,0.72,31,31.4,74.0,7.7,278,0
2026-05-25 14:00:36,Jakarta Utara,48,67,20,0.73,50,32.0,82.5,1.1,163,0
2026-05-25 13:30:36,Jakarta Barat,47,79,16,0.9,60,31.8,69.0,2.5,114,0
2026-05-25 13:00:36,Jakarta Utara,32,38,17,0.6,38,30.3,77.5,0.5,170,0
2026-05-25 12:30:36,Jakarta Barat,43,66,20,0.88,42,28.2,81.0,1.0,186,0
2026-05-25 12:00:36,Jakarta Barat,22,27,13,1.01,23,25.3,89.1,0.0,160,0
2026-05-25 11:30:36,Jakarta Timur,34,58,13,0.1,59,29.5,76.0,2.3,174,0
2026-05-25 11:00:36,Jakarta Timur,61,108,21,0.45,45,30.6,81.4,4.3,21,0
2026-05-25 10:30:36,Jakarta Barat,44,78,38,0.63,10,30.5,84.0,1.1,83,0
2026-05-25 10:00:36,Jakarta Pusat,20,28,8,0.1,15,24.1,80.8,0.5,168,0
2026-05-25 09:30:36,Jakarta Pusat,55,97,12,1.02,48,32.2,60.0,9.5,40,0
2026-05-25 09:00:36,Jakarta Selatan,60,83,33,1.29,76,33.4,81.8,3.7,192,0
2026-05-25 08:30:36,Jakarta Selatan,21,27,15,0.85,56,26.1,82.0,1.4,266,0
2026-05-25 08:00:36,Jakarta Utara,60,86,25,0.8,43,27.0,87.2,1.2,266,0
2026-05-25 07:30:36,Jakarta Selatan,17,30,7,0.3,44,33.0,67.0,3.6,105,0
2026-05-25 07:00:36,Jakarta Pusat,21,28,9,0.81,40,21.6,73.4,7.7,74,0
2026-05-25 06:30:36,Jakarta Pusat,29,35,2,0.47,20,35.4,67.0,0.0,295,0
2026-05-25 06:00:36,Jakarta Utara,45,75,12,0.85,30,31.4,74.3,0.4,211,0
2026-05-25 05:30:36,Jakarta Utara,0,0,0,0.0,0,32.7,80.0,1.3,249,1
2026-05-25 05:00:36,Jakarta Pusat,44,73,2,1.3,43,30.8,59.9,7.8,178,0
2026-05-25 04:30:36,Jakarta Selatan,30,41,25,0.23,28,28.5,76.0,2.3,54,0
2026-05-25 04:00:36,Jakarta Pusat,60,89,46,0.53,42,30.7,93.2,5.8,112,0
2026-05-25 03:30:36,Jakarta Selatan,49,62,15,1.18,23,31.1,83.0,1.9,345,0
2026-05-25 03:00:36,Jakarta Barat,11,19,12,0.61,46,25.4,77.0,3.4,190,0
2026-05-25 02:30:36,Jakarta Utara,53,84,22,0.97,26,31.4,82.0,2.9,196,0
2026-05-25 02:00:36,Jakarta Selatan,10,17,19,0.1,40,25.4,81.2,2.6,354,0
2026-05-25 01:30:36,Jakarta Barat,60,97,24,1.16,41,31.2,86.0,6.1,83,0
2026-05-25 01:00:36,Jakarta Selatan,5,10,8,0.86,36,28.3,84.1,0.4,81,0
2026-05-25 00:30:36,Jakarta Timur,56,90,22,0.24,55,26.9,67.0,0.6,49,0
2026-05-25 00:00:36,Jakarta Timur,49,70,13,0.6,41,23.3,85.4,1.4,20,0
2026-05-24 23:30:36,Jakarta Timur,32,42,18,0.33,39,28.6,62.0,0.2,81,0
2026-05-24 23:00:36,Jakarta Utara,29,40,28,1.16,58,32.8,60.4,4.3,184,0
2026-05-24 22:30:36,Jakarta Timur,90,131,27,1.13,44,28.8,83.0,11.4,56,0
2026-05-24 22:00:36,Jakarta Selatan,45,76,16,0.52,30,29.1,82.7,1.6,322,0
2026-05-24 21:30:36,Jakarta Barat,50,67,23,0.85,43,29.6,72.0,0.4,208,0
2026-05-24 21:00:36,Jakarta Utara,37,47,27,1.02,30,30.7,66.5,2.8,231,0
2026-05-24 20:30:36,Jakarta Utara,51,81,31,0.9,56,33.2,89.0,5.3,210,0
2026-05-24 20:00:36,Jakarta Utara,30,41,41,0.33,45,31.6,72.1,0.4,237,0
2026-05-24 19:30:36,Jakarta Barat,26,44,15,0.38,31,23.3,83.0,0.3,288,0
2026-05-24 19:00:36,Jakarta Timur,30,37,6,1.37,20,30.2,76.2,5.3,229,0
2026-05-24 18:30:36,Jakarta Timur,44,76,2,0.2,29,22.6,55.0,1.2,295,0
2026-05-24 18:00:36,Jakarta Barat,60,92,31,0.64,66,33.9,75.9,2.1,314,0
2026-05-24 17:30:36,Jakarta Pusat,55,75,5,0.91,44,37.4,70.0,0.2,103,0
2026-05-24 17:00:36,Jakarta Barat,27,35,17,0.96,47,28.3,89.9,2.8,275,0
2026-05-24 16:30:36,Jakarta Pusat,23,34,22,0.58,43,25.0,75.0,1.3,258,0
2026-05-24 16:00:36,Jakarta Barat,72,92,29,0.76,42,33.6,95.9,1.2,310,0
2026-05-24 15:30:36,Jakarta Barat,23,37,22,1.25,50,27.9,61.0,4.7,222,0
2026-05-24 15:00:36,Jakarta Barat,18,31,18,0.79,38,29.9,63.7,0.7,271,0
2026-05-24 14:30:36,Jakarta Utara,45,56,14,0.92,56,27.4,74.0,6.2,280,0
2026-05-24 14:00:36,Jakarta Selatan,60,83,33,0.71,32,30.8,80.7,6.5,292,0
2026-05-24 13:30:36,Jakarta Utara,90,127,29,1.34,81,34.9,80.0,7.5,30,0
2026-05-24 13:00:36,Jakarta Selatan,33,56,12,0.94,40,29.1,74.2,0.4,62,0
2026-05-24 12:30:36,Jakarta Pusat,38,59,29,0.64,50,31.1,65.0,1.4,220,0
2026-05-24 12:00:36,Jakarta Pusat,12,21,13,0.63,62,26.5,79.1,1.2,168,0
2026-05-24 11:30:36,Jakarta Barat,5,10,11,0.83,37,28.8,69.0,2.0,287,0
2026-05-24 11:00:36,Jakarta Pusat,14,20,11,1.2,43,31.8,67.5,0.8,137,0
2026-05-24 10:30:36,Jakarta Timur,37,51,2,0.66,41,27.7,64.0,1.6,214,0
2026-05-24 10:00:36,Jakarta Pusat,42,75,12,0.4,39,28.9,61.8,2.4,76,0
2026-05-24 09:30:36,Jakarta Selatan,5,10,9,0.58,53,29.1,67.0,0.5,134,0
2026-05-24 09:00:36,Jakarta Selatan,43,76,30,0.73,28,25.2,76.4,5.6,349,0
2026-05-24 08:30:36,Jakarta Pusat,54,74,4,0.87,36,31.8,86.0,0.3,124,0
2026-05-24 08:00:36,Jakarta Barat,29,37,27,1.28,55,30.1,80.7,1.3,187,0
2026-05-24 07:30:36,Jakarta Pusat,64,100,22,0.54,30,26.2,77.0,8.4,189,0
2026-05-24 07:00:36,Jakarta Pusat,5,10,27,0.1,39,29.5,72.1,0.2,270,0
2026-05-24 06:30:36,Jakarta Pusat,65,115,33,0.98,61,34.4,94.0,4.2,283,0
2026-05-24 06:00:36,Jakarta Timur,172,220,22,3.87,65,32.1,75.5,2.9,232,1
2026-05-24 05:30:36,Jakarta Timur,31,42,20,1.19,28,32.1,56.0,5.3,284,0
2026-05-24 05:00:36,Jakarta Barat,45,76,19,1.04,66,30.9,80.7,4.0,245,0
2026-05-24 04:30:36,Jakarta Barat,70,124,15,0.72,55,33.5,73.0,2.4,105,0
2026-05-24 04:00:36,Jakarta Barat,32,56,3,0.51,56,28.7,60.0,3.3,224,0
2026-05-24 03:30:36,Jakarta Pusat,50,62,14,0.9,40,28.5,76.0,0.9,331,0
2026-05-24 03:00:36,Jakarta Selatan,31,53,18,0.51,42,27.6,75.3,0.3,138,0
2026-05-24 02:30:36,Jakarta Utara,42,65,19,0.9,40,31.8,80.0,0.5,85,0
2026-05-24 02:00:36,Jakarta Selatan,0,0,0,0.0,0,30.4,78.9,4.7,194,1
2026-05-24 01:30:36,Jakarta Utara,13,16,2,0.67,40,28.4,70.0,0.7,109,0
2026-05-24 01:00:36,Jakarta Selatan,44,58,21,0.72,47,29.0,92.3,2.0,195,0
2026-05-24 00:30:36,Jakarta Barat,87,118,28,1.47,36,29.5,82.0,16.9,208,0
2026-05-24 00:00:36,Jakarta Selatan,7,10,17,0.6,40,32.2,67.7,0.2,137,0
2026-05-23 23:30:36,Jakarta Utara,61,98,14,1.03,45,33.0,79.0,7.2,98,0
2026-05-23 23:00:36,Jakarta Pusat,46,76,23,0.81,38,27.2,66.4,9.3,310,0
2026-05-23 22:30:36,Jakarta Selatan,53,94,17,0.62,38,31.9,68.0,3.1,228,0
2026-05-23 22:00:36,Jakarta Timur,46,74,9,0.9,48,29.9,66.3,3.3,204,0
2026-05-23 21:30:36,Jakarta Selatan,21,32,21,1.25,33,30.7,63.0,3.0,72,0
2026-05-23 21:00:36,Jakarta Barat,42,67,16,0.96,80,28.2,81.9,1.5,170,0
2026-05-23 20:30:36,Jakarta Pusat,54,73,2,0.97,55,28.2,57.0,0.2,36,0
2026-05-23 20:00:36,Jakarta Timur,31,50,4,0.1,59,29.1,68.5,0.1,142,0
2026-05-23 19:30:36,Jakarta Pusat,38,47,4,0.78,29,32.2,66.0,3.5,150,0
2026-05-23 19:00:36,Jakarta Pusat,5,10,17,0.69,41,28.1,73.0,2.1,201,0
2026-05-23 18:30:36,Jakarta Pusat,39,48,17,0.8,37,25.3,75.0,2.0,79,0
2026-05-23 18:00:36,Jakarta Utara,26,37,24,0.63,56,29.9,70.0,0.9,239,0
2026-05-23 17:30:36,Jakarta Selatan,11,17,17,0.53,25,25.3,79.0,0.9,306,0
2026-05-23 17:00:36,Jakarta Pusat,56,83,12,0.74,66,33.2,84.4,2.8,120,0
2026-05-23 16:30:36,Jakarta Utara,12,19,23,0.78,63,27.9,67.0,0.2,124,0
2026-05-23 16:00:36,Jakarta Timur,63,80,24,1.28,42,30.6,61.6,10.7,155,0
2026-05-23 15:30:36,Jakarta Utara,53,71,16,1.03,44,27.9,92.0,4.8,277,0
2026-05-23 15:00:36,Jakarta Timur,51,81,25,0.88,53,28.9,91.1,7.2,296,0
2026-05-23 14:30:36,Jakarta Utara,35,55,24,0.88,45,30.1,66.0,0.6,193,0
2026-05-23 14:00:36,Jakarta Selatan,36,52,17,0.71,33,31.3,66.6,3.4,41,0
2026-05-23 13:30:36,Jakarta Pusat,63,84,7,1.17,51,32.8,63.0,6.6,125,0
2026-05-23 13:00:36,Jakarta Barat,47,65,21,0.25,30,30.3,55.3,5.0,150,0
2026-05-23 12:30:36,Jakarta Pusat,64,93,10,0.45,54,30.7,88.0,0.9,71,0
2026-05-23 12:00:36,Jakarta Timur,5,10,5,0.69,40,26.9,66.3,1.2,128,0
2026-05-23 11:30:36,Jakarta Barat,56,94,29,1.11,40,33.0,99.0,3.9,200,0
2026-05-23 11:00:36,Jakarta Pusat,24,37,22,0.43,35,28.6,91.3,1.5,111,0
2026-05-23 10:30:36,Jakarta Barat,45,61,35,1.37,56,31.2,92.0,3.7,133,0
2026-05-23 10:00:36,Jakarta Selatan,37,65,20,0.95,52,33.8,61.8,5.4,66,0
2026-05-23 09:30:36,Jakarta Selatan,33,43,22,0.94,65,27.2,85.0,3.1,138,0
2026-05-23 09:00:36,Jakarta Barat,5,10,12,1.03,35,28.3,58.7,0.6,139,0
2026-05-23 08:30:36,Jakarta Pusat,65,85,23,0.96,60,27.6,82.0,5.5,139,0
2026-05-23 08:00:36,Jakarta Barat,57,90,12,1.01,76,33.6,72.1,0.0,40,0
2026-05-23 07:30:36,Jakarta Pusat,6,10,3,0.72,42,30.8,56.0,1.6,359,0
2026-05-23 07:00:36,Jakarta Utara,40,71,16,1.33,49,31.2,82.7,0.0,222,0
2026-05-23 06:30:36,Jakarta Timur,63,106,15,0.85,50,29.8,82.0,2.7,247,0
2026-05-23 06:00:36,Jakarta Pusat,55,90,19,0.32,76,34.2,77.5,1.0,213,0
2026-05-23 05:30:36,Jakarta Utara,28,49,18,0.7,57,30.5,79.0,3.0,44,0
2026-05-23 05:00:36,Jakarta Utara,36,58,18,0.99,49,32.3,78.2,3.2,47,0
2026-05-23 04:30:36,Jakarta Barat,30,46,12,0.1,60,31.8,68.0,0.2,185,0
2026-05-23 04:00:36,Jakarta Utara,56,76,31,1.19,59,27.7,66.7,7.0,142,0
2026-05-23 03:30:36,Jakarta Timur,42,60,21,0.88,38,32.5,78.0,1.4,278,0
2026-05-23 03:00:36,Jakarta Barat,54,72,7,1.12,19,28.4,69.6,1.6,176,0
2026-05-23 02:30:36,Jakarta Timur,68,87,26,1.19,60,33.9,76.0,11.6,134,0
2026-05-23 02:00:36,Jakarta Utara,39,68,20,0.83,55,28.4,76.3,5.1,150,0
2026-05-23 01:30:36,Jakarta Utara,25,35,2,0.52,30,27.4,68.0,2.8,37,0
2026-05-23 01:00:36,Jakarta Timur,55,77,22,0.47,42,36.0,77.2,1.5,87,0
2026-05-23 00:30:36,Jakarta Timur,68,91,25,0.65,41,28.2,70.0,0.0,75,0
2026-05-23 00:00:36,Jakarta Pusat,68,100,20,1.02,42,29.2,70.0,9.0,201,0
2026-05-22 23:30:36,Jakarta Timur,42,61,13,0.31,72,24.4,78.0,0.8,140,0
2026-05-22 23:00:36,Jakarta Pusat,25,38,23,0.39,54,26.7,59.0,3.5,26,0
2026-05-22 22:30:36,Jakarta Pusat,20,26,8,0.4,38,32.2,75.0,0.0,321,0
2026-05-22 22:00:36,Jakarta Timur,30,39,22,0.35,31,29.8,66.5,3.4,79,0
2026-05-22 21:30:36,Jakarta Timur,16,25,14,0.75,61,28.8,72.0,1.4,48,0
2026-05-22 21:00:36,Jakarta Utara,44,70,2,0.44,57,27.7,54.1,4.9,47,0
2026-05-22 20:30:36,Jakarta Utara,37,45,15,0.46,46,33.0,70.0,0.5,167,0
2026-05-22 20:00:36,Jakarta Barat,28,38,12,0.53,40,27.5,90.3,1.9,321,0
2026-05-22 19:30:36,Jakarta Pusat,27,43,10,0.34,33,27.1,66.0,0.6,255,0
2026-05-22 19:00:36,Jakarta Utara,47,56,18,0.69,39,30.9,65.5,0.6,94,0
2026-05-22 18:30:36,Jakarta Barat,27,36,3,0.55,23,27.2,65.0,0.3,290,0
2026-05-22 18:00:36,Jakarta Selatan,5,10,11,1.2,31,34.7,58.9,0.7,176,0
2026-05-22 17:30:36,Jakarta Pusat,30,36,17,0.9,50,27.6,82.0,0.1,352,0
2026-05-22 17:00:36,Jakarta Timur,36,52,25,0.36,32,30.7,75.4,0.3,102,0
2026-05-22 16:30:36,Jakarta Timur,44,73,41,1.22,29,32.8,87.0,4.0,92,0
2026-05-22 16:00:36,Jakarta Timur,33,42,6,1.41,45,27.9,68.8,5.9,95,0
2026-05-22 15:30:36,Jakarta Utara,53,90,23,0.83,43,30.7,81.0,0.0,73,0
2026-05-22 15:00:36,Jakarta Pusat,58,94,17,1.04,12,29.6,70.2,0.8,139,0
2026-05-22 14:30:36,Jakarta Timur,60,89,22,1.05,51,28.8,80.0,4.7,50,0
2026-05-22 14:00:36,Jakarta Barat,44,72,16,0.73,43,29.1,67.6,3.4,225,0
2026-05-22 13:30:36,Jakarta Utara,29,49,29,0.56,36,30.2,77.0,0.5,244,0
2026-05-22 13:00:36,Jakarta Barat,28,47,15,0.64,49,33.8,82.9,0.1,345,0
2026-05-22 12:30:36,Jakarta Barat,55,98,12,0.31,69,27.5,87.0,1.1,182,0
2026-05-22 12:00:36,Jakarta Timur,63,104,13,0.46,66,33.4,86.4,0.1,323,0
2026-05-22 11:30:36,Jakarta Barat,48,63,14,1.1,39,27.4,65.0,8.0,136,0
2026-05-22 11:00:36,Jakarta Barat,5,10,14,0.88,50,25.7,77.6,0.8,327,0
2026-05-22 10:30:36,Jakarta Barat,49,66,17,0.44,37,29.4,79.0,3.7,95,0
2026-05-22 10:00:36,Jakarta Barat,5,10,2,0.48,31,26.2,75.5,1.6,218,0
2026-05-22 09:30:36,Jakarta Pusat,16,21,15,0.43,41,27.9,59.0,1.9,48,0
2026-05-22 09:00:36,Jakarta Barat,42,71,29,0.85,46,34.7,64.6,2.2,80,0
2026-05-22 08:30:36,Jakarta Utara,29,42,14,0.83,25,29.6,85.0,2.0,322,0
2026-05-22 08:00:36,Jakarta Utara,23,36,34,0.45,54,28.3,85.5,1.0,137,0
2026-05-22 07:30:36,Jakarta Barat,47,83,32,0.95,49,31.8,76.0,1.2,151,0
2026-05-22 07:00:36,Jakarta Utara,8,13,19,0.3,48,26.9,64.1,3.8,106,0
2026-05-22 06:30:36,Jakarta Pusat,27,40,6,0.56,24,29.8,67.0,0.5,50,0
2026-05-22 06:00:36,Jakarta Barat,5,10,2,0.73,64,25.4,55.5,1.6,253,0
2026-05-22 05:30:36,Jakarta Utara,140,185,16,4.39,42,25.6,78.0,1.8,187,1
2026-05-22 05:00:36,Jakarta Utara,61,73,22,0.7,47,31.6,68.3,4.5,317,0
2026-05-22 04:30:36,Jakarta Timur,26,44,5,0.69,44,27.3,71.0,0.3,293,0
2026-05-22 04:00:36,Jakarta Utara,48,69,5,0.69,33,24.3,92.8,1.5,349,0
2026-05-22 03:30:36,Jakarta Timur,15,19,19,0.84,46,30.7,68.0,2.4,84,0
2026-05-22 03:00:36,Jakarta Selatan,27,34,22,1.21,55,27.4,65.9,1.3,252,0
2026-05-22 02:30:36,Jakarta Pusat,71,114,34,1.37,59,33.5,72.0,9.9,232,0
2026-05-22 02:00:36,Jakarta Barat,48,62,6,0.87,45,27.2,81.6,5.6,334,0
2026-05-22 01:30:36,Jakarta Selatan,34,49,6,0.64,55,28.9,73.0,1.5,243,0
2026-05-22 01:00:36,Jakarta Selatan,52,77,14,0.85,54,30.6,74.0,0.4,29,0
2026-05-22 00:30:36,Jakarta Timur,59,99,13,1.07,57,28.7,85.0,1.5,10,0
2026-05-22 00:00:36,Jakarta Timur,74,108,33,0.79,47,30.9,88.7,5.6,229,0
2026-05-21 23:30:36,Jakarta Pusat,43,51,21,1.25,46,32.4,67.0,0.0,78,0
2026-05-21 23:00:36,Jakarta Pusat,35,46,14,1.29,34,36.4,71.6,0.4,66,0
2026-05-21 22:30:36,Jakarta Timur,63,111,16,1.12,40,31.3,77.0,3.1,13,0
2026-05-21 22:00:36,Jakarta Pusat,13,17,8,0.56,48,24.7,62.7,0.9,54,0
2026-05-21 21:30:36,Jakarta Utara,68,110,19,1.07,54,33.0,87.0,2.2,259,0
2026-05-21 21:00:36,Jakarta Timur,71,88,27,1.01,44,29.5,66.3,10.2,118,0
2026-05-21 20:30:36,Jakarta Selatan,62,86,20,0.95,43,31.7,74.0,7.0,4,0
2026-05-21 20:00:36,Jakarta Barat,0,0,0,0.0,0,25.0,82.1,0.4,298,1
2026-05-21 19:30:36,Jakarta Selatan,159,215,20,4.21,45,30.2,98.0,1.9,333,1
2026-05-21 19:00:36,Jakarta Selatan,29,35,36,0.55,44,27.4,91.9,3.2,39,0
2026-05-21 18:30:36,Jakarta Timur,58,70,28,0.57,49,36.0,79.0,0.3,137,0
2026-05-21 18:00:36,Jakarta Selatan,5,10,9,0.74,48,33.7,60.3,0.1,61,0
2026-05-21 17:30:36,Jakarta Utara,42,72,17,0.66,28,26.7,58.0,5.6,178,0
2026-05-21 17:00:36,Jakarta Selatan,12,14,19,0.77,39,26.4,70.0,0.3,266,0
2026-05-21 16:30:36,Jakarta Pusat,29,48,19,0.65,31,28.9,76.0,2.0,185,0
2026-05-21 16:00:36,Jakarta Pusat,27,45,16,0.51,31,29.2,75.4,1.3,26,0
2026-05-21 15:30:36,Jakarta Utara,125,160,11,4.32,48,30.6,71.0,1.2,275,1
2026-05-21 15:00:36,Jakarta Pusat,56,69,27,1.26,41,31.8,77.8,8.0,9,0
2026-05-21 14:30:36,Jakarta Timur,39,54,6,0.25,31,31.8,75.0,1.4,282,0
2026-05-21 14:00:36,Jakarta Timur,48,74,28,0.94,29,28.6,92.2,0.4,230,0
2026-05-21 13:30:36,Jakarta Barat,5,10,7,1.06,70,32.9,58.0,0.5,102,0
2026-05-21 13:00:36,Jakarta Selatan,24,41,2,0.91,59,25.1,95.3,2.0,41,0
2026-05-21 12:30:36,Jakarta Utara,57,98,13,0.42,62,34.0,64.0,0.8,153,0
2026-05-21 12:00:36,Jakarta Pusat,5,10,7,0.78,29,28.9,70.2,1.6,15,0
2026-05-21 11:30:36,Jakarta Selatan,35,44,27,0.5,41,32.1,76.0,5.2,243,0
2026-05-21 11:00:36,Jakarta Pusat,37,58,20,1.23,45,28.9,72.9,0.8,276,0
2026-05-21 10:30:36,Jakarta Timur,40,66,10,1.16,46,33.6,86.0,1.9,318,0
2026-05-21 10:00:36,Jakarta Barat,55,69,8,0.86,49,29.7,84.9,1.8,119,0
2026-05-21 09:30:36,Jakarta Barat,8,13,7,0.87,41,30.4,55.0,0.7,310,0
2026-05-21 09:00:36,Jakarta Barat,54,76,10,0.8,68,30.8,84.1,4.3,196,0
2026-05-21 08:30:36,Jakarta Timur,51,77,33,1.0,30,26.9,82.0,10.4,303,0
2026-05-21 08:00:36,Jakarta Selatan,41,53,16,0.58,60,26.4,91.0,1.7,315,0
2026-05-21 07:30:36,Jakarta Utara,31,38,20,1.02,53,30.3,73.0,0.9,201,0
2026-05-21 07:00:36,Jakarta Timur,35,44,13,1.4,65,33.3,71.6,4.1,224,0
2026-05-21 06:30:36,Jakarta Barat,54,82,22,0.5,42,26.8,91.0,0.7,143,0
2026-05-21 06:00:36,Jakarta Barat,0,0,0,0.0,0,27.6,77.3,1.1,90,1
2026-05-21 05:30:36,Jakarta Utara,28,47,16,0.17,64,29.5,66.0,1.0,236,0
2026-05-21 05:00:36,Jakarta Selatan,26,35,27,0.55,44,27.5,70.1,0.4,297,0
2026-05-21 04:30:36,Jakarta Barat,17,25,17,0.72,52,30.0,79.0,2.0,256,0
2026-05-21 04:00:36,Jakarta Pusat,9,14,32,0.75,63,27.3,84.0,0.0,172,0
2026-05-21 03:30:36,Jakarta Barat,32,42,4,0.62,48,28.7,56.0,3.1,144,0
2026-05-21 03:00:36,Jakarta Pusat,26,36,21,0.56,49,31.4,63.0,3.8,204,0
2026-05-21 02:30:36,Jakarta Utara,63,106,19,0.95,50,29.2,80.0,3.5,78,0
2026-05-21 02:00:36,Jakarta Utara,68,114,2,1.39,40,35.9,75.8,2.5,289,0
2026-05-21 01:30:36,Jakarta Timur,58,78,29,1.24,34,30.4,77.0,2.1,319,0
2026-05-21 01:00:36,Jakarta Barat,14,24,26,1.31,46,31.3,61.4,0.2,257,0
2026-05-21 00:30:36,Jakarta Pusat,29,38,11,0.76,47,29.0,79.0,1.2,114,0
2026-05-21 00:00:36,Jakarta Selatan,29,49,18,0.61,44,30.1,70.8,0.7,41,0
2026-05-20 23:30:36,Jakarta Pusat,52,76,16,0.81,50,28.5,80.0,2.2,167,0
2026-05-20 23:00:36,Jakarta Selatan,61,106,4,0.54,44,32.9,74.6,0.5,119,0
2026-05-20 22:30:36,Jakarta Pusat,36,44,19,0.88,26,32.0,66.0,4.1,162,0
2026-05-20 22:00:36,Jakarta Barat,39,62,2,1.2,68,33.3,68.3,0.7,241,0
2026-05-20 21:30:36,Jakarta Selatan,21,31,16,0.15,53,30.5,74.0,1.5,45,0
2026-05-20 21:00:36,Jakarta Utara,20,25,18,0.5,41,31.7,79.7,1.1,273,0
2026-05-20 20:30:36,Jakarta Pusat,50,80,17,1.17,45,36.9,77.0,1.4,150,0
2026-05-20 20:00:36,Jakarta Timur,52,81,18,0.78,31,31.7,85.1,0.7,193,0
2026-05-20 19:30:36,Jakarta Pusat,91,111,32,1.85,74,35.2,60.0,21.4,177,0
2026-05-20 19:00:36,Jakarta Pusat,54,79,11,0.89,52,27.4,83.8,1.1,356,0
2026-05-20 18:30:36,Jakarta Pusat,48,73,20,0.49,40,28.0,100.0,2.0,71,0
2026-05-20 18:00:36,Jakarta Barat,58,102,10,0.97,61,29.7,83.0,3.4,196,0
2026-05-20 17:30:36,Jakarta Selatan,33,43,32,0.25,51,32.5,80.0,2.5,325,0
2026-05-20 17:00:36,Jakarta Selatan,44,62,17,0.93,40,23.2,72.9,2.6,341,0
2026-05-20 16:30:36,Jakarta Utara,26,38,18,1.04,55,33.2,64.0,0.0,67,0
2026-05-20 16:00:36,Jakarta Selatan,159,212,24,4.23,26,29.8,75.5,5.5,169,1
2026-05-20 15:30:36,Jakarta Barat,22,38,20,0.63,45,28.9,73.0,2.9,10,0
2026-05-20 15:00:36,Jakarta Selatan,48,61,8,1.43,27,33.2,77.1,1.6,333,0
2026-05-20 14:30:36,Jakarta Timur,38,47,18,0.83,40,30.7,69.0,1.7,49,0
2026-05-20 14:00:36,Jakarta Barat,46,80,23,0.85,56,29.6,67.8,2.2,52,0
2026-05-20 13:30:36,Jakarta Barat,5,10,8,0.77,45,27.1,70.0,1.3,40,0
2026-05-20 13:00:36,Jakarta Pusat,38,64,14,0.68,63,26.2,66.5,10.5,328,0
2026-05-20 12:30:36,Jakarta Pusat,75,132,29,0.99,28,33.0,83.0,7.0,40,0
2026-05-20 12:00:36,Jakarta Pusat,56,78,11,0.73,30,25.7,55.6,8.6,245,0
2026-05-20 11:30:36,Jakarta Timur,44,60,14,0.75,46,31.1,62.0,3.9,60,0
2026-05-20 11:00:36,Jakarta Barat,29,34,27,0.4,65,27.5,75.5,0.3,63,0
2026-05-20 10:30:36,Jakarta Pusat,23,32,10,0.76,28,31.1,75.0,0.2,102,0
2026-05-20 10:00:36,Jakarta Selatan,35,44,5,0.63,49,29.9,72.5,0.6,56,0
2026-05-20 09:30:36,Jakarta Utara,63,108,16,1.37,43,37.6,92.0,4.9,35,0
2026-05-20 09:00:36,Jakarta Timur,78,136,20,0.75,69,37.9,87.4,1.2,359,0
2026-05-20 08:30:36,Jakarta Pusat,15,24,18,0.91,48,32.4,69.0,0.8,11,0
2026-05-20 08:00:36,Jakarta Timur,52,91,21,0.46,39,30.3,82.0,0.3,179,0
2026-05-20 07:30:36,Jakarta Timur,50,71,10,0.1,40,29.6,74.0,0.0,218,0
2026-05-20 07:00:36,Jakarta Pusat,45,80,23,1.07,41,35.0,51.6,3.4,250,0
2026-05-20 06:30:36,Jakarta Timur,39,66,21,1.08,26,28.6,81.0,2.9,23,0
2026-05-20 06:00:36,Jakarta Barat,42,50,14,0.95,34,28.2,77.2,2.3,335,0
2026-05-20 05:30:36,Jakarta Pusat,28,49,17,1.24,53,29.3,78.0,2.0,231,0
2026-05-20 05:00:36,Jakarta Pusat,48,68,21,0.27,47,27.6,74.4,3.1,141,0
2026-05-20 04:30:36,Jakarta Pusat,32,42,19,0.74,73,30.7,69.0,0.4,241,0
2026-05-20 04:00:36,Jakarta Selatan,44,70,8,0.55,44,29.6,86.1,0.0,144,0
2026-05-20 03:30:36,Jakarta Utara,44,71,19,0.99,48,32.2,74.0,0.6,249,0
2026-05-20 03:00:36,Jakarta Barat,31,52,25,0.71,54,29.3,58.5,5.7,53,0
2026-05-20 02:30:36,Jakarta Pusat,47,82,25,1.13,37,35.9,78.0,2.4,55,0
2026-05-20 02:00:36,Jakarta Timur,20,28,13,0.5,33,27.4,71.7,0.1,200,0
2026-05-20 01:30:36,Jakarta Pusat,42,72,23,1.11,28,32.1,65.0,6.8,203,0
2026-05-20 01:00:36,Jakarta Barat,40,62,8,0.13,37,28.8,92.1,0.2,287,0
2026-05-20 00:30:36,Jakarta Barat,39,52,16,0.91,54,38.3,72.0,0.5,321,0
2026-05-20 00:00:36,Jakarta Selatan,63,107,25,0.58,48,32.6,69.6,2.5,323,0
2026-05-19 23:30:36,Jakarta Utara,24,34,17,0.87,20,29.0,83.0,1.2,242,0
2026-05-19 23:00:36,Jakarta Timur,48,69,12,0.34,59,25.8,74.9,2.0,146,0
2026-05-19 22:30:36,Jakarta Utara,162,203,20,4.62,30,34.2,62.0,0.7,201,1
2026-05-19 22:00:36,Jakarta Selatan,48,73,13,0.77,40,29.5,69.5,1.6,219,0
2026-05-19 21:30:36,Jakarta Timur,36,64,14,0.9,29,25.7,73.0,0.6,54,0
2026-05-19 21:00:36,Jakarta Selatan,49,67,32,1.19,39,32.6,83.5,2.8,231,0
2026-05-19 20:30:36,Jakarta Selatan,21,36,18,0.48,49,32.4,81.0,0.6,109,0
2026-05-19 20:00:36,Jakarta Timur,0,0,0,0.0,0,32.7,84.0,0.2,322,1
2026-05-19 19:30:36,Jakarta Timur,5,10,19,0.73,44,31.0,73.0,1.3,228,0
2026-05-19 19:00:36,Jakarta Pusat,20,33,31,0.64,36,26.9,72.9,0.9,205,0
2026-05-19 18:30:36,Jakarta Utara,37,52,29,0.75,55,33.4,87.0,2.0,202,0
2026-05-19 18:00:36,Jakarta Barat,17,28,18,1.07,38,22.8,62.4,1.9,98,0
2026-05-19 17:30:36,Jakarta Timur,36,55,18,0.69,62,26.4,51.0,9.5,244,0
2026-05-19 17:00:36,Jakarta Pusat,54,73,25,0.5,43,28.9,61.6,1.9,207,0
2026-05-19 16:30:36,Jakarta Timur,25,34,6,0.7,31,27.2,84.0,1.3,353,0
2026-05-19 16:00:36,Jakarta Selatan,42,67,14,0.91,39,30.6,88.2,0.1,222,0
2026-05-19 15:30:36,Jakarta Timur,42,54,6,0.7,47,26.8,65.0,5.0,1,0
2026-05-19 15:00:36,Jakarta Timur,51,63,36,0.86,22,29.1,70.7,5.9,63,0
2026-05-19 14:30:36,Jakarta Timur,46,58,16,0.92,43,29.2,75.0,1.7,251,0
2026-05-19 14:00:36,Jakarta Barat,31,54,24,1.16,57,31.3,88.2,1.8,12,0
2026-05-19 13:30:36,Jakarta Pusat,33,47,19,0.62,33,33.4,76.0,0.8,271,0
2026-05-19 13:00:36,Jakarta Utara,8,11,2,0.7,44,23.2,76.0,0.7,270,0
2026-05-19 12:30:36,Jakarta Barat,34,53,11,0.79,46,30.6,73.0,1.4,79,0
2026-05-19 12:00:36,Jakarta Selatan,25,38,10,0.79,29,26.3,83.6,0.3,5,0
2026-05-19 11:30:36,Jakarta Barat,45,63,19,0.66,39,27.5,74.0,3.7,17,0
2026-05-19 11:00:36,Jakarta Barat,20,27,32,0.32,30,30.9,68.5,0.7,141,0
2026-05-19 10:30:36,Jakarta Utara,27,46,7,0.17,42,25.8,73.0,4.2,56,0
2026-05-19 10:00:36,Jakarta Timur,22,27,18,0.66,36,27.1,73.4,0.4,295,0
2026-05-19 09:30:36,Jakarta Pusat,33,46,15,1.09,50,32.8,85.0,1.2,328,0
2026-05-19 09:00:36,Jakarta Selatan,30,41,12,0.31,41,27.2,64.5,2.1,92,0
2026-05-19 08:30:36,Jakarta Timur,147,192,3,3.77,32,29.3,53.0,3.5,24,1
2026-05-19 08:00:36,Jakarta Utara,8,11,11,0.8,43,30.7,57.2,2.0,177,0
2026-05-19 07:30:36,Jakarta Selatan,27,37,22,0.7,39,25.4,81.0,2.1,27,0
2026-05-19 07:00:36,Jakarta Utara,40,67,17,0.18,33,27.5,57.3,2.9,127,0
2026-05-19 06:30:36,Jakarta Pusat,28,43,2,1.03,39,22.0,73.0,0.4,58,0
2026-05-19 06:00:36,Jakarta Utara,21,28,12,0.54,38,32.1,78.2,0.1,25,0
2026-05-19 05:30:36,Jakarta Pusat,142,180,15,3.62,53,25.9,82.0,0.7,344,1
2026-05-19 05:00:36,Jakarta Barat,68,93,3,0.83,46,34.4,89.7,0.1,104,0
2026-05-19 04:30:36,Jakarta Utara,22,37,9,0.15,39,29.8,71.0,0.1,133,0
2026-05-19 04:00:36,Jakarta Utara,18,23,8,0.43,63,27.3,68.2,0.4,8,0
2026-05-19 03:30:36,Jakarta Barat,60,103,11,1.31,44,26.5,89.0,2.0,175,0
2026-05-19 03:00:36,Jakarta Barat,39,54,34,0.75,64,28.9,78.9,0.4,236,0
2026-05-19 02:30:36,Jakarta Barat,81,133,27,0.87,26,30.2,80.0,6.9,2,0
2026-05-19 02:00:36,Jakarta Utara,36,60,16,1.25,43,28.6,73.8,1.0,140,0
2026-05-19 01:30:36,Jakarta Pusat,41,72,16,0.86,38,33.9,87.0,2.6,58,0
2026-05-19 01:00:36,Jakarta Pusat,5,10,13,0.22,52,25.3,65.8,0.1,54,0
2026-05-19 00:30:36,Jakarta Utara,56,79,26,0.82,42,30.5,91.0,2.5,272,0
2026-05-19 00:00:36,Jakarta Utara,39,61,19,0.43,36,29.8,79.9,2.0,226,0
2026-05-18 23:30:36,Jakarta Utara,53,75,17,0.53,39,29.0,83.0,2.0,231,0
2026-05-18 23:00:36,Jakarta Barat,19,30,25,0.32,39,31.6,76.3,4.3,312,0
2026-05-18 22:30:36,Jakarta Timur,35,58,2,0.34,39,31.2,85.0,0.1,195,0
2026-05-18 22:00:36,Jakarta Selatan,44,59,24,0.75,16,29.4,80.1,0.9,84,0
2026-05-18 21:30:36,Jakarta Selatan,26,46,28,0.52,46,35.3,78.0,0.6,57,0
2026-05-18 21:00:36,Jakarta Utara,25,41,18,0.45,59,25.9,72.9,5.6,347,0
2026-05-18 20:30:36,Jakarta Pusat,42,51,12,1.26,40,28.9,71.0,6.5,254,0
2026-05-18 20:00:36,Jakarta Selatan,51,91,32,1.47,37,34.8,90.1,1.2,151,0
2026-05-18 19:30:36,Jakarta Barat,47,84,20,0.5,36,27.4,68.0,4.3,209,0
2026-05-18 19:00:36,Jakarta Utara,150,198,10,4.3100000000000005,66,24.8,71.0,0.4,246,1
2026-05-18 18:30:36,Jakarta Timur,56,93,25,0.76,51,35.5,78.0,0.1,227,0
2026-05-18 18:00:36,Jakarta Pusat,38,57,24,0.9,49,33.3,97.6,0.7,320,0
2026-05-18 17:30:36,Jakarta Pusat,9,14,21,0.3,46,30.6,55.0,0.1,340,0
2026-05-18 17:00:36,Jakarta Utara,76,105,26,0.58,64,33.4,81.5,10.0,134,0
2026-05-18 16:30:36,Jakarta Pusat,31,51,24,0.88,50,28.6,92.0,3.9,332,0
2026-05-18 16:00:36,Jakarta Utara,54,67,11,1.07,44,28.5,85.4,2.1,335,0
2026-05-18 15:30:36,Jakarta Selatan,60,76,29,1.03,55,33.0,86.0,2.2,227,0
2026-05-18 15:00:36,Jakarta Selatan,56,81,13,0.18,62,27.5,63.3,0.7,327,0
2026-05-18 14:30:36,Jakarta Selatan,54,92,14,0.55,54,29.2,79.0,0.3,245,0
2026-05-18 14:00:36,Jakarta Barat,26,46,10,1.09,37,29.3,74.1,1.7,4,0
2026-05-18 13:30:36,Jakarta Barat,182,237,27,3.82,56,34.0,82.0,6.6,232,1
2026-05-18 13:00:36,Jakarta Selatan,69,103,12,0.73,58,34.9,72.8,0.5,4,0
2026-05-18 12:30:36,Jakarta Selatan,40,70,6,0.84,38,25.3,69.0,0.3,285,0
2026-05-18 12:00:36,Jakarta Timur,28,36,17,0.74,30,30.4,68.8,3.5,148,0
2026-05-18 11:30:36,Jakarta Barat,55,84,16,0.43,28,27.0,73.0,1.5,48,0
2026-05-18 11:00:36,Jakarta Utara,5,10,6,1.07,50,32.8,59.7,0.5,148,0
2026-05-18 10:30:36,Jakarta Selatan,49,63,6,0.51,33,32.2,71.0,1.9,131,0
2026-05-18 10:00:36,Jakarta Barat,39,62,32,0.62,32,23.9,88.2,8.5,220,0
2026-05-18 09:30:36,Jakarta Selatan,13,21,23,0.54,52,26.6,84.0,2.3,159,0
2026-05-18 09:00:36,Jakarta Timur,46,68,20,0.78,54,30.3,77.0,6.5,79,0
2026-05-18 08:30:36,Jakarta Selatan,49,73,2,0.39,48,26.3,73.0,1.1,295,0
2026-05-18 08:00:36,Jakarta Selatan,35,56,21,0.37,42,27.6,83.1,2.8,15,0
2026-05-18 07:30:36,Jakarta Selatan,51,76,19,0.67,51,27.7,73.0,3.7,60,0
2026-05-18 07:00:36,Jakarta Selatan,27,37,13,0.1,31,24.1,63.6,2.6,347,0
2026-05-18 06:30:36,Jakarta Barat,40,67,3,0.61,46,34.0,87.0,0.5,177,0
2026-05-18 06:00:36,Jakarta Selatan,16,23,20,1.39,36,30.4,82.6,0.2,199,0
2026-05-18 05:30:36,Jakarta Pusat,30,48,35,1.0,61,31.6,80.0,2.0,199,0
2026-05-18 05:00:36,Jakarta Utara,63,76,23,1.28,43,35.2,65.2,2.5,137,0
2026-05-18 04:30:36,Jakarta Selatan,18,32,13,0.65,50,30.8,75.0,0.1,176,0
2026-05-18 04:00:36,Jakarta Pusat,15,24,15,0.54,38,30.0,73.6,0.5,312,0
2026-05-18 03:30:36,Jakarta Timur,45,71,33,0.61,59,32.1,80.0,0.1,181,0
2026-05-18 03:00:36,Jakarta Selatan,50,78,37,0.49,58,33.4,72.9,2.5,230,0
2026-05-18 02:30:36,Jakarta Timur,27,46,4,0.1,32,25.9,71.0,2.5,76,0
2026-05-18 02:00:36,Jakarta Timur,45,65,17,0.61,53,24.4,83.2,0.5,116,0
2026-05-18 01:30:36,Jakarta Pusat,33,40,9,0.75,53,32.7,79.0,0.9,162,0
2026-05-18 01:00:36,Jakarta Pusat,52,77,14,0.89,44,29.3,68.9,4.3,233,0
2026-05-18 00:30:36,Jakarta Selatan,43,67,41,0.44,48,28.4,68.0,5.6,338,0
2026-05-18 00:00:36,Jakarta Timur,37,58,16,0.9,50,28.2,79.3,5.1,231,0
2026-05-17 23:30:36,Jakarta Timur,45,64,20,0.88,53,31.9,89.0,1.4,222,0
2026-05-17 23:00:36,Jakarta Utara,21,33,27,0.37,47,29.4,67.4,1.8,302,0
2026-05-17 22:30:36,Jakarta Timur,41,70,23,1.33,52,32.0,86.0,2.9,173,0
2026-05-17 22:00:36,Jakarta Selatan,55,76,29,0.79,54,30.2,100.0,0.5,262,0
2026-05-17 21:30:36,Jakarta Timur,43,70,18,1.32,56,28.4,57.0,0.9,134,0
2026-05-17 21:00:36,Jakarta Barat,12,20,18,0.39,53,28.7,55.5,0.7,66,0
2026-05-17 20:30:36,Jakarta Timur,50,75,29,0.89,32,35.9,72.0,2.5,153,0
2026-05-17 20:00:36,Jakarta Utara,54,82,23,1.16,27,25.2,76.7,3.6,203,0
2026-05-17 19:30:36,Jakarta Selatan,30,41,8,0.38,48,29.7,79.0,1.1,253,0
2026-05-17 19:00:36,Jakarta Pusat,141,177,27,4.15,42,30.3,80.4,0.1,348,1
2026-05-17 18:30:36,Jakarta Utara,55,77,18,0.78,28,27.9,76.0,2.6,175,0
2026-05-17 18:00:36,Jakarta Selatan,41,69,13,0.8,28,31.8,77.8,1.2,210,0
2026-05-17 17:30:36,Jakarta Utara,35,54,9,0.71,38,27.5,75.0,2.2,11,0
2026-05-17 17:00:36,Jakarta Selatan,45,54,8,0.43,43,31.4,61.5,0.2,72,0
2026-05-17 16:30:36,Jakarta Pusat,36,64,17,0.55,56,32.5,72.0,0.0,251,0
2026-05-17 16:00:36,Jakarta Barat,16,21,21,0.97,58,28.5,58.6,1.2,228,0
2026-05-17 15:30:36,Jakarta Timur,73,128,13,1.3,51,32.1,76.0,4.2,56,0
2026-05-17 15:00:36,Jakarta Selatan,44,53,36,0.88,55,30.2,79.4,0.7,82,0
2026-05-17 14:30:36,Jakarta Utara,47,66,11,0.68,43,31.7,73.0,5.0,102,0
2026-05-17 14:00:36,Jakarta Barat,56,82,18,1.0,43,30.4,78.6,7.1,71,0
2026-05-17 13:30:36,Jakarta Timur,38,63,18,0.31,57,31.5,68.0,3.2,153,0
2026-05-17 13:00:36,Jakarta Utara,5,10,14,0.72,41,25.6,61.1,0.5,161,0
2026-05-17 12:30:36,Jakarta Pusat,16,21,16,1.11,52,31.1,74.0,0.2,231,0
2026-05-17 12:00:36,Jakarta Barat,171,240,30,5.17,52,27.9,64.6,3.0,80,1
2026-05-17 11:30:36,Jakarta Barat,15,19,9,0.92,47,23.5,74.0,1.0,310,0
2026-05-17 11:00:36,Jakarta Barat,11,16,8,1.07,56,29.8,67.3,2.0,33,0
2026-05-17 10:30:36,Jakarta Timur,39,55,27,0.83,50,32.1,78.0,1.5,321,0
2026-05-17 10:00:36,Jakarta Timur,64,91,26,1.27,57,36.9,77.1,2.8,130,0
2026-05-17 09:30:36,Jakarta Pusat,50,73,4,1.11,41,32.5,71.0,4.1,238,0
2026-05-17 09:00:36,Jakarta Utara,43,71,21,1.15,35,35.3,78.5,5.3,230,0
2026-05-17 08:30:36,Jakarta Pusat,38,47,14,0.96,44,30.2,84.0,0.4,206,0
2026-05-17 08:00:36,Jakarta Barat,51,77,31,0.71,57,32.1,63.9,5.6,11,0
2026-05-17 07:30:36,Jakarta Pusat,48,66,30,0.6,44,31.1,79.0,3.2,126,0
2026-05-17 07:00:36,Jakarta Utara,52,92,7,0.92,38,30.4,83.8,3.8,285,0
2026-05-17 06:30:36,Jakarta Pusat,80,102,20,0.52,36,34.2,76.0,1.6,232,0
2026-05-17 06:00:36,Jakarta Timur,39,63,2,0.43,38,29.2,68.0,0.0,177,0
2026-05-17 05:30:36,Jakarta Timur,40,64,12,0.34,30,31.0,70.0,0.6,357,0
2026-05-17 05:00:36,Jakarta Barat,32,51,20,0.86,56,31.7,61.8,0.7,355,0
2026-05-17 04:30:36,Jakarta Timur,31,37,11,0.29,52,29.6,65.0,6.7,52,0
2026-05-17 04:00:36,Jakarta Timur,49,77,4,1.02,48,32.9,70.1,2.4,250,0
2026-05-17 03:30:36,Jakarta Utara,5,10,28,0.22,25,30.8,63.0,1.1,278,0
2026-05-17 03:00:36,Jakarta Utara,29,42,16,0.34,33,24.7,68.0,3.6,299,0
2026-05-17 02:30:36,Jakarta Pusat,18,25,16,0.74,32,28.4,70.0,3.2,126,0
2026-05-17 02:00:36,Jakarta Utara,50,75,13,1.35,44,35.0,80.0,1.4,137,0
2026-05-17 01:30:36,Jakarta Barat,22,29,22,0.34,33,27.1,72.0,0.0,270,0
2026-05-17 01:00:36,Jakarta Utara,40,57,16,0.74,49,30.7,62.6,0.2,341,0
2026-05-17 00:30:36,Jakarta Pusat,45,62,13,0.8,27,32.1,87.0,0.6,145,0
2026-05-17 00:00:36,Jakarta Timur,44,61,22,1.45,45,29.8,94.2,5.4,83,0
2026-05-16 23:30:36,Jakarta Pusat,57,74,18,0.93,24,32.5,83.0,1.2,270,0
2026-05-16 23:00:36,Jakarta Timur,26,46,15,1.08,55,30.9,86.4,1.2,28,0
2026-05-16 22:30:36,Jakarta Pusat,21,34,23,0.13,69,33.9,70.0,1.0,180,0
2026-05-16 22:00:36,Jakarta Utara,24,35,7,1.14,36,25.8,73.4,2.0,95,0
2026-05-16 21:30:36,Jakarta Barat,84,137,33,1.44,45,31.9,59.0,2.3,279,0
2026-05-16 21:00:36,Jakarta Timur,42,62,21,0.71,17,27.3,77.9,3.7,311,0
2026-05-16 20:30:36,Jakarta Barat,39,52,19,1.19,35,27.6,69.0,0.0,263,0
2026-05-16 20:00:36,Jakarta Pusat,17,25,36,1.17,43,29.2,100.0,2.6,65,0
2026-05-16 19:30:36,Jakarta Timur,58,103,16,0.5,53,32.8,95.0,0.6,330,0
2026-05-16 19:00:36,Jakarta Pusat,39,50,14,0.46,49,31.3,85.4,1.0,42,0
2026-05-16 18:30:36,Jakarta Timur,61,105,25,0.74,60,28.6,98.0,3.8,84,0
2026-05-16 18:00:36,Jakarta Utara,27,43,18,0.59,81,27.1,73.4,0.6,214,0
2026-05-16 17:30:36,Jakarta Timur,21,32,7,0.69,32,29.3,85.0,2.4,190,0
2026-05-16 17:00:36,Jakarta Barat,40,55,21,0.36,47,33.9,61.6,0.4,23,0
2026-05-16 16:30:36,Jakarta Barat,36,56,24,1.31,44,31.1,73.0,13.7,215,0
2026-05-16 16:00:36,Jakarta Utara,5,10,24,0.1,52,23.1,49.8,1.0,281,0
2026-05-16 15:30:36,Jakarta Utara,53,75,14,0.8,47,30.1,97.0,1.1,50,0
2026-05-16 15:00:36,Jakarta Barat,38,52,16,0.27,55,29.1,68.5,5.4,187,0
2026-05-16 14:30:36,Jakarta Timur,32,48,3,0.77,24,31.0,81.0,0.4,312,0
2026-05-16 14:00:36,Jakarta Utara,63,82,27,1.4,66,31.0,97.6,4.3,316,0
2026-05-16 13:30:36,Jakarta Selatan,35,56,10,0.91,46,30.9,72.0,0.4,144,0
2026-05-16 13:00:36,Jakarta Selatan,25,40,21,0.9,55,29.4,75.9,1.0,250,0
2026-05-16 12:30:36,Jakarta Pusat,34,55,18,0.69,63,30.9,53.0,3.8,202,0
2026-05-16 12:00:36,Jakarta Barat,37,61,18,1.28,77,34.4,64.2,1.9,137,0
2026-05-16 11:30:36,Jakarta Utara,48,80,20,0.74,45,27.4,76.0,3.3,216,0
2026-05-16 11:00:36,Jakarta Timur,29,38,18,0.69,46,29.7,67.0,0.3,262,0
2026-05-16 10:30:36,Jakarta Barat,16,26,24,0.55,40,32.5,62.0,2.0,130,0
2026-05-16 10:00:36,Jakarta Selatan,39,63,21,0.9,39,29.8,72.3,4.2,293,0
2026-05-16 09:30:36,Jakarta Pusat,30,49,12,1.1,34,29.9,67.0,1.4,159,0
2026-05-16 09:00:36,Jakarta Timur,9,14,10,1.5,55,30.3,71.0,7.4,356,0
2026-05-16 08:30:36,Jakarta Barat,14,18,12,0.94,39,20.4,72.0,2.6,164,0
2026-05-16 08:00:36,Jakarta Timur,20,32,22,0.52,37,28.6,68.3,1.1,51,0
2026-05-16 07:30:36,Jakarta Pusat,26,39,21,1.19,76,21.1,70.0,9.1,356,0
2026-05-16 07:00:36,Jakarta Pusat,69,118,7,0.82,29,34.1,76.9,2.6,315,0
2026-05-16 06:30:36,Jakarta Pusat,49,81,25,0.48,33,32.2,85.0,0.3,212,0
2026-05-16 06:00:36,Jakarta Selatan,21,30,18,0.7,50,30.4,78.9,1.6,54,0
2026-05-16 05:30:36,Jakarta Barat,32,44,9,0.47,36,31.3,68.0,5.0,193,0
2026-05-16 05:00:36,Jakarta Selatan,39,66,2,0.39,51,31.0,70.9,1.4,47,0
2026-05-16 04:30:36,Jakarta Barat,59,86,10,0.3,30,26.4,79.0,1.6,236,0
2026-05-16 04:00:36,Jakarta Selatan,15,22,23,0.33,30,27.2,81.1,0.1,325,0
2026-05-16 03:30:36,Jakarta Timur,62,87,24,0.45,50,32.2,90.0,0.3,58,0
2026-05-16 03:00:36,Jakarta Selatan,40,52,27,1.23,34,28.4,89.0,4.2,255,0
2026-05-16 02:30:36,Jakarta Pusat,43,64,16,0.75,51,33.8,77.0,3.2,307,0
2026-05-16 02:00:36,Jakarta Timur,15,24,16,0.43,33,29.9,70.8,2.4,114,0
2026-05-16 01:30:36,Jakarta Pusat,71,121,13,0.92,38,29.7,73.0,2.3,44,0
2026-05-16 01:00:36,Jakarta Selatan,0,0,0,0.0,0,27.1,73.2,3.1,78,1
2026-05-16 00:30:36,Jakarta Timur,45,63,7,1.14,42,34.2,72.0,3.1,309,0
2026-05-16 00:00:36,Jakarta Selatan,40,59,25,1.23,51,34.1,73.6,6.4,85,0
2026-05-15 23:30:36,Jakarta Selatan,42,56,29,0.67,23,29.3,70.0,1.8,146,0
2026-05-15 23:00:36,Jakarta Pusat,49,66,14,1.02,46,31.9,72.5,3.7,116,0
2026-05-15 22:30:36,Jakarta Barat,53,64,17,1.0,44,30.1,86.0,1.2,20,0
2026-05-15 22:00:36,Jakarta Utara,49,61,19,0.58,28,26.6,98.9,0.5,6,0
2026-05-15 21:30:36,Jakarta Selatan,27,40,18,0.77,40,27.8,84.0,1.0,111,0
2026-05-15 21:00:36,Jakarta Utara,51,72,27,1.18,68,31.9,86.4,1.6,347,0
2026-05-15 20:30:36,Jakarta Pusat,154,209,30,4.24,38,33.7,79.0,2.6,205,1
2026-05-15 20:00:36,Jakarta Selatan,16,23,21,0.4,44,24.1,65.8,1.9,286,0
2026-05-15 19:30:36,Jakarta Barat,36,46,11,0.32,42,26.4,73.0,2.9,270,0
2026-05-15 19:00:36,Jakarta Timur,52,85,8,0.78,46,28.2,72.3,1.3,215,0
2026-05-15 18:30:36,Jakarta Barat,75,129,19,0.58,31,32.8,81.0,2.6,144,0
2026-05-15 18:00:36,Jakarta Utara,20,27,14,0.8,41,29.6,49.8,2.5,181,0
2026-05-15 17:30:36,Jakarta Utara,78,122,28,0.5,54,27.5,66.0,9.6,242,0
2026-05-15 17:00:36,Jakarta Timur,67,98,23,1.14,53,35.6,71.8,3.3,238,0
2026-05-15 16:30:36,Jakarta Selatan,45,72,7,0.64,37,27.8,100.0,0.3,302,0
2026-05-15 16:00:36,Jakarta Utara,44,62,27,0.79,39,27.7,81.5,2.8,233,0
2026-05-15 15:30:36,Jakarta Selatan,34,56,23,1.1,40,32.2,75.0,0.4,151,0
2026-05-15 15:00:36,Jakarta Selatan,15,18,17,1.11,28,32.0,54.4,1.9,12,0
2026-05-15 14:30:36,Jakarta Pusat,29,39,10,0.6,32,26.5,72.0,1.8,30,0
2026-05-15 14:00:36,Jakarta Pusat,36,54,20,0.86,30,30.4,67.3,2.6,0,0
2026-05-15 13:30:36,Jakarta Utara,38,65,6,0.45,45,21.6,73.0,1.3,181,0
2026-05-15 13:00:36,Jakarta Utara,0,0,0,0.0,0,27.7,71.7,4.5,178,1
2026-05-15 12:30:36,Jakarta Barat,0,0,0,0.0,0,29.2,81.0,0.5,333,1
2026-05-15 12:00:36,Jakarta Utara,44,54,26,1.49,37,31.0,76.0,8.5,136,0
2026-05-15 11:30:36,Jakarta Selatan,48,60,14,0.53,40,29.3,79.0,1.2,237,0
2026-05-15 11:00:36,Jakarta Timur,39,69,10,1.34,36,24.6,94.2,0.3,167,0
2026-05-15 10:30:36,Jakarta Timur,53,81,20,1.02,64,28.3,94.0,5.5,224,0
2026-05-15 10:00:36,Jakarta Pusat,44,68,20,0.69,45,36.2,77.4,4.0,81,0
2026-05-15 09:30:36,Jakarta Timur,43,66,17,0.63,61,35.2,74.0,3.7,282,0
2026-05-15 09:00:36,Jakarta Barat,5,10,23,0.52,37,27.4,69.8,0.4,113,0
2026-05-15 08:30:36,Jakarta Timur,22,35,21,0.63,57,28.5,73.0,0.6,160,0
2026-05-15 08:00:36,Jakarta Timur,23,38,18,0.63,69,27.6,58.4,0.9,28,0
2026-05-15 07:30:36,Jakarta Utara,49,63,26,0.57,43,29.2,64.0,2.5,281,0
2026-05-15 07:00:36,Jakarta Utara,144,190,8,3.69,49,30.1,63.7,0.1,74,1
2026-05-15 06:30:36,Jakarta Barat,34,41,11,0.91,69,28.9,66.0,1.8,325,0
2026-05-15 06:00:36,Jakarta Selatan,63,93,17,0.45,28,30.4,73.7,1.4,235,0
2026-05-15 05:30:36,Jakarta Barat,56,78,23,0.55,57,29.4,66.0,3.6,142,0
2026-05-15 05:00:36,Jakarta Barat,42,63,19,0.32,20,27.6,66.5,0.9,215,0
2026-05-15 04:30:36,Jakarta Timur,25,42,35,0.71,62,27.9,82.0,1.2,195,0
2026-05-15 04:00:36,Jakarta Barat,24,36,21,0.5,40,27.3,65.8,5.5,278,0
2026-05-15 03:30:36,Jakarta Barat,42,66,13,0.74,32,30.9,70.0,3.1,55,0
2026-05-15 03:00:36,Jakarta Selatan,169,219,25,4.38,64,31.0,86.9,2.7,233,1
2026-05-15 02:30:36,Jakarta Timur,27,43,9,0.17,58,31.6,73.0,1.9,250,0
2026-05-15 02:00:36,Jakarta Pusat,23,36,23,0.8,43,28.2,76.2,0.1,317,0
2026-05-15 01:30:36,Jakarta Selatan,33,54,14,1.01,65,34.6,72.0,0.0,10,0
2026-05-15 01:00:36,Jakarta Selatan,135,176,12,4.38,54,28.5,61.6,2.3,134,1
2026-05-15 00:30:36,Jakarta Pusat,61,78,13,0.65,20,27.1,97.0,3.8,153,0
2026-05-15 00:00:36,Jakarta Barat,54,95,24,1.25,34,33.9,79.4,3.5,28,0
2026-05-14 23:30:36,Jakarta Selatan,17,24,17,0.7,24,27.0,78.0,1.2,291,0
2026-05-14 23:00:36,Jakarta Pusat,53,81,7,0.88,52,32.6,73.6,2.1,203,0
2026-05-14 22:30:36,Jakarta Utara,16,21,23,0.47,44,28.2,84.0,0.3,40,0
2026-05-14 22:00:36,Jakarta Selatan,63,96,24,0.53,44,26.9,89.8,3.3,145,0
2026-05-14 21:30:36,Jakarta Barat,29,41,18,1.01,52,34.3,75.0,1.7,289,0
2026-05-14 21:00:36,Jakarta Timur,51,81,10,0.26,38,29.7,77.3,5.8,82,0
2026-05-14 20:30:36,Jakarta Selatan,185,238,21,4.29,49,27.1,64.0,5.8,84,1
2026-05-14 20:00:36,Jakarta Utara,29,46,7,0.37,43,20.2,96.1,1.1,357,0
2026-05-14 19:30:36,Jakarta Pusat,0,0,0,0.0,0,31.3,79.0,1.1,144,1
2026-05-14 19:00:36,Jakarta Barat,70,96,26,0.77,50,37.9,75.6,2.5,257,0
2026-05-14 18:30:36,Jakarta Selatan,22,30,25,0.51,41,25.4,62.0,0.2,167,0
2026-05-14 18:00:36,Jakarta Selatan,6,10,23,0.51,47,27.2,62.7,2.0,36,0
2026-05-14 17:30:36,Jakarta Selatan,48,78,8,0.31,52,34.7,79.0,2.8,99,0
2026-05-14 17:00:36,Jakarta Timur,51,70,22,1.07,57,31.7,74.8,3.3,39,0
2026-05-14 16:30:36,Jakarta Barat,39,48,20,1.24,38,32.5,83.0,1.8,236,0
2026-05-14 16:00:36,Jakarta Utara,7,12,7,0.81,52,30.1,58.5,0.4,248,0
2026-05-14 15:30:36,Jakarta Selatan,32,39,25,0.69,40,29.8,71.0,0.4,195,0
2026-05-14 15:00:36,Jakarta Utara,62,93,31,1.34,52,29.7,77.6,11.9,163,0
2026-05-14 14:30:36,Jakarta Timur,19,28,18,0.87,19,27.7,77.0,0.3,39,0
2026-05-14 14:00:36,Jakarta Selatan,56,82,13,1.06,51,31.9,70.5,3.6,122,0
2026-05-14 13:30:36,Jakarta Timur,49,79,14,0.72,37,25.3,64.0,4.2,348,0
2026-05-14 13:00:36,Jakarta Barat,39,60,21,0.51,48,26.0,62.8,3.6,159,0
2026-05-14 12:30:36,Jakarta Barat,49,73,19,0.71,56,30.1,60.0,4.7,310,0
2026-05-14 12:00:36,Jakarta Barat,7,11,10,0.61,37,30.2,50.6,1.0,238,0
2026-05-14 11:30:36,Jakarta Selatan,66,80,24,0.44,36,34.7,76.0,0.3,326,0
2026-05-14 11:00:36,Jakarta Barat,58,95,21,0.2,50,25.5,86.6,3.0,303,0
2026-05-14 10:30:36,Jakarta Timur,59,93,24,0.86,48,31.9,81.0,4.3,170,0
2026-05-14 10:00:36,Jakarta Timur,20,27,9,0.5,47,30.3,66.2,0.2,169,0
2026-05-14 09:30:36,Jakarta Utara,48,74,16,0.3,26,34.2,83.0,1.2,76,0
2026-05-14 09:00:36,Jakarta Barat,66,106,21,1.32,54,29.0,72.7,7.7,100,0
2026-05-14 08:30:36,Jakarta Utara,46,80,28,0.76,40,32.4,78.0,1.9,99,0
2026-05-14 08:00:36,Jakarta Timur,64,103,25,0.94,34,35.9,83.5,5.1,279,0
2026-05-14 07:30:36,Jakarta Timur,19,29,25,0.59,45,28.5,75.0,1.3,347,0
2026-05-14 07:00:36,Jakarta Utara,43,68,8,0.39,53,31.7,68.4,1.7,111,0
2026-05-14 06:30:36,Jakarta Barat,46,57,20,0.7,23,32.9,70.0,3.2,126,0
2026-05-14 06:00:36,Jakarta Pusat,39,55,10,1.0,46,33.1,62.6,2.6,208,0
2026-05-14 05:30:36,Jakarta Pusat,21,34,20,0.84,68,31.8,70.0,0.7,155,0
2026-05-14 05:00:36,Jakarta Utara,81,99,26,0.91,29,29.9,88.7,13.1,164,0
2026-05-14 04:30:36,Jakarta Utara,63,83,17,0.94,56,30.2,72.0,1.3,331,0
2026-05-14 04:00:36,Jakarta Selatan,47,60,25,0.55,25,29.7,65.0,0.0,182,0
2026-05-14 03:30:36,Jakarta Barat,41,70,30,0.54,47,26.7,84.0,5.8,154,0
2026-05-14 03:00:36,Jakarta Barat,58,82,27,0.86,53,25.7,100.0,1.7,89,0
2026-05-14 02:30:36,Jakarta Utara,20,31,3,0.61,32,30.6,57.0,1.1,115,0
2026-05-14 02:00:36,Jakarta Barat,30,50,7,0.38,40,33.6,75.9,0.2,81,0
2026-05-14 01:30:36,Jakarta Pusat,39,67,18,0.95,31,29.6,76.0,5.0,112,0
2026-05-14 01:00:36,Jakarta Barat,49,61,21,0.79,40,28.6,99.2,0.7,58,0
2026-05-14 00:30:36,Jakarta Pusat,64,98,12,0.46,60,32.3,76.0,1.0,118,0
2026-05-14 00:00:36,Jakarta Selatan,5,10,8,0.62,51,26.6,75.2,0.6,146,0
2026-05-13 23:30:36,Jakarta Barat,41,53,21,0.57,42,30.7,82.0,4.6,323,0
2026-05-13 23:00:36,Jakarta Utara,55,80,20,1.1,59,28.2,77.8,6.0,175,0
2026-05-13 22:30:36,Jakarta Timur,62,75,28,0.76,49,31.7,70.0,6.4,228,0
2026-05-13 22:00:36,Jakarta Barat,15,24,2,0.87,42,27.0,64.1,2.8,343,0
2026-05-13 21:30:36,Jakarta Selatan,54,82,14,1.05,34,29.8,79.0,0.7,63,0
2026-05-13 21:00:36,Jakarta Barat,47,82,28,0.87,46,33.6,77.0,0.4,11,0
2026-05-13 20:30:36,Jakarta Timur,17,20,24,0.93,65,26.0,90.0,2.5,109,0
2026-05-13 20:00:36,Jakarta Pusat,27,43,28,1.39,49,32.2,74.9,2.0,217,0
2026-05-13 19:30:36,Jakarta Timur,183,230,2,4.34,52,29.0,72.0,0.7,231,1
2026-05-13 19:00:36,Jakarta Pusat,38,61,33,0.2,38,32.0,84.7,0.8,262,0
2026-05-13 18:30:36,Jakarta Timur,93,143,36,1.36,33,31.4,72.0,16.6,330,0
2026-05-13 18:00:36,Jakarta Timur,32,56,18,1.54,29,32.3,80.3,2.6,203,0
2026-05-13 17:30:36,Jakarta Barat,71,86,24,1.2,62,34.5,71.0,7.7,354,0
2026-05-13 17:00:36,Jakarta Timur,5,10,5,0.9,37,23.8,79.2,1.0,323,0
2026-05-13 16:30:36,Jakarta Selatan,19,24,26,0.88,22,30.0,62.0,1.7,62,0
2026-05-13 16:00:36,Jakarta Selatan,54,77,21,0.59,21,30.6,79.9,0.0,193,0
2026-05-13 15:30:36,Jakarta Pusat,66,99,22,0.68,45,29.4,74.0,2.6,246,0
2026-05-13 15:00:36,Jakarta Selatan,165,216,11,4.42,55,32.3,87.3,3.6,178,1
2026-05-13 14:30:36,Jakarta Selatan,56,88,25,0.91,41,31.4,74.0,2.3,228,0
2026-05-13 14:00:36,Jakarta Barat,28,44,18,0.56,52,29.9,75.8,0.5,179,0
2026-05-13 13:30:36,Jakarta Pusat,49,83,27,0.36,48,31.1,92.0,0.9,57,0
2026-05-13 13:00:36,Jakarta Utara,27,38,21,0.86,36,28.8,75.7,4.4,63,0
2026-05-13 12:30:36,Jakarta Barat,34,59,24,1.33,45,27.6,76.0,0.8,31,0
2026-05-13 12:00:36,Jakarta Pusat,56,76,12,1.02,30,33.5,58.8,7.6,147,0
2026-05-13 11:30:36,Jakarta Barat,44,75,3,0.63,34,31.7,68.0,0.7,104,0
2026-05-13 11:00:36,Jakarta Pusat,38,51,9,0.1,48,31.8,80.4,0.6,54,0
2026-05-13 10:30:36,Jakarta Barat,42,72,26,0.71,58,33.0,66.0,2.2,4,0
2026-05-13 10:00:36,Jakarta Utara,60,92,26,0.54,66,32.5,70.9,5.8,320,0
2026-05-13 09:30:36,Jakarta Barat,48,66,20,0.29,50,38.4,75.0,3.1,279,0
2026-05-13 09:00:36,Jakarta Barat,56,93,24,0.68,59,39.6,66.3,0.4,49,0
2026-05-13 08:30:36,Jakarta Timur,17,27,13,0.6,56,28.1,56.0,1.5,278,0
2026-05-13 08:00:36,Jakarta Utara,8,10,15,1.09,26,27.9,67.6,1.4,334,0
2026-05-13 07:30:36,Jakarta Utara,20,28,12,0.83,54,25.4,79.0,0.2,8,0
2026-05-13 07:00:36,Jakarta Selatan,73,129,11,0.81,44,31.4,82.7,5.5,101,0
2026-05-13 06:30:36,Jakarta Barat,36,48,6,0.54,56,28.9,84.0,0.3,232,0
2026-05-13 06:00:36,Jakarta Barat,19,26,30,0.87,68,35.4,65.6,0.5,156,0
2026-05-13 05:30:36,Jakarta Selatan,6,10,17,0.48,42,27.6,68.0,0.0,227,0
2026-05-13 05:00:36,Jakarta Timur,53,81,18,0.63,54,34.0,67.2,3.4,218,0
2026-05-13 04:30:36,Jakarta Barat,162,203,10,4.92,25,34.0,84.0,0.3,25,1
2026-05-13 04:00:36,Jakarta Utara,41,49,28,0.64,57,31.3,62.6,1.4,318,0
2026-05-13 03:30:36,Jakarta Barat,93,161,15,1.02,63,35.8,68.0,9.6,342,0
2026-05-13 03:00:36,Jakarta Selatan,78,107,20,1.38,62,35.4,74.0,8.7,310,0
2026-05-13 02:30:36,Jakarta Utara,55,76,13,1.18,34,29.5,72.0,5.5,119,0
2026-05-13 02:00:36,Jakarta Timur,80,105,35,1.04,36,29.1,55.1,15.4,155,0
2026-05-13 01:30:36,Jakarta Barat,30,37,19,0.73,44,32.3,72.0,1.2,248,0
2026-05-13 01:00:36,Jakarta Pusat,39,65,9,0.8,23,32.5,74.6,1.4,80,0
2026-05-13 00:30:36,Jakarta Timur,26,45,16,0.1,48,31.7,65.0,2.9,234,0
2026-05-13 00:00:36,Jakarta Utara,28,41,22,0.71,45,29.2,64.8,0.6,87,0
2026-05-12 23:30:36,Jakarta Utara,22,29,30,1.15,39,29.1,88.0,3.0,155,0
2026-05-12 23:00:36,Jakarta Barat,57,98,20,1.24,62,35.0,88.0,1.6,44,0
2026-05-12 22:30:36,Jakarta Pusat,31,46,20,0.9,37,26.9,68.0,0.3,55,0
2026-05-12 22:00:36,Jakarta Selatan,59,79,26,1.23,55,29.7,69.8,3.2,73,0
2026-05-12 21:30:36,Jakarta Utara,66,102,24,0.92,74,31.4,95.0,1.2,65,0
2026-05-12 21:00:36,Jakarta Selatan,5,10,11,0.85,59,30.6,60.6,0.8,177,0
2026-05-12 20:30:36,Jakarta Pusat,25,38,2,0.47,38,28.4,68.0,2.1,106,0
2026-05-12 20:00:36,Jakarta Selatan,52,67,21,0.85,39,32.9,73.8,3.0,323,0
2026-05-12 19:30:36,Jakarta Pusat,28,39,21,0.28,25,30.3,60.0,2.6,113,0
2026-05-12 19:00:36,Jakarta Barat,25,38,20,0.86,47,27.7,57.0,4.4,60,0
2026-05-12 18:30:36,Jakarta Pusat,5,10,29,0.7,53,25.7,83.0,0.0,198,0
2026-05-12 18:00:36,Jakarta Utara,21,33,24,0.52,37,30.3,62.8,2.3,227,0
2026-05-12 17:30:36,Jakarta Pusat,46,71,21,0.41,48,37.6,71.0,0.7,277,0
2026-05-12 17:00:36,Jakarta Utara,23,32,20,0.94,41,25.3,71.1,2.8,45,0
2026-05-12 16:30:36,Jakarta Selatan,46,75,14,0.5,26,31.5,77.0,0.5,191,0
2026-05-12 16:00:36,Jakarta Timur,37,54,4,0.62,50,28.9,53.5,3.8,81,0
2026-05-12 15:30:36,Jakarta Utara,49,86,24,0.92,53,24.7,77.0,4.0,2,0
2026-05-12 15:00:36,Jakarta Barat,19,22,9,0.58,65,25.6,53.0,4.7,223,0
2026-05-12 14:30:36,Jakarta Pusat,0,0,0,0.0,0,32.4,75.0,0.7,297,1
2026-05-12 14:00:36,Jakarta Barat,40,51,36,0.94,52,29.3,73.1,1.8,97,0
2026-05-12 13:30:36,Jakarta Utara,35,56,22,0.64,43,33.5,65.0,5.1,282,0
2026-05-12 13:00:36,Jakarta Utara,5,10,24,0.49,49,21.4,78.9,0.5,62,0
2026-05-12 12:30:36,Jakarta Selatan,44,72,29,0.72,54,31.2,73.0,7.5,96,0
2026-05-12 12:00:36,Jakarta Pusat,30,42,15,0.38,54,30.2,65.4,2.1,101,0
2026-05-12 11:30:36,Jakarta Utara,49,70,21,1.84,50,31.9,75.0,2.3,218,0
2026-05-12 11:00:36,Jakarta Selatan,53,81,13,0.85,49,27.3,84.4,2.4,250,0
2026-05-12 10:30:36,Jakarta Utara,51,71,15,0.91,40,29.1,73.0,1.5,320,0
2026-05-12 10:00:36,Jakarta Timur,0,0,0,0.0,0,24.4,66.1,2.9,290,1
2026-05-12 09:30:36,Jakarta Utara,37,49,10,0.54,43,28.4,64.0,2.7,173,0
2026-05-12 09:00:36,Jakarta Barat,24,33,24,0.46,31,32.2,72.1,3.4,349,0
2026-05-12 08:30:36,Jakarta Timur,38,57,5,0.8,23,30.0,65.0,0.1,53,0
2026-05-12 08:00:36,Jakarta Pusat,55,75,27,0.48,38,31.0,87.8,0.7,322,0
2026-05-12 07:30:36,Jakarta Selatan,64,111,32,0.71,54,33.8,83.0,3.9,358,0
2026-05-12 07:00:36,Jakarta Utara,57,72,34,1.42,52,27.8,71.6,7.5,121,0
2026-05-12 06:30:36,Jakarta Timur,43,58,7,0.82,47,33.1,64.0,0.1,73,0
2026-05-12 06:00:36,Jakarta Utara,40,63,34,0.33,64,28.0,100.0,3.1,268,0
2026-05-12 05:30:36,Jakarta Pusat,58,96,23,1.19,49,31.8,87.0,1.7,216,0
2026-05-12 05:00:36,Jakarta Timur,21,31,28,0.76,37,30.0,87.9,3.0,204,0
2026-05-12 04:30:36,Jakarta Utara,0,0,0,0.0,0,30.2,80.0,2.3,66,1
2026-05-12 04:00:36,Jakarta Barat,37,51,10,0.5,49,28.8,73.2,0.2,90,0
2026-05-12 03:30:36,Jakarta Selatan,9,12,20,1.07,31,26.3,81.0,0.3,321,0
2026-05-12 03:00:36,Jakarta Timur,26,34,2,1.16,50,26.4,91.3,1.9,199,0
2026-05-12 02:30:36,Jakarta Utara,25,43,14,0.94,46,27.1,72.0,5.1,8,0
2026-05-12 02:00:36,Jakarta Utara,47,71,24,0.74,38,28.7,83.0,1.9,51,0
2026-05-12 01:30:36,Jakarta Timur,40,60,25,0.82,54,31.2,80.0,0.7,354,0
2026-05-12 01:00:36,Jakarta Pusat,37,62,11,1.23,37,32.0,86.0,2.3,69,0
2026-05-12 00:30:36,Jakarta Utara,53,69,6,0.5,48,27.2,78.0,0.0,330,0
2026-05-12 00:00:36,Jakarta Barat,31,51,12,0.39,53,32.9,69.9,3.7,101,0
2026-05-11 23:30:36,Jakarta Timur,40,54,25,0.71,58,29.3,80.0,0.6,251,0
2026-05-11 23:00:36,Jakarta Utara,61,86,16,0.33,40,30.2,86.1,6.6,23,0
2026-05-11 22:30:36,Jakarta Barat,29,38,20,0.74,39,27.2,66.0,1.0,303,0
2026-05-11 22:00:36,Jakarta Pusat,57,99,11,0.28,38,31.5,84.1,2.3,132,0
2026-05-11 21:30:36,Jakarta Timur,64,90,25,0.82,26,28.5,83.0,2.7,14,0
2026-05-11 21:00:36,Jakarta Utara,38,62,11,0.36,28,30.1,54.2,1.2,49,0
2026-05-11 20:30:36,Jakarta Pusat,25,41,14,1.2,58,22.8,75.0,5.7,87,0
2026-05-11 20:00:36,Jakarta Timur,53,94,20,0.68,23,28.0,87.6,4.0,125,0
2026-05-11 19:30:36,Jakarta Utara,33,44,10,1.03,45,27.3,72.0,7.3,190,0
2026-05-11 19:00:36,Jakarta Barat,43,71,15,0.65,48,30.7,65.8,1.3,68,0
2026-05-11 18:30:36,Jakarta Timur,27,41,2,0.59,49,33.9,63.0,0.8,2,0
2026-05-11 18:00:36,Jakarta Utara,23,36,12,0.56,55,29.5,79.8,0.3,14,0
2026-05-11 17:30:36,Jakarta Timur,50,70,21,0.68,46,27.0,73.0,1.3,301,0
2026-05-11 17:00:36,Jakarta Utara,48,64,5,0.4,59,27.1,76.5,1.1,237,0
2026-05-11 16:30:36,Jakarta Barat,50,72,32,1.11,46,24.9,55.0,11.2,69,0
2026-05-11 16:00:36,Jakarta Pusat,22,31,37,0.97,27,30.8,68.0,1.0,139,0
2026-05-11 15:30:36,Jakarta Timur,20,25,17,0.9,43,27.2,65.0,2.8,78,0
2026-05-11 15:00:36,Jakarta Selatan,0,0,0,0.0,0,29.3,89.8,1.0,317,1
2026-05-11 14:30:36,Jakarta Barat,25,42,9,1.15,61,29.1,65.0,0.3,72,0
2026-05-11 14:00:36,Jakarta Utara,19,23,13,0.82,42,33.1,68.3,1.5,42,0
2026-05-11 13:30:36,Jakarta Selatan,54,87,17,0.7,37,31.9,82.0,0.4,238,0
2026-05-11 13:00:36,Jakarta Barat,5,10,28,0.1,43,28.0,67.2,0.5,236,0
2026-05-11 12:30:36,Jakarta Pusat,15,23,18,0.35,41,32.0,81.0,0.3,351,0
2026-05-11 12:00:36,Jakarta Timur,20,35,16,0.65,40,29.4,69.6,0.0,269,0
2026-05-11 11:30:36,Jakarta Timur,36,58,16,0.56,63,32.8,86.0,1.3,238,0
2026-05-11 11:00:36,Jakarta Utara,23,35,20,0.78,38,31.7,72.2,1.5,105,0
2026-05-11 10:30:36,Jakarta Barat,75,127,20,0.62,31,30.4,81.0,3.8,242,0
2026-05-11 10:00:36,Jakarta Timur,82,140,28,1.33,43,29.0,83.0,1.2,309,0
2026-05-11 09:30:36,Jakarta Barat,40,63,19,0.83,52,31.7,77.0,1.3,83,0
2026-05-11 09:00:36,Jakarta Barat,54,85,18,0.47,42,30.7,72.3,2.6,131,0
2026-05-11 08:30:36,Jakarta Barat,28,47,13,0.99,43,31.9,60.0,4.3,33,0
2026-05-11 08:00:36,Jakarta Barat,17,23,8,0.98,46,29.6,65.8,1.7,272,0
2026-05-11 07:30:36,Jakarta Utara,43,68,27,0.28,37,28.6,74.0,0.3,69,0
2026-05-11 07:00:36,Jakarta Barat,32,42,28,1.3,36,29.9,63.6,0.7,60,0
2026-05-11 06:30:36,Jakarta Selatan,32,43,20,0.35,38,31.5,86.0,0.5,227,0
2026-05-11 06:00:36,Jakarta Utara,83,131,28,0.86,37,36.1,71.4,7.8,237,0
2026-05-11 05:30:36,Jakarta Selatan,37,63,18,0.44,23,27.2,90.0,0.8,238,0
2026-05-11 05:00:36,Jakarta Barat,63,86,3,0.9,46,31.5,74.3,0.5,12,0
2026-05-11 04:30:36,Jakarta Timur,47,62,18,0.54,56,33.8,71.0,1.6,303,0
2026-05-11 04:00:36,Jakarta Selatan,50,68,2,1.07,57,30.9,90.1,0.8,337,0
2026-05-11 03:30:36,Jakarta Timur,29,39,22,0.64,63,27.1,69.0,1.3,169,0
2026-05-11 03:00:36,Jakarta Pusat,24,43,15,0.78,61,32.2,70.9,1.1,160,0
2026-05-11 02:30:36,Jakarta Timur,31,50,2,1.02,56,27.3,78.0,4.6,357,0
2026-05-11 02:00:36,Jakarta Timur,31,48,15,0.94,35,34.7,75.3,0.3,325,0
2026-05-11 01:30:36,Jakarta Timur,47,61,5,0.86,55,34.3,65.0,2.3,189,0
2026-05-11 01:00:36,Jakarta Timur,42,62,11,0.62,25,36.3,57.4,0.0,131,0
2026-05-11 00:30:36,Jakarta Utara,28,47,25,0.25,59,32.2,69.0,1.6,330,0
2026-05-11 00:00:36,Jakarta Pusat,13,22,13,0.39,49,24.9,65.3,1.1,273,0
2026-05-10 23:30:36,Jakarta Pusat,49,71,17,0.67,51,30.3,78.0,1.3,246,0
2026-05-10 23:00:36,Jakarta Selatan,37,59,26,0.5,47,31.6,74.2,0.5,32,0
2026-05-10 22:30:36,Jakarta Utara,28,37,32,1.05,42,30.6,79.0,1.1,107,0
2026-05-10 22:00:36,Jakarta Utara,37,62,15,0.75,56,29.2,83.5,0.5,5,0
2026-05-10 21:30:36,Jakarta Barat,69,100,33,1.05,40,35.4,79.0,4.9,336,0
2026-05-10 21:00:36,Jakarta Barat,44,58,31,0.77,48,30.0,71.3,2.4,248,0
2026-05-10 20:30:36,Jakarta Selatan,20,33,29,0.64,48,27.6,52.0,0.9,240,0
2026-05-10 20:00:36,Jakarta Timur,51,83,27,0.62,38,30.6,68.7,4.2,270,0
2026-05-10 19:30:36,Jakarta Pusat,28,35,8,0.54,42,30.8,69.0,0.7,236,0
2026-05-10 19:00:36,Jakarta Pusat,44,78,38,0.46,54,29.4,80.6,3.1,173,0
2026-05-10 18:30:36,Jakarta Selatan,27,37,16,0.96,62,31.3,68.0,2.1,256,0
2026-05-10 18:00:36,Jakarta Utara,5,10,6,1.17,42,26.5,73.5,4.3,112,0
2026-05-10 17:30:36,Jakarta Barat,44,71,9,0.64,29,28.6,65.0,2.3,326,0
2026-05-10 17:00:36,Jakarta Barat,54,72,36,0.96,48,27.7,78.7,7.2,122,0
2026-05-10 16:30:36,Jakarta Barat,52,83,34,1.64,42,32.7,64.0,10.0,286,0
2026-05-10 16:00:36,Jakarta Timur,18,27,20,1.49,32,31.1,80.2,1.2,271,0
2026-05-10 15:30:36,Jakarta Selatan,24,42,30,1.0,33,31.2,74.0,0.6,94,0
2026-05-10 15:00:36,Jakarta Utara,24,35,17,0.81,42,29.8,74.1,0.0,88,0
2026-05-10 14:30:36,Jakarta Timur,42,69,14,0.34,50,30.5,83.0,0.2,208,0
2026-05-10 14:00:36,Jakarta Utara,0,0,0,0.0,0,28.9,76.6,1.4,210,1
2026-05-10 13:30:36,Jakarta Utara,19,25,32,1.16,45,29.3,64.0,4.1,101,0
2026-05-10 13:00:36,Jakarta Utara,29,39,12,0.21,29,27.9,59.7,0.8,63,0
2026-05-10 12:30:36,Jakarta Timur,33,49,14,1.27,42,33.8,71.0,0.3,322,0
2026-05-10 12:00:36,Jakarta Timur,36,54,27,1.41,53,32.8,64.5,6.6,247,0
2026-05-10 11:30:36,Jakarta Pusat,16,27,16,0.92,45,28.2,79.0,2.4,116,0
2026-05-10 11:00:36,Jakarta Barat,37,64,26,1.04,55,26.9,57.3,6.7,108,0
2026-05-10 10:30:36,Jakarta Pusat,19,26,16,1.35,29,27.0,64.0,0.4,182,0
2026-05-10 10:00:36,Jakarta Pusat,58,89,21,0.77,46,32.4,84.4,0.2,7,0
2026-05-10 09:30:36,Jakarta Pusat,29,46,21,0.66,56,34.8,57.0,3.1,291,0
2026-05-10 09:00:36,Jakarta Utara,27,36,29,0.84,47,32.5,91.6,0.4,59,0
2026-05-10 08:30:36,Jakarta Barat,41,72,2,0.64,42,33.4,72.0,1.2,4,0
2026-05-10 08:00:36,Jakarta Timur,9,13,8,0.83,42,30.3,64.3,0.7,33,0
2026-05-10 07:30:36,Jakarta Barat,41,66,11,0.45,44,26.5,75.0,3.5,209,0
2026-05-10 07:00:36,Jakarta Selatan,27,43,10,1.05,49,30.1,70.6,2.3,74,0
2026-05-10 06:30:36,Jakarta Utara,35,48,19,0.88,37,28.1,90.0,0.3,92,0
2026-05-10 06:00:36,Jakarta Timur,24,40,15,0.54,41,25.5,55.4,1.3,181,0
2026-05-10 05:30:36,Jakarta Barat,31,52,23,0.95,53,30.4,72.0,0.1,283,0
2026-05-10 05:00:36,Jakarta Utara,40,64,16,0.85,44,27.8,87.2,0.4,113,0
2026-05-10 04:30:36,Jakarta Pusat,30,38,13,0.36,30,26.5,80.0,0.7,327,0
2026-05-10 04:00:36,Jakarta Timur,70,125,26,0.96,60,32.5,95.9,2.2,108,0
2026-05-10 03:30:36,Jakarta Selatan,36,49,16,0.76,44,32.5,67.0,2.3,203,0
2026-05-10 03:00:36,Jakarta Utara,77,132,19,1.35,42,31.0,82.5,16.0,60,0
2026-05-10 02:30:36,Jakarta Pusat,58,89,26,0.33,58,32.3,88.0,6.4,60,0
2026-05-10 02:00:36,Jakarta Utara,44,53,16,0.24,57,30.0,71.8,0.2,154,0
2026-05-10 01:30:36,Jakarta Barat,40,56,18,0.63,52,28.6,78.0,1.9,104,0
2026-05-10 01:00:36,Jakarta Pusat,76,98,15,0.53,57,30.4,64.6,3.9,72,0
2026-05-10 00:30:36,Jakarta Pusat,58,94,29,1.15,44,33.3,78.0,5.1,214,0
2026-05-10 00:00:36,Jakarta Pusat,40,60,11,0.69,29,32.7,76.7,3.9,346,0
2026-05-09 23:30:36,Jakarta Timur,36,44,5,0.65,49,28.3,71.0,3.1,130,0
2026-05-09 23:00:36,Jakarta Pusat,44,61,10,0.81,47,28.7,81.2,0.5,305,0
2026-05-09 22:30:36,Jakarta Barat,29,36,19,1.02,49,31.2,100.0,1.0,92,0
2026-05-09 22:00:36,Jakarta Selatan,66,91,28,0.59,54,31.3,59.7,7.7,264,0
2026-05-09 21:30:36,Jakarta Barat,42,67,14,0.35,61,29.1,81.0,0.3,297,0
2026-05-09 21:00:36,Jakarta Utara,31,39,19,0.88,69,28.1,72.2,0.4,317,0
2026-05-09 20:30:36,Jakarta Timur,93,152,22,0.95,20,33.7,80.0,5.2,183,0
2026-05-09 20:00:36,Jakarta Pusat,38,65,19,0.71,17,25.8,79.5,2.2,295,0
2026-05-09 19:30:36,Jakarta Pusat,33,45,26,0.54,53,33.3,71.0,3.7,349,0
2026-05-09 19:00:36,Jakarta Pusat,33,59,19,0.56,74,33.4,74.2,0.5,6,0
2026-05-09 18:30:36,Jakarta Selatan,47,73,14,1.3,57,33.2,74.0,0.6,284,0
2026-05-09 18:00:36,Jakarta Pusat,16,24,4,0.75,49,33.2,50.7,3.0,250,0
2026-05-09 17:30:36,Jakarta Pusat,181,234,26,4.29,45,34.8,67.0,6.2,31,1
2026-05-09 17:00:36,Jakarta Timur,46,79,14,1.01,46,31.3,71.3,2.1,228,0
2026-05-09 16:30:36,Jakarta Timur,25,33,23,0.96,50,35.5,59.0,2.4,230,0
2026-05-09 16:00:36,Jakarta Barat,5,10,29,0.92,65,27.1,59.1,0.4,221,0
2026-05-09 15:30:36,Jakarta Utara,47,64,2,0.75,61,33.2,68.0,0.3,270,0
2026-05-09 15:00:36,Jakarta Selatan,49,78,21,0.36,37,32.4,72.0,0.2,167,0
2026-05-09 14:30:36,Jakarta Barat,25,44,15,1.08,46,31.2,73.0,3.4,102,0
2026-05-09 14:00:36,Jakarta Barat,15,22,20,1.13,40,29.0,65.6,0.3,216,0
2026-05-09 13:30:36,Jakarta Pusat,50,76,2,0.39,37,28.0,81.0,0.8,177,0
2026-05-09 13:00:36,Jakarta Barat,64,114,28,0.43,74,36.7,75.9,6.0,254,0
2026-05-09 12:30:36,Jakarta Selatan,60,102,19,0.72,47,35.8,72.0,1.3,9,0
2026-05-09 12:00:36,Jakarta Utara,17,24,20,0.77,43,29.1,70.3,0.1,201,0
2026-05-09 11:30:36,Jakarta Pusat,22,39,22,0.33,62,30.2,73.0,1.8,171,0
2026-05-09 11:00:36,Jakarta Barat,16,19,18,0.91,41,29.2,74.7,1.8,354,0
2026-05-09 10:30:36,Jakarta Timur,42,70,26,0.92,38,26.9,83.0,6.0,190,0
2026-05-09 10:00:36,Jakarta Timur,63,104,18,1.25,29,32.8,92.5,2.4,91,0
2026-05-09 09:30:36,Jakarta Utara,16,19,5,1.0,67,27.5,71.0,0.6,4,0
2026-05-09 09:00:36,Jakarta Selatan,28,50,20,0.7,27,32.8,79.4,3.8,111,0
2026-05-09 08:30:36,Jakarta Timur,39,59,13,0.57,51,29.7,72.0,2.1,222,0
2026-05-09 08:00:36,Jakarta Selatan,0,0,0,0.0,0,24.5,71.8,3.7,307,1
2026-05-09 07:30:36,Jakarta Pusat,50,87,8,0.51,22,29.3,83.0,2.6,100,0
2026-05-09 07:00:36,Jakarta Pusat,36,44,10,1.04,53,31.1,62.8,3.0,168,0
2026-05-09 06:30:36,Jakarta Selatan,32,44,19,0.74,52,32.5,82.0,0.1,179,0
2026-05-09 06:00:36,Jakarta Barat,22,37,21,1.35,40,33.7,83.5,0.2,14,0
2026-05-09 05:30:36,Jakarta Utara,8,11,19,0.51,42,28.3,68.0,2.0,334,0
2026-05-09 05:00:36,Jakarta Utara,0,0,0,0.0,0,30.3,76.7,1.5,54,1
2026-05-09 04:30:36,Jakarta Timur,39,52,24,1.5,43,28.7,64.0,6.1,171,0
2026-05-09 04:00:36,Jakarta Barat,42,59,14,0.64,36,27.9,66.1,2.8,133,0
2026-05-09 03:30:36,Jakarta Pusat,77,136,25,1.27,41,33.0,90.0,0.5,58,0
2026-05-09 03:00:36,Jakarta Selatan,39,49,24,0.49,69,34.2,89.3,0.4,14,0
2026-05-09 02:30:36,Jakarta Selatan,47,64,34,1.02,50,38.3,70.0,0.7,184,0
2026-05-09 02:00:36,Jakarta Timur,155,208,18,4.43,34,24.6,64.9,0.7,164,1
2026-05-09 01:30:36,Jakarta Pusat,48,80,27,0.66,46,31.6,87.0,1.6,232,0
2026-05-09 01:00:36,Jakarta Utara,77,124,39,0.57,42,40.0,62.9,8.2,102,0
2026-05-09 00:30:36,Jakarta Selatan,40,60,20,0.63,32,30.4,69.0,2.9,354,0
2026-05-09 00:00:36,Jakarta Utara,72,102,30,0.93,71,31.1,75.6,9.2,45,0
2026-05-08 23:30:36,Jakarta Selatan,31,54,11,1.33,25,29.4,59.0,6.2,210,0
2026-05-08 23:00:36,Jakarta Pusat,53,66,11,0.81,46,27.3,71.8,0.5,331,0
2026-05-08 22:30:36,Jakarta Utara,34,53,11,0.1,47,27.4,58.0,1.5,305,0
2026-05-08 22:00:36,Jakarta Timur,28,48,5,0.86,50,33.0,69.6,0.4,170,0
2026-05-08 21:30:36,Jakarta Selatan,32,50,10,0.54,32,31.2,68.0,0.2,135,0
2026-05-08 21:00:36,Jakarta Selatan,56,69,26,0.1,45,30.4,74.5,4.2,301,0
2026-05-08 20:30:36,Jakarta Pusat,13,15,13,0.92,56,28.9,66.0,0.9,311,0
2026-05-08 20:00:36,Jakarta Timur,58,94,8,0.78,62,26.0,65.5,2.3,279,0
2026-05-08 19:30:36,Jakarta Timur,14,19,9,0.98,44,30.3,79.0,0.5,42,0
2026-05-08 19:00:36,Jakarta Timur,33,46,23,0.1,41,29.7,55.5,0.6,19,0
2026-05-08 18:30:36,Jakarta Barat,48,62,33,0.83,35,29.3,79.0,6.7,23,0
2026-05-08 18:00:36,Jakarta Pusat,27,33,15,0.52,46,27.6,78.3,1.2,225,0
2026-05-08 17:30:36,Jakarta Barat,60,103,17,1.16,57,32.3,100.0,1.6,113,0
2026-05-08 17:00:36,Jakarta Barat,142,179,21,4.75,45,27.5,65.0,1.1,162,1
2026-05-08 16:30:36,Jakarta Barat,38,64,24,0.92,43,31.1,65.0,5.5,328,0
2026-05-08 16:00:36,Jakarta Barat,44,71,15,0.62,60,30.5,67.0,4.3,310,0
2026-05-08 15:30:36,Jakarta Barat,47,74,33,0.68,61,30.8,86.0,0.4,5,0
2026-05-08 15:00:36,Jakarta Barat,47,84,6,1.0,53,27.4,88.9,3.9,113,0
2026-05-08 14:30:36,Jakarta Pusat,64,91,26,0.56,46,33.9,74.0,4.6,296,0
2026-05-08 14:00:36,Jakarta Timur,41,57,21,0.55,43,33.6,64.6,2.6,64,0
2026-05-08 13:30:36,Jakarta Timur,49,65,19,0.65,63,27.4,94.0,2.5,44,0
2026-05-08 13:00:36,Jakarta Timur,20,25,17,1.07,35,28.4,72.9,0.8,258,0
2026-05-08 12:30:36,Jakarta Timur,26,38,5,0.64,45,27.6,57.0,6.1,180,0
2026-05-08 12:00:36,Jakarta Barat,5,10,9,0.44,47,27.4,52.2,2.7,93,0
2026-05-08 11:30:36,Jakarta Utara,53,65,13,0.1,17,36.6,64.0,1.9,166,0
2026-05-08 11:00:36,Jakarta Pusat,19,24,9,1.05,33,33.3,74.7,4.9,293,0
2026-05-08 10:30:36,Jakarta Timur,60,78,19,0.77,43,28.2,79.0,4.0,75,0
2026-05-08 10:00:36,Jakarta Timur,42,64,6,0.68,35,30.2,68.9,0.7,108,0
2026-05-08 09:30:36,Jakarta Barat,58,79,23,0.75,35,32.8,75.0,2.1,160,0
2026-05-08 09:00:36,Jakarta Selatan,53,79,27,0.74,21,27.9,77.5,0.1,18,0
2026-05-08 08:30:36,Jakarta Pusat,53,85,2,0.17,54,26.3,63.0,3.0,211,0
2026-05-08 08:00:36,Jakarta Timur,22,31,24,1.01,39,28.0,69.7,3.0,351,0
2026-05-08 07:30:36,Jakarta Selatan,134,169,17,3.79,56,28.4,78.0,0.2,49,1
2026-05-08 07:00:36,Jakarta Barat,36,53,21,0.93,36,29.8,87.0,2.8,292,0
2026-05-08 06:30:36,Jakarta Timur,50,68,25,0.92,52,31.5,77.0,3.1,286,0
2026-05-08 06:00:36,Jakarta Barat,44,62,15,1.18,58,29.6,78.3,1.4,39,0
2026-05-08 05:30:36,Jakarta Selatan,44,62,7,1.02,34,28.0,90.0,0.3,115,0
2026-05-08 05:00:36,Jakarta Selatan,61,75,13,1.13,55,29.3,90.2,0.3,98,0
2026-05-08 04:30:36,Jakarta Selatan,45,69,21,1.37,33,33.4,78.0,1.4,191,0
2026-05-08 04:00:36,Jakarta Pusat,38,48,30,0.78,47,32.8,69.4,2.7,100,0
2026-05-08 03:30:36,Jakarta Pusat,17,28,2,1.05,47,31.8,83.0,0.1,226,0
2026-05-08 03:00:36,Jakarta Barat,72,102,27,0.42,44,37.2,72.2,0.9,285,0
2026-05-08 02:30:36,Jakarta Barat,42,69,21,1.38,53,29.2,94.0,1.8,213,0
2026-05-08 02:00:36,Jakarta Timur,29,50,18,0.91,54,30.5,75.0,1.7,79,0
2026-05-08 01:30:36,Jakarta Selatan,35,52,9,0.95,22,24.1,70.0,10.3,27,0
2026-05-08 01:00:36,Jakarta Barat,56,90,7,0.66,41,24.0,88.0,5.1,165,0
2026-05-08 00:30:36,Jakarta Timur,28,46,32,0.31,55,26.3,79.0,0.6,98,0
2026-05-08 00:00:36,Jakarta Timur,31,41,9,0.43,40,34.1,66.2,2.3,182,0
2026-05-07 23:30:36,Jakarta Selatan,62,107,15,0.73,35,35.1,76.0,2.9,305,0
2026-05-07 23:00:36,Jakarta Timur,29,46,26,1.05,22,29.9,92.3,0.1,208,0
2026-05-07 22:30:36,Jakarta Timur,16,20,15,1.19,42,28.3,82.0,1.4,324,0
2026-05-07 22:00:36,Jakarta Utara,51,89,28,0.95,40,31.1,80.4,5.6,27,0
2026-05-07 21:30:36,Jakarta Timur,51,82,33,0.7,47,32.5,100.0,0.3,78,0
2026-05-07 21:00:36,Jakarta Pusat,48,73,28,0.97,31,27.6,66.5,0.2,139,0
2026-05-07 20:30:36,Jakarta Barat,0,0,0,0.0,0,29.3,70.0,0.4,168,1
2026-05-07 20:00:36,Jakarta Barat,5,10,11,0.56,26,28.0,77.9,2.7,220,0
2026-05-07 19:30:36,Jakarta Timur,56,69,5,0.78,61,36.7,76.0,1.6,342,0
2026-05-07 19:00:36,Jakarta Barat,7,10,2,0.6,52,29.4,75.2,0.0,196,0
2026-05-07 18:30:36,Jakarta Barat,14,19,11,0.48,31,21.0,75.0,3.6,254,0
2026-05-07 18:00:36,Jakarta Selatan,44,61,35,0.82,44,30.3,77.5,6.5,282,0
2026-05-07 17:30:36,Jakarta Timur,62,80,23,0.68,45,29.2,90.0,4.9,206,0
2026-05-07 17:00:36,Jakarta Selatan,16,27,2,0.66,30,22.6,56.0,2.6,169,0
2026-05-07 16:30:36,Jakarta Pusat,35,50,30,0.57,49,33.1,79.0,0.7,266,0
2026-05-07 16:00:36,Jakarta Pusat,36,60,23,0.57,52,31.7,64.5,0.3,349,0
2026-05-07 15:30:36,Jakarta Utara,51,72,6,0.94,61,34.2,54.0,3.1,10,0
2026-05-07 15:00:36,Jakarta Timur,28,46,6,0.99,46,26.2,73.1,1.0,109,0
2026-05-07 14:30:36,Jakarta Pusat,20,24,12,0.78,21,31.1,85.0,2.5,79,0
2026-05-07 14:00:36,Jakarta Utara,66,82,34,1.22,57,30.5,94.7,5.1,358,0
2026-05-07 13:30:36,Jakarta Utara,43,76,10,0.76,46,31.3,72.0,2.5,343,0
2026-05-07 13:00:36,Jakarta Selatan,59,81,24,1.04,32,31.5,89.4,2.0,167,0
2026-05-07 12:30:36,Jakarta Pusat,50,69,19,0.51,44,35.0,70.0,4.4,323,0
2026-05-07 12:00:36,Jakarta Utara,5,10,3,0.99,32,28.5,63.8,2.0,312,0
2026-05-07 11:30:36,Jakarta Selatan,46,63,14,0.41,39,32.2,71.0,1.3,88,0
2026-05-07 11:00:36,Jakarta Pusat,36,45,28,1.02,36,29.3,79.0,5.0,89,0
2026-05-07 10:30:36,Jakarta Barat,55,98,21,0.48,53,26.4,80.0,1.3,193,0
2026-05-07 10:00:36,Jakarta Selatan,0,0,0,0.0,0,29.3,86.9,0.4,137,1
2026-05-07 09:30:36,Jakarta Utara,28,37,19,0.33,66,28.5,83.0,0.6,329,0
2026-05-07 09:00:36,Jakarta Timur,44,78,15,0.14,47,28.7,77.6,0.9,333,0
2026-05-07 08:30:36,Jakarta Timur,39,51,6,0.29,37,31.9,68.0,0.0,46,0
2026-05-07 08:00:36,Jakarta Pusat,18,29,14,0.76,61,28.8,70.0,0.8,52,0
2026-05-07 07:30:36,Jakarta Timur,46,77,14,0.47,32,27.3,78.0,0.2,298,0
2026-05-07 07:00:36,Jakarta Timur,42,64,10,1.11,28,32.2,72.4,2.1,78,0
2026-05-07 06:30:36,Jakarta Barat,46,72,20,0.58,22,29.1,83.0,0.4,56,0
2026-05-07 06:00:36,Jakarta Timur,32,52,26,0.66,39,27.6,76.5,1.1,148,0
2026-05-07 05:30:36,Jakarta Selatan,18,30,12,0.72,56,28.7,72.0,1.9,179,0
2026-05-07 05:00:36,Jakarta Timur,61,98,31,1.0,40,35.2,72.7,1.5,18,0
2026-05-07 04:30:36,Jakarta Utara,36,50,18,1.06,50,33.7,82.0,1.1,64,0
2026-05-07 04:00:36,Jakarta Pusat,61,87,20,0.82,50,29.2,71.7,8.8,197,0
2026-05-07 03:30:36,Jakarta Selatan,31,44,14,1.0,35,26.9,74.0,2.6,216,0
2026-05-07 03:00:36,Jakarta Utara,58,94,14,1.03,48,30.1,86.9,1.6,122,0
2026-05-07 02:30:36,Jakarta Selatan,33,48,15,0.49,64,26.0,70.0,0.9,359,0
2026-05-07 02:00:36,Jakarta Barat,27,44,9,0.49,35,28.9,71.2,0.2,222,0
2026-05-07 01:30:36,Jakarta Pusat,15,18,12,0.65,28,23.7,79.0,0.3,19,0
2026-05-07 01:00:36,Jakarta Timur,26,33,12,0.9,37,30.6,71.3,0.0,264,0
2026-05-07 00:30:36,Jakarta Barat,9,11,11,0.57,33,24.5,66.0,0.2,79,0
2026-05-07 00:00:36,Jakarta Pusat,56,81,30,1.14,39,27.6,85.2,6.8,346,0
2026-05-06 23:30:36,Jakarta Timur,29,50,17,0.87,35,32.7,75.0,1.0,348,0
2026-05-06 23:00:36,Jakarta Utara,39,64,2,0.82,46,29.8,64.0,1.5,318,0
2026-05-06 22:30:36,Jakarta Utara,92,122,24,1.29,48,34.8,97.0,11.4,73,0
2026-05-06 22:00:36,Jakarta Timur,43,54,28,1.24,50,30.7,62.5,2.2,238,0
2026-05-06 21:30:36,Jakarta Utara,29,50,27,0.29,59,33.1,59.0,0.6,247,0
2026-05-06 21:00:36,Jakarta Pusat,43,65,27,0.89,24,31.0,91.6,0.3,200,0
2026-05-06 20:30:36,Jakarta Pusat,72,118,13,0.98,45,31.6,85.0,2.5,150,0
2026-05-06 20:00:36,Jakarta Utara,49,81,17,0.26,48,22.6,78.8,1.8,158,0
2026-05-06 19:30:36,Jakarta Barat,125,160,11,3.71,50,32.3,57.0,1.1,201,1
2026-05-06 19:00:36,Jakarta Utara,57,86,31,1.06,43,29.2,75.6,12.6,66,0
2026-05-06 18:30:36,Jakarta Timur,30,51,21,0.95,42,28.4,85.0,2.6,357,0
2026-05-06 18:00:36,Jakarta Utara,36,46,2,0.96,9,31.4,80.4,0.8,144,0
2026-05-06 17:30:36,Jakarta Barat,64,105,25,0.82,58,32.1,89.0,6.4,164,0
2026-05-06 17:00:36,Jakarta Pusat,71,119,18,0.57,50,38.5,70.3,1.3,25,0
2026-05-06 16:30:36,Jakarta Utara,30,41,22,0.84,40,34.9,75.0,0.2,150,0
2026-05-06 16:00:36,Jakarta Utara,48,75,23,0.66,38,28.4,88.6,1.2,37,0
2026-05-06 15:30:36,Jakarta Timur,53,89,13,0.59,36,27.3,87.0,3.0,294,0
2026-05-06 15:00:36,Jakarta Pusat,51,77,20,1.02,42,32.7,72.2,0.7,163,0
2026-05-06 14:30:36,Jakarta Pusat,50,68,19,0.61,26,34.3,72.0,0.1,210,0
2026-05-06 14:00:36,Jakarta Pusat,60,79,23,1.0,68,33.8,82.0,4.3,332,0
2026-05-06 13:30:36,Jakarta Selatan,43,71,22,1.2,39,30.1,68.0,1.9,226,0
2026-05-06 13:00:36,Jakarta Timur,32,50,31,1.07,77,31.8,72.5,3.5,144,0
2026-05-06 12:30:36,Jakarta Selatan,36,64,14,0.95,58,37.5,68.0,1.4,117,0
2026-05-06 12:00:36,Jakarta Selatan,41,70,22,0.49,27,29.5,84.4,2.1,348,0
2026-05-06 11:30:36,Jakarta Timur,24,34,14,1.04,37,27.9,82.0,0.8,72,0
2026-05-06 11:00:36,Jakarta Utara,19,28,15,0.86,48,27.4,57.7,1.0,209,0
2026-05-06 10:30:36,Jakarta Pusat,40,62,32,0.81,34,30.8,97.0,0.3,357,0
2026-05-06 10:00:36,Jakarta Pusat,41,68,17,0.38,54,38.7,82.2,1.3,53,0
2026-05-06 09:30:36,Jakarta Utara,157,208,14,3.9699999999999998,66,31.7,54.0,0.9,99,1
2026-05-06 09:00:36,Jakarta Timur,21,36,10,0.75,41,29.1,55.0,3.3,117,0
2026-05-06 08:30:36,Jakarta Selatan,75,114,13,0.75,32,34.0,64.0,3.0,347,0
2026-05-06 08:00:36,Jakarta Utara,34,41,8,0.8,44,30.1,78.8,0.7,68,0
2026-05-06 07:30:36,Jakarta Selatan,48,69,23,1.32,32,27.5,86.0,4.2,250,0
2026-05-06 07:00:36,Jakarta Timur,58,97,21,0.98,45,32.4,73.8,3.1,43,0
2026-05-06 06:30:36,Jakarta Utara,5,10,20,0.35,40,21.8,79.0,0.8,171,0
2026-05-06 06:00:36,Jakarta Selatan,77,126,22,0.84,47,30.6,61.0,9.1,250,0
2026-05-06 05:30:36,Jakarta Timur,33,44,20,0.71,41,26.5,74.0,3.1,238,0
2026-05-06 05:00:36,Jakarta Barat,45,62,28,0.99,40,38.8,68.3,3.0,348,0
2026-05-06 04:30:36,Jakarta Timur,33,48,23,0.1,54,27.5,72.0,1.4,70,0
2026-05-06 04:00:36,Jakarta Pusat,35,46,12,0.76,40,28.8,88.2,4.3,183,0
2026-05-06 03:30:36,Jakarta Barat,40,49,18,0.93,68,31.7,75.0,7.0,250,0
2026-05-06 03:00:36,Jakarta Utara,43,73,7,0.95,41,28.9,73.4,0.7,95,0
2026-05-06 02:30:36,Jakarta Timur,61,76,21,1.11,47,30.4,72.0,2.0,150,0
2026-05-06 02:00:36,Jakarta Utara,40,60,22,0.86,29,27.2,82.8,9.2,239,0
2026-05-06 01:30:36,Jakarta Barat,44,60,27,0.25,34,31.5,70.0,1.0,159,0
2026-05-06 01:00:36,Jakarta Pusat,72,118,22,1.0,23,28.8,78.4,1.2,24,0
2026-05-06 00:30:36,Jakarta Selatan,49,84,9,0.79,50,26.1,65.0,2.9,289,0
2026-05-06 00:00:36,Jakarta Selatan,45,60,17,0.31,34,26.9,60.1,0.9,311,0
2026-05-05 23:30:36,Jakarta Pusat,53,82,31,0.51,56,34.8,68.0,8.9,58,0
2026-05-05 23:00:36,Jakarta Utara,11,17,20,0.85,51,30.3,61.5,2.8,27,0
2026-05-05 22:30:36,Jakarta Utara,38,54,21,0.67,31,33.4,79.0,1.2,163,0
2026-05-05 22:00:36,Jakarta Utara,52,66,30,0.43,63,34.4,89.9,2.9,138,0
2026-05-05 21:30:36,Jakarta Pusat,75,123,23,1.07,49,28.7,80.0,11.3,324,0
2026-05-05 21:00:36,Jakarta Timur,54,96,19,0.3,34,27.6,70.9,1.9,186,0
2026-05-05 20:30:36,Jakarta Pusat,33,57,14,0.1,46,25.5,78.0,3.1,263,0
2026-05-05 20:00:36,Jakarta Timur,56,69,16,1.28,53,31.9,80.1,0.7,23,0
2026-05-05 19:30:36,Jakarta Barat,66,110,37,1.13,49,32.6,68.0,9.1,125,0
2026-05-05 19:00:36,Jakarta Utara,66,108,9,0.92,59,29.8,80.3,1.1,160,0
2026-05-05 18:30:36,Jakarta Utara,22,39,23,0.19,46,25.8,72.0,5.2,175,0
2026-05-05 18:00:36,Jakarta Pusat,86,137,20,0.86,30,28.3,84.3,11.1,217,0
2026-05-05 17:30:36,Jakarta Pusat,38,46,27,0.76,45,32.5,77.0,0.5,133,0
2026-05-05 17:00:36,Jakarta Utara,37,58,20,0.16,39,31.9,62.3,2.9,168,0
2026-05-05 16:30:36,Jakarta Timur,26,43,13,0.74,44,34.1,79.0,0.0,247,0
2026-05-05 16:00:36,Jakarta Pusat,173,217,20,4.22,33,32.9,72.2,2.4,146,1
2026-05-05 15:30:36,Jakarta Selatan,40,57,19,0.39,40,31.8,75.0,1.4,128,0
2026-05-05 15:00:36,Jakarta Utara,29,35,20,0.52,45,27.8,70.0,0.9,183,0
2026-05-05 14:30:36,Jakarta Selatan,70,105,18,0.57,65,33.0,77.0,1.3,96,0
2026-05-05 14:00:36,Jakarta Pusat,20,34,19,0.74,43,28.0,77.1,0.5,93,0
2026-05-05 13:30:36,Jakarta Barat,18,28,13,0.41,30,23.2,61.0,1.0,0,0
2026-05-05 13:00:36,Jakarta Barat,27,42,18,1.11,36,29.6,77.6,0.7,220,0
2026-05-05 12:30:36,Jakarta Utara,39,52,2,0.39,29,29.5,63.0,0.6,323,0
2026-05-05 12:00:36,Jakarta Barat,178,225,31,3.94,68,30.4,80.4,0.9,229,1
2026-05-05 11:30:36,Jakarta Barat,53,83,20,0.92,46,28.3,78.0,0.8,205,0
2026-05-05 11:00:36,Jakarta Timur,62,82,24,0.61,37,29.0,82.4,1.9,307,0
2026-05-05 10:30:36,Jakarta Utara,65,112,30,1.29,73,29.4,80.0,15.0,352,0
2026-05-05 10:00:36,Jakarta Pusat,32,54,13,0.73,37,27.6,67.5,0.1,147,0
2026-05-05 09:30:36,Jakarta Pusat,52,84,12,0.46,46,33.0,66.0,4.1,127,0
2026-05-05 09:00:36,Jakarta Timur,45,68,13,0.91,56,37.1,69.1,0.3,201,0
2026-05-05 08:30:36,Jakarta Pusat,53,69,10,0.65,55,28.8,73.0,6.3,162,0
2026-05-05 08:00:36,Jakarta Selatan,21,27,15,0.88,44,31.4,65.5,2.9,103,0
2026-05-05 07:30:36,Jakarta Timur,18,25,14,1.43,72,30.4,79.0,1.5,168,0
2026-05-05 07:00:36,Jakarta Pusat,90,112,37,0.47,54,31.8,91.6,8.2,138,0
2026-05-05 06:30:36,Jakarta Pusat,125,160,26,4.17,28,29.0,74.0,3.3,285,1
2026-05-05 06:00:36,Jakarta Timur,170,210,31,3.96,12,30.3,81.5,4.1,175,1
2026-05-05 05:30:36,Jakarta Pusat,56,96,12,0.77,37,27.7,85.0,1.3,203,0
2026-05-05 05:00:36,Jakarta Barat,45,61,2,0.56,52,28.0,72.2,2.0,40,0
2026-05-05 04:30:36,Jakarta Timur,10,12,15,0.76,66,24.8,70.0,1.2,125,0
2026-05-05 04:00:36,Jakarta Timur,27,41,13,0.67,46,27.4,77.1,0.0,17,0
2026-05-05 03:30:36,Jakarta Pusat,51,69,21,0.59,61,26.5,82.0,1.5,227,0
2026-05-05 03:00:36,Jakarta Timur,31,55,14,0.43,55,31.6,65.2,2.1,62,0
2026-05-05 02:30:36,Jakarta Barat,46,57,23,1.22,48,31.4,82.0,4.5,76,0
2026-05-05 02:00:36,Jakarta Utara,50,69,21,0.75,35,33.8,77.1,1.3,298,0
2026-05-05 01:30:36,Jakarta Utara,69,87,32,0.84,34,34.9,77.0,3.8,231,0
2026-05-05 01:00:36,Jakarta Selatan,28,43,10,0.32,50,26.9,56.5,2.2,278,0
2026-05-05 00:30:36,Jakarta Timur,29,52,13,1.03,35,28.6,77.0,0.3,38,0
2026-05-05 00:00:36,Jakarta Pusat,28,36,36,0.24,48,30.9,72.4,3.2,76,0
2026-05-04 23:30:36,Jakarta Timur,34,56,12,1.11,41,28.4,83.0,1.6,232,0
2026-05-04 23:00:36,Jakarta Pusat,47,74,23,0.76,21,33.7,53.7,0.1,225,0
2026-05-04 22:30:36,Jakarta Utara,177,231,13,4.11,56,27.1,82.0,0.8,204,1
2026-05-04 22:00:36,Jakarta Barat,57,85,27,1.22,49,31.7,96.0,2.0,284,0
2026-05-04 21:30:36,Jakarta Utara,28,45,16,0.36,34,28.1,77.0,2.5,291,0
2026-05-04 21:00:36,Jakarta Timur,26,38,12,0.75,27,30.7,85.4,1.1,234,0
2026-05-04 20:30:36,Jakarta Selatan,50,68,12,1.05,57,29.3,76.0,2.5,342,0
2026-05-04 20:00:36,Jakarta Selatan,73,95,11,0.59,62,33.5,73.8,1.6,237,0
2026-05-04 19:30:36,Jakarta Selatan,71,96,13,0.94,39,32.6,82.0,1.5,187,0
2026-05-04 19:00:36,Jakarta Selatan,37,59,25,0.68,51,33.6,72.3,1.6,211,0
2026-05-04 18:30:36,Jakarta Barat,46,64,18,0.7,37,29.6,73.0,1.3,158,0
2026-05-04 18:00:36,Jakarta Selatan,43,73,14,1.3,28,29.2,78.9,3.1,108,0
2026-05-04 17:30:36,Jakarta Selatan,54,80,13,1.18,45,30.0,92.0,3.4,178,0
2026-05-04 17:00:36,Jakarta Barat,5,10,13,0.69,59,29.5,65.2,0.6,105,0
2026-05-04 16:30:36,Jakarta Utara,40,52,13,0.97,42,28.0,74.0,4.2,123,0
2026-05-04 16:00:36,Jakarta Timur,54,69,17,0.91,47,33.9,78.4,0.1,203,0
2026-05-04 15:30:36,Jakarta Pusat,27,35,13,1.06,68,28.4,78.0,2.4,40,0
2026-05-04 15:00:36,Jakarta Pusat,55,78,22,0.6,51,32.5,68.8,2.9,188,0
2026-05-04 14:30:36,Jakarta Selatan,56,87,2,0.68,23,27.1,89.0,5.0,10,0
2026-05-04 14:00:36,Jakarta Pusat,37,48,25,0.65,23,32.2,83.6,1.0,359,0
2026-05-04 13:30:36,Jakarta Utara,58,91,22,1.37,25,34.9,85.0,0.2,336,0
2026-05-04 13:00:36,Jakarta Utara,98,142,42,1.49,56,31.1,70.4,18.1,306,0
2026-05-04 12:30:36,Jakarta Pusat,0,0,0,0.0,0,26.9,74.0,2.0,95,1
2026-05-04 12:00:36,Jakarta Barat,0,0,0,0.0,0,22.5,69.1,6.7,14,1
2026-05-04 11:30:36,Jakarta Utara,71,90,25,1.45,62,38.8,93.0,8.9,235,0
2026-05-04 11:00:36,Jakarta Pusat,9,14,22,0.32,34,24.4,71.6,0.7,332,0
2026-05-04 10:30:36,Jakarta Timur,46,81,2,0.37,35,31.3,56.0,2.4,290,0
2026-05-04 10:00:36,Jakarta Barat,21,33,27,1.27,50,26.4,75.5,0.1,251,0
2026-05-04 09:30:36,Jakarta Pusat,19,24,25,0.4,35,28.1,67.0,1.4,160,0
2026-05-04 09:00:36,Jakarta Barat,66,99,25,0.95,61,28.0,91.6,5.5,354,0
2026-05-04 08:30:36,Jakarta Pusat,46,71,17,0.9,71,30.4,68.0,0.8,167,0
2026-05-04 08:00:36,Jakarta Pusat,50,70,12,0.34,36,29.8,69.9,1.5,250,0
2026-05-04 07:30:36,Jakarta Pusat,27,36,2,0.19,58,27.4,67.0,0.2,68,0
2026-05-04 07:00:36,Jakarta Selatan,91,114,21,1.71,57,38.4,84.8,1.0,87,0
2026-05-04 06:30:36,Jakarta Selatan,48,60,21,0.62,43,30.9,75.0,0.6,354,0
2026-05-04 06:00:36,Jakarta Timur,15,19,12,0.83,36,26.5,82.0,0.4,72,0
2026-05-04 05:30:36,Jakarta Pusat,38,54,24,1.39,71,34.8,82.0,2.6,51,0
2026-05-04 05:00:36,Jakarta Utara,5,10,23,0.55,32,21.9,64.1,1.8,257,0
2026-05-04 04:30:36,Jakarta Barat,41,60,21,0.7,49,30.6,70.0,1.7,222,0
2026-05-04 04:00:36,Jakarta Utara,26,42,20,0.7,59,30.3,86.1,0.0,82,0
2026-05-04 03:30:36,Jakarta Utara,46,65,18,0.72,22,31.9,79.0,0.5,26,0
2026-05-04 03:00:36,Jakarta Timur,60,105,25,1.28,52,34.4,69.9,4.0,158,0
2026-05-04 02:30:36,Jakarta Timur,25,37,36,0.1,50,27.8,61.0,0.9,91,0
2026-05-04 02:00:36,Jakarta Utara,23,40,21,1.17,35,33.0,70.0,3.3,141,0
2026-05-04 01:30:36,Jakarta Timur,44,53,13,0.92,56,30.4,69.0,8.5,180,0
2026-05-04 01:00:36,Jakarta Barat,55,69,19,0.63,57,26.7,76.6,6.0,213,0
2026-05-04 00:30:36,Jakarta Pusat,20,30,9,0.88,61,28.1,58.0,1.5,327,0
2026-05-04 00:00:36,Jakarta Timur,39,47,34,0.61,35,25.7,77.9,1.5,249,0
2026-05-03 23:30:36,Jakarta Selatan,37,55,15,0.2,39,32.2,70.0,0.2,343,0
2026-05-03 23:00:36,Jakarta Selatan,50,85,16,0.25,44,27.4,84.2,2.1,100,0
2026-05-03 22:30:36,Jakarta Barat,15,23,7,1.02,55,31.7,70.0,1.2,354,0
2026-05-03 22:00:36,Jakarta Utara,44,65,21,0.62,50,33.1,77.3,0.5,212,0
2026-05-03 21:30:36,Jakarta Selatan,40,69,11,0.1,40,28.8,76.0,2.5,342,0
2026-05-03 21:00:36,Jakarta Pusat,27,46,23,0.57,54,30.1,55.5,1.2,110,0
2026-05-03 20:30:36,Jakarta Selatan,62,83,26,0.65,53,27.3,79.0,2.8,12,0
2026-05-03 20:00:36,Jakarta Selatan,69,117,37,0.77,54,33.1,77.9,0.0,68,0
2026-05-03 19:30:36,Jakarta Selatan,31,55,15,0.79,49,28.8,77.0,1.5,243,0
2026-05-03 19:00:36,Jakarta Barat,50,81,33,0.84,62,35.2,61.8,5.4,356,0
2026-05-03 18:30:36,Jakarta Selatan,33,44,8,0.89,44,29.8,77.0,0.3,182,0
2026-05-03 18:00:36,Jakarta Selatan,125,160,14,4.34,26,30.0,74.6,4.1,287,1
2026-05-03 17:30:36,Jakarta Pusat,75,103,18,0.77,54,31.7,91.0,0.1,133,0
2026-05-03 17:00:36,Jakarta Utara,65,107,18,1.21,46,32.9,69.1,2.3,351,0
2026-05-03 16:30:36,Jakarta Barat,65,79,14,1.04,53,31.8,80.0,4.1,223,0
2026-05-03 16:00:36,Jakarta Barat,5,10,16,0.99,30,27.5,73.1,0.7,135,0
2026-05-03 15:30:36,Jakarta Timur,34,43,8,0.5,40,31.4,73.0,3.4,196,0
2026-05-03 15:00:36,Jakarta Pusat,18,25,2,0.5,68,26.3,77.5,0.4,224,0
2026-05-03 14:30:36,Jakarta Selatan,22,27,9,0.76,69,31.6,71.0,0.6,238,0
2026-05-03 14:00:36,Jakarta Timur,36,50,24,1.0,68,31.5,88.4,0.6,92,0
2026-05-03 13:30:36,Jakarta Pusat,8,10,22,0.74,51,29.0,70.0,0.9,65,0
2026-05-03 13:00:36,Jakarta Timur,27,33,6,0.53,25,26.1,78.1,0.3,93,0
2026-05-03 12:30:36,Jakarta Barat,34,60,24,1.28,36,30.2,67.0,2.6,345,0
2026-05-03 12:00:36,Jakarta Timur,64,84,11,0.62,31,28.6,87.0,4.6,93,0
2026-05-03 11:30:36,Jakarta Selatan,48,67,13,0.76,28,32.9,80.0,2.0,24,0
2026-05-03 11:00:36,Jakarta Pusat,88,136,31,0.97,62,32.7,84.0,10.5,106,0
2026-05-03 10:30:36,Jakarta Pusat,36,48,26,0.15,64,31.2,83.0,0.5,11,0
2026-05-03 10:00:36,Jakarta Selatan,45,79,12,1.15,29,32.6,64.7,3.5,210,0
2026-05-03 09:30:36,Jakarta Selatan,32,42,31,0.78,58,36.6,77.0,0.1,250,0
2026-05-03 09:00:36,Jakarta Utara,62,83,19,0.36,55,28.8,66.2,4.1,72,0
2026-05-03 08:30:36,Jakarta Pusat,5,10,8,0.44,38,33.7,60.0,1.3,9,0
2026-05-03 08:00:36,Jakarta Selatan,0,0,0,0.0,0,27.9,99.1,1.0,134,1
2026-05-03 07:30:36,Jakarta Selatan,53,87,16,0.73,31,32.4,86.0,1.3,199,0
2026-05-03 07:00:36,Jakarta Pusat,7,10,21,0.34,39,30.7,66.1,1.6,231,0
2026-05-03 06:30:36,Jakarta Utara,18,31,22,0.1,58,28.7,83.0,0.0,84,0
2026-05-03 06:00:36,Jakarta Pusat,16,20,12,0.12,46,24.7,54.9,2.5,120,0
2026-05-03 05:30:36,Jakarta Utara,34,55,30,0.87,59,27.1,93.0,8.2,98,0
2026-05-03 05:00:36,Jakarta Utara,5,10,27,0.18,45,27.2,81.4,0.5,344,0
2026-05-03 04:30:36,Jakarta Utara,35,50,23,1.03,55,30.3,73.0,2.9,118,0
2026-05-03 04:00:36,Jakarta Selatan,109,172,23,1.22,63,35.2,82.8,2.9,229,0
2026-05-03 03:30:36,Jakarta Barat,32,43,25,0.4,27,24.7,73.0,5.2,51,0
2026-05-03 03:00:36,Jakarta Pusat,55,92,15,0.83,70,27.1,93.8,2.8,217,0
2026-05-03 02:30:36,Jakarta Utara,46,71,20,0.82,48,35.0,86.0,0.6,117,0
2026-05-03 02:00:36,Jakarta Barat,64,104,7,0.77,40,29.9,73.3,2.0,65,0
2026-05-03 01:30:36,Jakarta Barat,39,61,9,0.97,34,30.7,73.0,0.8,19,0
2026-05-03 01:00:36,Jakarta Utara,50,60,6,0.81,24,34.2,79.3,3.5,92,0
2026-05-03 00:30:36,Jakarta Barat,42,70,11,0.68,42,27.8,81.0,3.9,83,0
2026-05-03 00:00:36,Jakarta Pusat,11,16,7,0.66,26,32.0,84.6,0.5,183,0
2026-05-02 23:30:36,Jakarta Timur,84,113,23,0.63,47,35.9,55.0,1.0,269,0
2026-05-02 23:00:36,Jakarta Barat,26,39,26,1.2,41,27.2,96.2,1.6,339,0
2026-05-02 22:30:36,Jakarta Barat,28,36,19,0.59,30,29.6,95.0,3.9,293,0
2026-05-02 22:00:36,Jakarta Timur,0,0,0,0.0,0,26.9,71.1,0.2,191,1
2026-05-02 21:30:36,Jakarta Barat,28,40,22,0.43,29,30.5,89.0,1.2,193,0
2026-05-02 21:00:36,Jakarta Utara,15,25,12,0.44,46,28.8,64.3,5.6,74,0
2026-05-02 20:30:36,Jakarta Timur,176,232,14,4.28,42,28.3,68.0,2.7,168,1
2026-05-02 20:00:36,Jakarta Utara,0,0,0,0.0,0,31.8,80.4,0.1,255,1
2026-05-02 19:30:36,Jakarta Utara,22,28,29,0.86,60,32.1,76.0,0.5,285,0
2026-05-02 19:00:36,Jakarta Barat,26,38,24,1.27,52,33.2,71.7,1.3,259,0
2026-05-02 18:30:36,Jakarta Pusat,64,109,36,0.78,41,38.3,74.0,1.2,257,0
2026-05-02 18:00:36,Jakarta Barat,41,70,27,1.55,45,29.4,69.5,6.5,323,0
2026-05-02 17:30:36,Jakarta Barat,44,63,34,1.06,48,31.6,80.0,1.7,189,0
2026-05-02 17:00:36,Jakarta Pusat,197,282,26,4.52,41,33.2,63.3,10.9,0,1
2026-05-02 16:30:36,Jakarta Utara,65,114,14,0.61,33,32.1,67.0,0.9,99,0
2026-05-02 16:00:36,Jakarta Pusat,54,67,20,1.27,48,35.4,70.5,1.0,303,0
2026-05-02 15:30:36,Jakarta Barat,32,54,10,0.6,47,28.4,82.0,0.7,311,0
2026-05-02 15:00:36,Jakarta Selatan,36,48,15,0.76,43,28.1,70.5,0.5,289,0
2026-05-02 14:30:36,Jakarta Timur,31,47,31,0.47,35,31.0,80.0,1.7,29,0
2026-05-02 14:00:36,Jakarta Pusat,31,53,23,0.36,29,30.8,56.9,3.4,4,0
2026-05-02 13:30:36,Jakarta Timur,19,30,18,0.65,38,27.3,78.0,4.3,280,0
2026-05-02 13:00:36,Jakarta Selatan,34,43,10,0.84,52,30.1,72.8,0.8,168,0
2026-05-02 12:30:36,Jakarta Utara,51,79,23,0.97,68,34.1,53.0,12.0,79,0
2026-05-02 12:00:36,Jakarta Utara,51,86,30,0.81,47,31.5,84.8,4.9,351,0
2026-05-02 11:30:36,Jakarta Timur,9,14,20,0.61,54,29.4,64.0,2.3,206,0
2026-05-02 11:00:36,Jakarta Selatan,21,36,4,0.75,40,28.3,76.1,3.2,241,0
2026-05-02 10:30:36,Jakarta Selatan,35,61,18,0.9,51,28.3,83.0,0.9,214,0
2026-05-02 10:00:36,Jakarta Utara,19,32,2,0.62,35,27.5,85.3,0.7,355,0
2026-05-02 09:30:36,Jakarta Utara,7,10,17,0.73,38,32.4,83.0,0.2,73,0
2026-05-02 09:00:36,Jakarta Pusat,57,98,24,0.88,54,28.9,60.4,9.9,77,0
2026-05-02 08:30:36,Jakarta Utara,35,60,22,0.4,45,28.8,69.0,1.5,133,0
2026-05-02 08:00:36,Jakarta Utara,45,80,6,0.36,57,31.7,87.8,0.7,37,0
2026-05-02 07:30:36,Jakarta Pusat,29,40,31,0.1,51,28.5,65.0,4.1,290,0
2026-05-02 07:00:36,Jakarta Selatan,72,102,26,1.14,47,30.8,83.7,9.5,36,0
2026-05-02 06:30:36,Jakarta Pusat,34,51,22,0.41,47,30.3,87.0,1.3,121,0
2026-05-02 06:00:36,Jakarta Barat,7,10,14,1.06,32,27.1,62.8,0.3,148,0
2026-05-02 05:30:36,Jakarta Utara,71,101,24,1.25,53,34.7,84.0,3.5,49,0
2026-05-02 05:00:36,Jakarta Timur,45,74,17,0.6,45,28.9,69.6,2.2,330,0
2026-05-02 04:30:36,Jakarta Pusat,57,70,22,0.23,39,28.8,72.0,1.7,232,0
2026-05-02 04:00:36,Jakarta Utara,39,56,10,0.33,45,30.7,76.2,0.7,97,0
2026-05-02 03:30:36,Jakarta Timur,38,58,18,1.14,31,28.6,70.0,3.6,21,0
2026-05-02 03:00:36,Jakarta Timur,53,82,20,0.51,59,30.5,83.0,4.0,5,0
2026-05-02 02:30:36,Jakarta Barat,43,74,20,1.02,58,32.4,74.0,1.6,327,0
2026-05-02 02:00:36,Jakarta Utara,59,103,30,0.48,35,30.9,80.1,0.4,307,0
2026-05-02 01:30:36,Jakarta Utara,29,36,19,0.81,50,31.6,83.0,0.4,125,0
2026-05-02 01:00:36,Jakarta Selatan,66,109,17,1.21,31,28.2,85.6,1.1,120,0
2026-05-02 00:30:36,Jakarta Utara,54,83,19,0.56,46,27.6,78.0,1.1,117,0
2026-05-02 00:00:36,Jakarta Selatan,0,0,0,0.0,0,28.6,82.3,2.4,13,1
2026-05-01 23:30:36,Jakarta Utara,48,85,14,1.03,27,30.3,72.0,8.7,235,0
2026-05-01 23:00:36,Jakarta Timur,59,95,19,0.89,35,26.8,90.1,2.2,185,0
2026-05-01 22:30:36,Jakarta Pusat,22,31,2,0.83,41,29.8,65.0,1.3,259,0
2026-05-01 22:00:36,Jakarta Pusat,62,95,28,1.22,68,32.2,68.6,3.7,106,0
2026-05-01 21:30:36,Jakarta Timur,25,43,27,0.46,57,29.8,93.0,0.0,81,0
2026-05-01 21:00:36,Jakarta Utara,48,86,13,0.21,53,27.6,78.4,2.3,354,0
2026-05-01 20:30:36,Jakarta Selatan,50,83,23,0.98,31,27.5,86.0,3.1,93,0
2026-05-01 20:00:36,Jakarta Pusat,43,73,14,0.74,24,22.4,80.7,0.9,19,0
2026-05-01 19:30:36,Jakarta Selatan,33,51,20,1.14,64,34.2,74.0,2.4,299,0
2026-05-01 19:00:36,Jakarta Pusat,32,44,14,0.73,8,23.9,86.9,2.5,341,0
2026-05-01 18:30:36,Jakarta Barat,8,12,16,0.34,48,25.5,60.0,2.2,142,0
2026-05-01 18:00:36,Jakarta Timur,78,118,20,0.71,38,31.9,79.8,9.7,26,0
2026-05-01 17:30:36,Jakarta Timur,37,55,11,1.02,70,29.2,87.0,3.4,241,0
2026-05-01 17:00:36,Jakarta Timur,37,57,15,0.81,51,33.2,59.0,0.1,261,0
2026-05-01 16:30:36,Jakarta Utara,16,21,10,0.63,36,33.6,54.0,1.3,86,0
2026-05-01 16:00:36,Jakarta Pusat,54,95,29,1.18,34,29.2,89.2,7.7,53,0
2026-05-01 15:30:36,Jakarta Barat,82,145,17,0.92,45,34.8,83.0,6.0,33,0
2026-05-01 15:00:36,Jakarta Pusat,53,79,9,0.49,46,24.9,87.0,2.7,90,0
2026-05-01 14:30:36,Jakarta Utara,37,58,11,0.82,39,26.2,67.0,0.6,57,0
2026-05-01 14:00:36,Jakarta Pusat,13,17,11,0.62,62,26.3,65.7,3.5,52,0
2026-05-01 13:30:36,Jakarta Utara,56,83,20,0.96,34,29.4,87.0,1.6,323,0
2026-05-01 13:00:36,Jakarta Barat,0,0,0,0.0,0,28.2,90.7,1.7,301,1
2026-05-01 12:30:36,Jakarta Timur,0,0,0,0.0,0,32.9,63.0,0.4,264,1
2026-05-01 12:00:36,Jakarta Pusat,48,71,22,1.14,54,32.4,76.7,5.9,54,0
2026-05-01 11:30:36,Jakarta Pusat,50,87,24,0.82,16,31.9,73.0,0.7,115,0
2026-05-01 11:00:36,Jakarta Barat,85,146,17,0.97,49,35.4,78.5,2.7,87,0
2026-05-01 10:30:36,Jakarta Pusat,0,0,0,0.0,0,35.6,63.0,5.2,164,1
2026-05-01 10:00:36,Jakarta Timur,32,40,12,0.63,55,33.4,67.5,1.5,265,0
2026-05-01 09:30:36,Jakarta Selatan,5,10,17,0.94,42,29.7,76.0,3.3,262,0
2026-05-01 09:00:36,Jakarta Barat,51,62,21,1.41,59,30.6,66.0,0.4,107,0
2026-05-01 08:30:36,Jakarta Pusat,41,51,20,0.39,55,30.8,74.0,0.7,219,0
2026-05-01 08:00:36,Jakarta Utara,13,20,10,0.83,53,28.7,69.8,0.2,333,0
2026-05-01 07:30:36,Jakarta Pusat,67,113,23,0.9,58,37.5,75.0,8.1,318,0
2026-05-01 07:00:36,Jakarta Timur,29,41,24,0.89,40,30.9,70.0,0.1,267,0
2026-05-01 06:30:36,Jakarta Selatan,40,51,36,0.68,44,27.2,93.0,1.6,320,0
2026-05-01 06:00:36,Jakarta Pusat,11,14,3,0.48,44,28.7,76.6,2.7,127,0
2026-05-01 05:30:36,Jakarta Selatan,12,14,21,0.14,35,29.7,68.0,0.7,45,0
2026-05-01 05:00:36,Jakarta Barat,45,74,25,1.01,32,33.2,90.5,6.9,186,0
2026-05-01 04:30:36,Jakarta Timur,25,37,22,0.99,67,31.0,85.0,1.3,67,0
2026-05-01 04:00:36,Jakarta Barat,62,97,13,0.14,54,31.1,69.0,1.2,333,0
2026-05-01 03:30:36,Jakarta Barat,44,62,7,1.06,51,29.6,66.0,2.0,125,0
2026-05-01 03:00:36,Jakarta Selatan,27,32,19,0.65,51,31.0,58.4,2.4,98,0
2026-05-01 02:30:36,Jakarta Barat,53,74,18,1.28,27,30.5,80.0,0.4,208,0
2026-05-01 02:00:36,Jakarta Barat,0,0,0,0.0,0,35.7,60.6,3.9,14,1
2026-05-01 01:30:36,Jakarta Selatan,30,49,5,0.57,55,25.9,86.0,0.9,176,0
2026-05-01 01:00:36,Jakarta Timur,5,10,17,0.62,43,29.8,62.0,0.2,223,0
2026-05-01 00:30:36,Jakarta Timur,137,171,9,4.34,44,34.4,54.0,0.3,211,1
2026-05-01 00:00:36,Jakarta Barat,25,44,24,0.79,55,33.7,54.5,1.8,333,0
2026-04-30 23:30:36,Jakarta Utara,60,79,9,1.05,37,28.7,73.0,1.6,107,0
2026-04-30 23:00:36,Jakarta Barat,22,27,27,0.5,53,29.9,64.3,3.2,197,0
2026-04-30 22:30:36,Jakarta Selatan,63,98,27,1.11,61,28.8,87.0,0.6,211,0
2026-04-30 22:00:36,Jakarta Barat,43,59,2,0.77,51,28.5,74.2,5.5,58,0
2026-04-30 21:30:36,Jakarta Barat,38,59,29,0.33,53,34.3,86.0,2.7,160,0
2026-04-30 21:00:36,Jakarta Timur,50,63,32,1.0,53,30.6,85.7,2.6,200,0
2026-04-30 20:30:36,Jakarta Timur,129,162,11,4.35,48,27.2,65.0,1.8,48,1
2026-04-30 20:00:36,Jakarta Selatan,52,70,24,1.0,42,33.1,84.0,4.2,170,0
2026-04-30 19:30:36,Jakarta Timur,8,10,17,0.65,60,27.9,77.0,0.1,38,0
2026-04-30 19:00:36,Jakarta Timur,27,38,17,0.44,51,26.8,76.9,1.3,118,0
2026-04-30 18:30:36,Jakarta Selatan,55,78,32,0.8,54,32.7,84.0,0.6,188,0
2026-04-30 18:00:36,Jakarta Pusat,46,56,25,0.88,53,31.3,84.9,0.1,257,0
2026-04-30 17:30:36,Jakarta Barat,78,130,10,0.48,52,34.0,92.0,7.8,190,0
2026-04-30 17:00:36,Jakarta Utara,46,68,15,1.11,47,30.7,79.0,6.4,245,0
2026-04-30 16:30:36,Jakarta Selatan,62,76,22,1.29,32,29.3,86.0,3.3,105,0
2026-04-30 16:00:36,Jakarta Pusat,11,16,8,0.96,53,25.7,72.1,0.9,348,0
2026-04-30 15:30:36,Jakarta Barat,15,25,11,0.41,50,26.4,64.0,0.1,100,0
2026-04-30 15:00:36,Jakarta Barat,5,10,23,0.23,27,26.8,51.2,1.3,166,0
2026-04-30 14:30:36,Jakarta Timur,0,0,0,0.0,0,31.4,92.0,4.1,159,1
2026-04-30 14:00:36,Jakarta Selatan,40,53,21,0.73,49,31.3,75.9,5.2,101,0
2026-04-30 13:30:36,Jakarta Utara,54,79,14,1.15,39,31.5,81.0,5.0,269,0
2026-04-30 13:00:36,Jakarta Barat,170,234,13,4.73,61,30.1,78.3,5.5,83,1
2026-04-30 12:30:36,Jakarta Selatan,32,44,18,0.62,53,29.6,82.0,4.9,327,0
2026-04-30 12:00:36,Jakarta Timur,49,73,19,0.6,38,27.0,84.9,0.4,103,0
2026-04-30 11:30:36,Jakarta Barat,44,71,14,0.33,49,27.6,67.0,0.8,213,0
2026-04-30 11:00:36,Jakarta Pusat,30,42,13,0.58,40,29.4,68.8,0.1,63,0
2026-04-30 10:30:36,Jakarta Utara,51,82,22,0.72,38,30.9,71.0,1.2,244,0
2026-04-30 10:00:36,Jakarta Selatan,5,10,12,1.24,34,26.0,71.5,0.4,216,0
2026-04-30 09:30:36,Jakarta Barat,45,62,14,0.83,43,30.2,67.0,0.8,329,0
2026-04-30 09:00:36,Jakarta Timur,28,45,15,0.43,33,26.4,71.5,3.9,72,0
2026-04-30 08:30:36,Jakarta Pusat,38,63,14,0.83,41,30.6,66.0,3.3,25,0
2026-04-30 08:00:36,Jakarta Pusat,22,26,20,0.6,45,31.6,75.2,0.6,179,0
2026-04-30 07:30:36,Jakarta Selatan,36,60,9,0.71,43,31.8,74.0,1.3,178,0
2026-04-30 07:00:36,Jakarta Timur,16,20,10,0.32,44,31.8,51.6,1.4,171,0
2026-04-30 06:30:36,Jakarta Pusat,20,30,38,1.13,30,31.6,77.0,2.6,303,0
2026-04-30 06:00:36,Jakarta Pusat,62,76,11,0.53,45,31.8,74.5,10.6,177,0
2026-04-30 05:30:36,Jakarta Barat,56,77,27,0.87,62,30.9,67.0,7.7,167,0
2026-04-30 05:00:36,Jakarta Barat,0,0,0,0.0,0,29.4,66.0,0.7,343,1
2026-04-30 04:30:36,Jakarta Barat,41,69,2,0.35,33,27.9,68.0,1.1,111,0
2026-04-30 04:00:36,Jakarta Timur,47,67,15,0.86,67,33.1,84.1,0.4,270,0
2026-04-30 03:30:36,Jakarta Pusat,51,88,24,0.49,59,30.2,54.0,5.6,316,0
2026-04-30 03:00:36,Jakarta Pusat,60,87,32,0.69,27,31.4,85.1,1.8,85,0
2026-04-30 02:30:36,Jakarta Pusat,53,87,21,0.72,57,30.7,62.0,5.5,228,0
2026-04-30 02:00:36,Jakarta Selatan,57,69,5,0.95,73,30.0,61.8,6.3,201,0
2026-04-30 01:30:36,Jakarta Utara,46,64,9,1.57,61,30.3,90.0,1.2,347,0
2026-04-30 01:00:36,Jakarta Utara,30,48,22,0.74,41,33.8,81.4,0.2,107,0
2026-04-30 00:30:36,Jakarta Pusat,82,113,30,1.3,35,28.2,84.0,15.4,273,0
2026-04-30 00:00:36,Jakarta Barat,47,70,14,0.1,46,29.0,68.0,4.4,234,0
2026-04-29 23:30:36,Jakarta Selatan,46,73,12,1.08,41,33.2,65.0,2.7,67,0
2026-04-29 23:00:36,Jakarta Pusat,36,44,18,1.07,26,28.0,91.4,0.5,270,0
2026-04-29 22:30:36,Jakarta Barat,63,84,21,0.65,42,34.0,79.0,1.9,220,0
2026-04-29 22:00:36,Jakarta Selatan,14,20,11,0.73,44,25.4,64.3,0.5,52,0
2026-04-29 21:30:36,Jakarta Utara,20,35,8,0.74,37,30.3,65.0,4.3,135,0
2026-04-29 21:00:36,Jakarta Utara,40,51,6,0.69,51,29.4,66.5,1.3,319,0
2026-04-29 20:30:36,Jakarta Selatan,19,23,29,0.97,60,28.7,74.0,0.5,21,0
2026-04-29 20:00:36,Jakarta Utara,43,59,22,1.09,24,35.3,72.0,3.2,172,0
2026-04-29 19:30:36,Jakarta Barat,30,43,16,0.71,63,30.3,80.0,0.0,200,0
2026-04-29 19:00:36,Jakarta Pusat,199,264,22,4.3100000000000005,59,33.2,78.5,1.2,93,1
2026-04-29 18:30:36,Jakarta Barat,66,81,37,0.68,28,31.9,77.0,5.4,180,0
2026-04-29 18:00:36,Jakarta Selatan,73,119,12,0.7,46,31.7,82.6,6.2,311,0
2026-04-29 17:30:36,Jakarta Selatan,29,36,15,1.12,48,25.8,70.0,0.0,85,0
2026-04-29 17:00:36,Jakarta Selatan,29,38,14,0.69,44,32.4,80.1,1.5,269,0
2026-04-29 16:30:36,Jakarta Utara,20,32,2,0.64,49,28.2,77.0,0.8,205,0
2026-04-29 16:00:36,Jakarta Utara,24,31,24,0.69,27,24.9,70.4,7.2,135,0
2026-04-29 15:30:36,Jakarta Timur,21,30,16,0.6,45,28.4,74.0,1.6,266,0
2026-04-29 15:00:36,Jakarta Selatan,36,52,12,1.12,46,26.4,64.2,10.9,245,0
2026-04-29 14:30:36,Jakarta Selatan,33,52,20,0.51,29,27.4,68.0,0.6,245,0
2026-04-29 14:00:36,Jakarta Timur,155,210,4,4.02,42,26.2,65.3,1.1,283,1
2026-04-29 13:30:36,Jakarta Barat,22,28,9,1.16,58,30.9,70.0,0.9,234,0
2026-04-29 13:00:36,Jakarta Utara,43,52,32,1.11,62,31.6,67.0,1.7,67,0
2026-04-29 12:30:36,Jakarta Timur,39,69,27,1.27,50,31.7,84.0,4.6,138,0
2026-04-29 12:00:36,Jakarta Utara,47,65,26,0.1,65,28.1,66.8,4.3,58,0
2026-04-29 11:30:36,Jakarta Pusat,53,87,16,1.14,34,28.9,90.0,0.1,245,0
2026-04-29 11:00:36,Jakarta Selatan,23,33,7,0.96,48,27.7,68.3,0.0,282,0
2026-04-29 10:30:36,Jakarta Selatan,36,51,27,0.82,40,30.5,69.0,1.8,156,0
2026-04-29 10:00:36,Jakarta Timur,36,51,21,0.7,47,35.6,80.9,3.0,165,0
2026-04-29 09:30:36,Jakarta Pusat,62,77,29,0.7,52,32.8,80.0,4.8,230,0
2026-04-29 09:00:36,Jakarta Selatan,52,70,17,0.79,46,30.1,81.7,3.8,96,0
2026-04-29 08:30:36,Jakarta Utara,46,59,28,0.85,56,29.3,74.0,2.8,233,0
2026-04-29 08:00:36,Jakarta Pusat,88,138,27,0.8,41,30.5,78.3,5.8,277,0
2026-04-29 07:30:36,Jakarta Timur,0,0,0,0.0,0,33.9,64.0,0.3,288,1
2026-04-29 07:00:36,Jakarta Utara,68,121,27,0.92,49,33.1,85.1,2.6,171,0
2026-04-29 06:30:36,Jakarta Barat,20,34,18,0.65,42,28.4,82.0,0.6,344,0
2026-04-29 06:00:36,Jakarta Selatan,39,65,17,0.38,30,26.2,75.5,2.0,81,0
2026-04-29 05:30:36,Jakarta Barat,18,24,22,0.46,58,26.5,72.0,1.1,232,0
2026-04-29 05:00:36,Jakarta Selatan,60,86,21,1.29,30,28.2,73.2,3.3,352,0
2026-04-29 04:30:36,Jakarta Selatan,18,31,10,0.73,24,31.9,65.0,4.7,147,0
2026-04-29 04:00:36,Jakarta Selatan,47,63,19,0.93,30,28.7,82.9,4.2,328,0
2026-04-29 03:30:36,Jakarta Barat,40,60,2,0.91,35,27.2,84.0,1.7,10,0
2026-04-29 03:00:36,Jakarta Pusat,56,100,23,1.24,43,26.2,80.3,6.7,190,0
2026-04-29 02:30:36,Jakarta Barat,70,122,30,1.13,41,35.2,65.0,7.6,190,0
2026-04-29 02:00:36,Jakarta Barat,31,40,26,1.44,63,30.8,73.9,2.5,137,0
2026-04-29 01:30:36,Jakarta Utara,0,0,0,0.0,0,28.3,85.0,2.1,75,1
2026-04-29 01:00:36,Jakarta Timur,5,10,13,0.46,39,32.5,62.4,3.0,124,0
2026-04-29 00:30:36,Jakarta Barat,32,57,28,1.09,48,35.2,61.0,0.5,52,0
2026-04-29 00:00:36,Jakarta Timur,34,41,29,0.44,62,28.1,82.3,1.0,127,0
2026-04-28 23:30:36,Jakarta Utara,41,60,18,0.22,46,26.6,70.0,5.2,318,0
2026-04-28 23:00:36,Jakarta Selatan,11,17,23,0.31,58,29.5,59.0,0.7,208,0
2026-04-28 22:30:36,Jakarta Barat,72,117,21,0.9,40,31.9,70.0,0.1,35,0
2026-04-28 22:00:36,Jakarta Barat,65,103,12,1.13,77,33.2,75.3,2.9,309,0
2026-04-28 21:30:36,Jakarta Timur,41,50,24,0.82,41,31.9,69.0,0.3,322,0
2026-04-28 21:00:36,Jakarta Utara,10,15,11,1.04,33,24.8,78.4,0.6,207,0
2026-04-28 20:30:36,Jakarta Timur,8,12,18,0.53,49,23.9,61.0,0.7,10,0
2026-04-28 20:00:36,Jakarta Barat,51,75,17,0.97,21,35.4,80.1,4.6,30,0
2026-04-28 19:30:36,Jakarta Barat,32,46,15,0.78,30,30.1,64.0,1.0,123,0
2026-04-28 19:00:36,Jakarta Selatan,8,14,11,0.35,19,24.5,57.7,0.5,282,0
2026-04-28 18:30:36,Jakarta Barat,58,93,30,1.09,51,33.7,82.0,4.9,264,0
2026-04-28 18:00:36,Jakarta Selatan,6,10,7,0.45,54,27.0,67.3,0.0,106,0
2026-04-28 17:30:36,Jakarta Timur,73,91,20,0.77,44,28.8,62.0,3.8,220,0
2026-04-28 17:00:36,Jakarta Utara,31,46,12,0.89,45,26.8,69.7,0.1,91,0
2026-04-28 16:30:36,Jakarta Barat,32,48,16,0.71,26,28.3,83.0,0.0,55,0
2026-04-28 16:00:36,Jakarta Selatan,42,50,26,0.92,38,26.0,83.2,4.9,118,0
2026-04-28 15:30:36,Jakarta Selatan,43,64,16,0.81,42,29.6,88.0,2.3,121,0
2026-04-28 15:00:36,Jakarta Selatan,47,59,23,0.62,35,31.8,97.1,0.4,60,0
2026-04-28 14:30:36,Jakarta Utara,24,39,16,0.51,17,26.3,73.0,1.0,25,0
2026-04-28 14:00:36,Jakarta Barat,34,53,8,1.09,29,30.5,66.6,3.9,293,0
2026-04-28 13:30:36,Jakarta Selatan,26,46,18,0.53,47,27.8,95.0,0.6,127,0
2026-04-28 13:00:36,Jakarta Timur,90,146,39,1.48,62,36.8,80.0,7.4,193,0
2026-04-28 12:30:36,Jakarta Barat,29,46,16,1.18,63,26.5,68.0,4.5,320,0
2026-04-28 12:00:36,Jakarta Utara,51,80,10,0.53,48,34.3,81.9,3.3,310,0
2026-04-28 11:30:36,Jakarta Pusat,24,36,22,1.0,56,35.4,66.0,2.4,135,0
2026-04-28 11:00:36,Jakarta Pusat,17,23,30,0.83,43,30.2,72.4,1.4,331,0
2026-04-28 10:30:36,Jakarta Selatan,28,49,14,1.2,60,31.5,71.0,0.6,89,0
2026-04-28 10:00:36,Jakarta Barat,12,16,11,0.39,44,30.2,70.6,3.8,135,0
2026-04-28 09:30:36,Jakarta Pusat,54,95,10,0.62,51,30.4,82.0,9.9,356,0
2026-04-28 09:00:36,Jakarta Utara,21,35,36,0.47,59,29.1,68.0,0.2,355,0
2026-04-28 08:30:36,Jakarta Timur,11,19,12,0.86,52,35.7,57.0,0.9,108,0
2026-04-28 08:00:36,Jakarta Utara,20,34,22,0.82,61,33.9,88.6,0.3,151,0
2026-04-28 07:30:36,Jakarta Barat,5,10,20,0.35,53,24.9,74.0,2.9,235,0
2026-04-28 07:00:36,Jakarta Barat,62,88,24,1.44,46,33.7,79.0,4.6,241,0
2026-04-28 06:30:36,Jakarta Barat,0,0,0,0.0,0,26.1,79.0,1.5,314,1
2026-04-28 06:00:36,Jakarta Pusat,50,81,13,1.16,53,28.9,60.8,8.9,297,0
2026-04-28 05:30:36,Jakarta Barat,38,46,19,0.9,41,29.0,80.0,2.2,51,0
2026-04-28 05:00:36,Jakarta Timur,57,70,2,1.05,42,33.0,68.9,1.4,220,0
2026-04-28 04:30:36,Jakarta Selatan,44,63,19,0.68,36,29.3,89.0,2.8,279,0
2026-04-28 04:00:36,Jakarta Utara,32,42,12,0.19,41,22.7,74.0,7.5,133,0
2026-04-28 03:30:36,Jakarta Timur,49,73,12,0.41,40,27.3,80.0,0.4,17,0
2026-04-28 03:00:36,Jakarta Timur,9,14,11,0.43,43,30.2,50.0,0.5,246,0
2026-04-28 02:30:36,Jakarta Pusat,0,0,0,0.0,0,30.6,88.0,0.5,53,1
2026-04-28 02:00:36,Jakarta Barat,39,57,26,0.67,53,32.6,71.9,4.0,333,0
2026-04-28 01:30:36,Jakarta Selatan,11,13,28,0.82,42,31.4,70.0,0.8,295,0
2026-04-28 01:00:36,Jakarta Utara,52,78,22,0.48,56,35.1,87.7,0.3,145,0
2026-04-28 00:30:36,Jakarta Pusat,65,115,18,1.1,36,32.3,79.0,4.1,236,0
2026-04-28 00:00:36,Jakarta Utara,42,53,19,0.58,62,31.1,75.3,3.9,226,0
2026-04-27 23:30:36,Jakarta Timur,53,87,27,0.94,68,32.8,75.0,5.4,28,0
2026-04-27 23:00:36,Jakarta Pusat,45,77,13,0.65,58,31.5,81.7,1.2,298,0
2026-04-27 22:30:36,Jakarta Timur,68,106,39,1.0,48,30.3,87.0,3.6,28,0
2026-04-27 22:00:36,Jakarta Barat,24,34,27,0.57,44,31.4,70.5,8.3,192,0
2026-04-27 21:30:36,Jakarta Selatan,85,103,17,0.1,53,27.6,77.0,0.6,274,0
2026-04-27 21:00:36,Jakarta Pusat,21,32,2,0.49,47,30.9,53.8,0.7,243,0
2026-04-27 20:30:36,Jakarta Utara,39,65,21,0.85,34,30.6,61.0,0.5,300,0
2026-04-27 20:00:36,Jakarta Pusat,45,75,25,0.9,37,26.1,77.4,2.9,219,0
2026-04-27 19:30:36,Jakarta Timur,31,42,9,1.05,52,32.3,82.0,0.0,51,0
2026-04-27 19:00:36,Jakarta Barat,67,96,19,0.45,54,37.1,76.1,5.6,69,0
2026-04-27 18:30:36,Jakarta Pusat,12,20,33,0.63,54,27.7,86.0,0.2,124,0
2026-04-27 18:00:36,Jakarta Timur,28,44,9,1.08,54,31.9,56.9,0.8,354,0
2026-04-27 17:30:36,Jakarta Barat,5,10,10,0.14,38,28.1,62.0,1.2,344,0
2026-04-27 17:00:36,Jakarta Selatan,60,79,30,0.77,37,29.3,81.6,3.0,233,0
2026-04-27 16:30:36,Jakarta Barat,24,37,4,0.1,32,26.7,79.0,0.8,203,0
2026-04-27 16:00:36,Jakarta Barat,33,47,3,0.72,48,31.5,81.7,0.8,230,0
2026-04-27 15:30:36,Jakarta Selatan,24,36,11,0.51,47,27.4,79.0,0.3,41,0
2026-04-27 15:00:36,Jakarta Timur,22,37,22,0.66,69,30.3,88.8,0.1,101,0
2026-04-27 14:30:36,Jakarta Barat,20,27,4,1.01,61,32.2,63.0,2.1,120,0
2026-04-27 14:00:36,Jakarta Utara,30,42,25,0.1,65,29.7,68.5,1.9,90,0
2026-04-27 13:30:36,Jakarta Barat,30,45,32,1.2,36,31.2,68.0,2.3,182,0
2026-04-27 13:00:36,Jakarta Barat,16,21,18,0.66,55,27.1,70.2,1.2,24,0
2026-04-27 12:30:36,Jakarta Barat,57,68,12,0.16,58,31.6,94.0,0.8,232,0
2026-04-27 12:00:36,Jakarta Barat,0,0,0,0.0,0,27.1,80.1,0.5,39,1
2026-04-27 11:30:36,Jakarta Barat,19,32,11,0.77,28,31.2,80.0,0.2,62,0
2026-04-27 11:00:36,Jakarta Pusat,35,54,9,0.52,75,23.3,74.9,6.8,19,0
2026-04-27 10:30:36,Jakarta Selatan,65,89,34,1.24,56,33.1,65.0,2.2,172,0
2026-04-27 10:00:36,Jakarta Selatan,60,97,28,0.74,51,28.2,76.2,5.5,109,0
2026-04-27 09:30:36,Jakarta Selatan,24,36,20,0.22,55,31.6,79.0,0.8,222,0
2026-04-27 09:00:36,Jakarta Barat,38,60,10,0.9,37,29.1,74.5,0.7,211,0
2026-04-27 08:30:36,Jakarta Pusat,64,83,26,1.15,20,28.5,76.0,8.9,4,0
2026-04-27 08:00:36,Jakarta Utara,51,67,36,0.83,38,29.7,67.3,2.5,68,0
2026-04-27 07:30:36,Jakarta Timur,56,87,13,0.64,48,30.0,68.0,1.0,141,0
2026-04-27 07:00:36,Jakarta Utara,40,71,2,0.6,37,28.2,52.7,2.9,309,0
2026-04-27 06:30:36,Jakarta Barat,40,69,4,0.44,50,28.2,64.0,0.6,225,0
2026-04-27 06:00:36,Jakarta Barat,23,32,35,0.56,33,29.0,59.1,3.4,199,0
2026-04-27 05:30:36,Jakarta Barat,49,76,21,0.61,42,33.5,77.0,3.6,238,0
2026-04-27 05:00:36,Jakarta Selatan,43,57,16,0.8,52,32.5,86.8,1.8,30,0
2026-04-27 04:30:36,Jakarta Pusat,24,36,8,0.96,37,28.3,81.0,1.5,114,0
2026-04-27 04:00:36,Jakarta Barat,42,71,20,0.99,33,31.4,93.8,1.1,301,0
2026-04-27 03:30:36,Jakarta Barat,34,47,21,0.34,41,23.9,76.0,1.0,117,0
2026-04-27 03:00:36,Jakarta Barat,31,52,21,0.46,28,27.3,67.9,0.6,30,0
2026-04-27 02:30:36,Jakarta Timur,46,72,26,0.74,58,32.9,80.0,1.6,258,0
2026-04-27 02:00:36,Jakarta Utara,31,54,9,0.77,52,30.0,71.1,0.9,334,0
2026-04-27 01:30:36,Jakarta Pusat,22,33,15,0.35,41,31.9,76.0,3.6,247,0
2026-04-27 01:00:36,Jakarta Barat,34,43,9,0.53,43,28.5,82.1,1.1,291,0
2026-04-27 00:30:36,Jakarta Barat,29,37,8,0.6,34,33.9,75.0,0.6,299,0
2026-04-27 00:00:36,Jakarta Pusat,23,38,2,0.24,39,28.1,72.3,0.6,170,0
2026-04-26 23:30:36,Jakarta Utara,34,50,17,0.21,32,29.7,73.0,2.8,48,0
2026-04-26 23:00:36,Jakarta Utara,21,32,33,0.44,37,28.1,75.0,0.8,132,0
2026-04-26 22:30:36,Jakarta Pusat,64,81,11,0.58,49,27.3,84.0,4.3,321,0
2026-04-26 22:00:36,Jakarta Pusat,35,42,15,0.56,54,27.2,82.2,3.0,312,0
2026-04-26 21:30:36,Jakarta Barat,46,69,19,0.24,59,28.7,51.0,1.5,191,0
2026-04-26 21:00:36,Jakarta Selatan,52,64,34,1.12,51,31.2,63.1,4.2,129,0
2026-04-26 20:30:36,Jakarta Pusat,28,39,23,0.73,22,27.7,70.0,0.5,13,0
2026-04-26 20:00:36,Jakarta Pusat,0,0,0,0.0,0,32.0,62.1,4.8,80,1
2026-04-26 19:30:36,Jakarta Barat,35,55,15,0.51,65,31.7,54.0,0.7,96,0
2026-04-26 19:00:36,Jakarta Timur,51,83,14,0.92,43,33.0,64.6,1.1,68,0
2026-04-26 18:30:36,Jakarta Barat,58,95,15,1.43,44,29.1,86.0,3.4,72,0
2026-04-26 18:00:36,Jakarta Barat,45,56,16,0.95,50,33.8,83.1,0.8,205,0
2026-04-26 17:30:36,Jakarta Pusat,58,85,25,0.91,57,26.2,75.0,0.3,323,0
2026-04-26 17:00:36,Jakarta Timur,5,10,10,0.9,76,23.2,61.1,0.2,147,0
2026-04-26 16:30:36,Jakarta Pusat,40,54,22,1.01,41,31.3,57.0,2.1,226,0
2026-04-26 16:00:36,Jakarta Selatan,81,139,39,0.84,39,33.7,62.3,6.0,84,0
2026-04-26 15:30:36,Jakarta Selatan,68,107,42,0.56,43,28.3,80.0,4.2,2,0
2026-04-26 15:00:36,Jakarta Utara,12,19,11,0.61,34,25.0,56.0,2.0,281,0
2026-04-26 14:30:36,Jakarta Barat,18,27,13,0.41,57,27.0,83.0,1.2,250,0
2026-04-26 14:00:36,Jakarta Selatan,49,83,15,0.37,53,27.3,79.4,0.1,285,0
2026-04-26 13:30:36,Jakarta Selatan,53,82,23,1.17,45,35.8,80.0,0.1,21,0
2026-04-26 13:00:36,Jakarta Selatan,34,55,10,0.26,57,22.3,67.2,1.0,38,0
2026-04-26 12:30:36,Jakarta Selatan,61,73,23,1.25,50,29.7,92.0,1.1,170,0
2026-04-26 12:00:36,Jakarta Barat,52,68,25,0.93,45,30.9,85.8,2.2,237,0
2026-04-26 11:30:36,Jakarta Timur,55,97,2,1.17,43,29.0,97.0,0.4,267,0
2026-04-26 11:00:36,Jakarta Selatan,5,10,6,0.66,24,23.9,74.4,1.3,322,0
2026-04-26 10:30:36,Jakarta Utara,22,30,15,0.48,32,29.9,73.0,1.8,107,0
2026-04-26 10:00:36,Jakarta Selatan,47,69,20,0.63,44,25.7,61.3,0.3,35,0
2026-04-26 09:30:36,Jakarta Barat,50,70,18,1.03,45,26.3,61.0,9.7,129,0
2026-04-26 09:00:36,Jakarta Pusat,63,85,31,0.9,32,32.8,70.8,12.0,125,0
2026-04-26 08:30:36,Jakarta Timur,45,67,32,1.22,55,29.2,86.0,2.4,231,0
2026-04-26 08:00:36,Jakarta Utara,32,56,12,0.97,49,27.2,58.7,2.8,136,0
2026-04-26 07:30:36,Jakarta Barat,51,73,23,1.07,49,29.3,82.0,3.0,20,0
2026-04-26 07:00:36,Jakarta Utara,0,0,0,0.0,0,32.8,65.6,1.0,20,1
2026-04-26 06:30:36,Jakarta Selatan,43,66,19,0.88,60,31.4,70.0,1.6,52,0
2026-04-26 06:00:36,Jakarta Pusat,133,166,19,4.54,66,29.6,68.5,2.7,138,1
2026-04-26 05:30:36,Jakarta Utara,57,90,23,1.21,56,30.4,73.0,6.0,183,0
2026-04-26 05:00:36,Jakarta Timur,21,27,15,0.1,55,20.8,75.2,3.7,30,0
2026-04-26 04:30:36,Jakarta Timur,81,137,37,1.46,49,36.4,76.0,15.2,52,0
2026-04-26 04:00:36,Jakarta Barat,39,60,22,0.49,52,27.9,81.0,0.5,130,0
2026-04-26 03:30:36,Jakarta Utara,42,66,10,0.69,33,30.5,75.0,1.0,123,0
2026-04-26 03:00:36,Jakarta Selatan,34,47,18,0.63,29,34.1,77.2,0.5,93,0
2026-04-26 02:30:36,Jakarta Selatan,47,75,26,1.06,49,30.5,83.0,3.7,143,0
2026-04-26 02:00:36,Jakarta Timur,5,10,15,0.98,62,22.2,64.1,1.8,290,0
2026-04-26 01:30:36,Jakarta Timur,32,39,7,0.97,24,25.5,77.0,2.4,348,0
2026-04-26 01:00:36,Jakarta Pusat,54,90,18,0.71,48,32.6,74.2,0.9,271,0
2026-04-26 00:30:36,Jakarta Pusat,28,36,15,0.63,43,32.4,54.0,4.6,325,0
2026-04-26 00:00:36,Jakarta Selatan,17,22,9,0.46,41,27.4,70.1,3.2,298,0
2026-04-25 23:30:36,Jakarta Selatan,36,51,18,0.31,38,32.9,64.0,1.3,113,0
2026-04-25 23:00:36,Jakarta Pusat,29,50,13,0.62,34,29.7,73.7,0.9,201,0
2026-04-25 22:30:36,Jakarta Selatan,13,16,7,0.44,41,27.7,61.0,1.2,42,0
2026-04-25 22:00:36,Jakarta Barat,5,10,9,0.73,39,28.9,67.2,1.3,6,0
2026-04-25 21:30:36,Jakarta Pusat,0,0,0,0.0,0,27.8,79.0,1.5,227,1
2026-04-25 21:00:36,Jakarta Pusat,45,80,28,0.63,31,32.8,80.1,1.7,57,0
2026-04-25 20:30:36,Jakarta Pusat,37,58,23,0.48,53,27.8,83.0,0.8,215,0
2026-04-25 20:00:36,Jakarta Barat,57,98,2,0.58,72,27.6,77.0,0.4,217,0
2026-04-25 19:30:36,Jakarta Pusat,34,55,17,0.49,32,25.0,80.0,1.9,116,0
2026-04-25 19:00:36,Jakarta Pusat,0,0,0,0.0,0,28.8,70.8,0.1,184,1
2026-04-25 18:30:36,Jakarta Pusat,53,65,28,0.56,29,30.8,87.0,4.7,297,0
2026-04-25 18:00:36,Jakarta Timur,30,47,13,0.63,43,31.7,62.5,0.2,29,0
2026-04-25 17:30:36,Jakarta Selatan,47,65,16,0.87,55,28.7,89.0,0.2,254,0
2026-04-25 17:00:36,Jakarta Pusat,28,41,20,0.68,25,31.3,81.5,0.4,218,0
2026-04-25 16:30:36,Jakarta Barat,50,86,18,1.09,54,24.2,81.0,0.2,135,0
2026-04-25 16:00:36,Jakarta Selatan,155,210,5,4.63,40,32.6,80.4,1.3,247,1
2026-04-25 15:30:36,Jakarta Utara,53,78,23,0.92,36,30.4,74.0,1.4,154,0
2026-04-25 15:00:36,Jakarta Timur,33,41,12,0.1,46,30.4,74.6,0.4,14,0
2026-04-25 14:30:36,Jakarta Timur,65,97,9,0.91,46,33.6,72.0,3.5,244,0
2026-04-25 14:00:36,Jakarta Utara,54,90,20,0.63,33,34.2,82.8,5.4,227,0
2026-04-25 13:30:36,Jakarta Timur,49,68,6,0.57,42,26.9,77.0,2.1,280,0
2026-04-25 13:00:36,Jakarta Barat,38,61,26,0.74,50,30.2,72.6,1.7,337,0
2026-04-25 12:30:36,Jakarta Selatan,66,98,12,1.16,58,29.2,73.0,0.3,171,0
2026-04-25 12:00:36,Jakarta Timur,8,13,5,0.8,51,26.6,76.8,0.5,141,0
2026-04-25 11:30:36,Jakarta Barat,62,76,25,0.75,52,32.2,78.0,7.6,338,0
2026-04-25 11:00:36,Jakarta Pusat,19,32,14,1.02,61,23.7,61.5,0.1,298,0
2026-04-25 10:30:36,Jakarta Barat,41,49,7,0.98,46,31.7,81.0,1.7,84,0
2026-04-25 10:00:36,Jakarta Utara,17,24,21,0.52,36,28.4,84.3,5.5,338,0
2026-04-25 09:30:36,Jakarta Pusat,17,21,12,1.25,37,28.7,81.0,0.1,65,0
2026-04-25 09:00:36,Jakarta Selatan,35,59,22,1.2,44,25.3,88.0,0.5,227,0
2026-04-25 08:30:36,Jakarta Barat,41,61,21,1.0,31,29.1,89.0,4.7,91,0
2026-04-25 08:00:36,Jakarta Utara,23,37,10,1.17,52,34.3,55.6,1.8,14,0
2026-04-25 07:30:36,Jakarta Selatan,146,182,21,4.05,86,36.4,83.0,0.6,195,1
2026-04-25 07:00:36,Jakarta Selatan,93,116,29,1.7,52,37.3,79.6,8.8,353,0
2026-04-25 06:30:36,Jakarta Barat,36,53,40,1.56,37,32.0,94.0,5.0,219,0
2026-04-25 06:00:36,Jakarta Utara,5,10,14,0.7,42,27.1,67.3,1.1,313,0
2026-04-25 05:30:36,Jakarta Selatan,48,61,6,0.29,46,27.7,63.0,3.1,3,0
2026-04-25 05:00:36,Jakarta Selatan,43,65,16,0.69,37,27.8,60.9,3.3,64,0
2026-04-25 04:30:36,Jakarta Timur,25,35,26,0.89,28,28.8,79.0,0.6,113,0
2026-04-25 04:00:36,Jakarta Utara,27,44,4,1.04,51,27.8,70.7,3.0,115,0
2026-04-25 03:30:36,Jakarta Utara,53,73,6,0.65,38,27.2,61.0,1.0,90,0
2026-04-25 03:00:36,Jakarta Timur,30,42,28,1.26,5,30.5,89.3,0.6,18,0
2026-04-25 02:30:36,Jakarta Barat,140,178,16,4.12,43,27.6,79.0,1.9,219,1
2026-04-25 02:00:36,Jakarta Utara,51,77,27,0.83,61,23.9,79.7,5.6,201,0
2026-04-25 01:30:36,Jakarta Utara,28,35,18,0.5,39,35.4,73.0,0.6,284,0
2026-04-25 01:00:36,Jakarta Utara,65,78,31,1.52,33,31.9,77.2,7.3,315,0
2026-04-25 00:30:36,Jakarta Pusat,150,197,9,4.68,41,31.1,87.0,0.1,132,1
2026-04-25 00:00:36,Jakarta Selatan,60,101,19,0.92,49,27.3,72.2,2.1,342,0
2026-04-24 23:30:36,Jakarta Timur,148,196,18,4.57,51,28.1,81.0,0.1,327,1
2026-04-24 23:00:36,Jakarta Selatan,52,71,21,0.7,47,27.2,92.0,0.2,215,0
2026-04-24 22:30:36,Jakarta Pusat,47,58,24,1.06,56,30.2,83.0,4.1,207,0
2026-04-24 22:00:36,Jakarta Pusat,28,35,10,1.25,43,29.3,66.8,6.3,196,0
2026-04-24 21:30:36,Jakarta Pusat,45,66,21,1.29,51,31.5,66.0,3.5,25,0
2026-04-24 21:00:36,Jakarta Utara,62,90,13,0.34,31,28.9,90.6,2.0,278,0
2026-04-24 20:30:36,Jakarta Barat,37,45,7,0.84,50,27.3,65.0,1.1,109,0
2026-04-24 20:00:36,Jakarta Selatan,9,13,26,0.4,47,27.3,68.3,2.2,243,0
2026-04-24 19:30:36,Jakarta Selatan,5,10,15,0.1,47,23.3,74.0,0.9,135,0
2026-04-24 19:00:36,Jakarta Utara,59,91,25,0.48,68,38.7,65.7,0.2,332,0
2026-04-24 18:30:36,Jakarta Pusat,37,56,16,1.21,45,31.0,73.0,0.2,339,0
2026-04-24 18:00:36,Jakarta Pusat,5,10,18,0.95,49,24.9,57.8,0.3,159,0
2026-04-24 17:30:36,Jakarta Pusat,46,66,24,1.22,43,29.5,76.0,1.9,281,0
2026-04-24 17:00:36,Jakarta Timur,40,59,20,1.05,47,28.5,79.1,0.7,95,0
2026-04-24 16:30:36,Jakarta Utara,34,59,10,0.81,50,28.4,47.0,0.2,15,0
2026-04-24 16:00:36,Jakarta Barat,40,71,4,0.56,58,26.4,73.5,4.6,16,0
2026-04-24 15:30:36,Jakarta Utara,43,63,12,0.95,62,30.3,61.0,1.8,217,0
2026-04-24 15:00:36,Jakarta Barat,36,44,20,0.89,37,34.8,87.0,0.6,81,0
2026-04-24 14:30:36,Jakarta Utara,16,28,17,0.77,54,26.9,69.0,1.3,73,0
2026-04-24 14:00:36,Jakarta Utara,7,12,23,0.55,48,29.0,63.6,0.0,327,0
2026-04-24 13:30:36,Jakarta Utara,39,47,22,0.48,59,29.7,80.0,0.9,350,0
2026-04-24 13:00:36,Jakarta Timur,60,106,23,0.6,54,35.0,76.6,0.8,337,0
2026-04-24 12:30:36,Jakarta Pusat,53,70,16,1.04,54,33.3,68.0,0.3,278,0
2026-04-24 12:00:36,Jakarta Utara,22,32,22,0.98,50,28.2,60.7,7.5,274,0
2026-04-24 11:30:36,Jakarta Pusat,39,69,3,0.56,54,32.4,67.0,0.5,149,0
2026-04-24 11:00:36,Jakarta Timur,29,38,25,0.8,45,26.7,66.1,2.3,72,0
2026-04-24 10:30:36,Jakarta Selatan,48,79,17,0.7,49,29.7,72.0,1.6,204,0
2026-04-24 10:00:36,Jakarta Utara,60,102,16,0.95,52,31.9,64.9,0.3,68,0
2026-04-24 09:30:36,Jakarta Timur,151,190,22,4.01,55,36.5,55.0,0.4,254,1
2026-04-24 09:00:36,Jakarta Timur,56,69,33,1.06,47,28.0,69.8,10.0,105,0
2026-04-24 08:30:36,Jakarta Barat,50,65,3,0.93,39,26.4,73.0,1.7,141,0
2026-04-24 08:00:36,Jakarta Barat,52,83,25,0.52,37,31.6,77.8,0.4,94,0
2026-04-24 07:30:36,Jakarta Timur,42,75,19,1.18,35,25.1,84.0,11.3,70,0
2026-04-24 07:00:36,Jakarta Selatan,25,32,29,0.57,46,26.8,83.6,1.7,47,0
2026-04-24 06:30:36,Jakarta Selatan,33,53,5,0.54,42,26.4,90.0,1.3,180,0
2026-04-24 06:00:36,Jakarta Timur,34,45,5,0.44,56,28.0,72.7,1.5,249,0
2026-04-24 05:30:36,Jakarta Pusat,48,73,18,0.56,39,25.0,76.0,5.8,275,0
2026-04-24 05:00:36,Jakarta Selatan,51,73,2,0.57,64,30.2,92.1,0.3,79,0
2026-04-24 04:30:36,Jakarta Selatan,21,27,18,1.35,55,29.8,74.0,1.5,37,0
2026-04-24 04:00:36,Jakarta Utara,62,93,23,0.96,53,27.9,75.8,3.1,137,0
2026-04-24 03:30:36,Jakarta Utara,43,65,2,0.7,46,29.9,88.0,1.8,221,0
2026-04-24 03:00:36,Jakarta Timur,5,10,8,0.96,39,27.4,55.5,1.8,357,0
2026-04-24 02:30:36,Jakarta Pusat,52,68,27,0.89,42,33.6,93.0,2.6,283,0
2026-04-24 02:00:36,Jakarta Utara,20,25,2,0.96,54,27.1,71.1,0.5,279,0
2026-04-24 01:30:36,Jakarta Selatan,28,45,17,0.88,49,30.8,79.0,1.1,229,0
2026-04-24 01:00:36,Jakarta Utara,41,72,19,0.96,54,32.6,73.2,0.5,349,0
2026-04-24 00:30:36,Jakarta Barat,22,30,6,1.73,41,28.0,88.0,0.1,303,0
2026-04-24 00:00:36,Jakarta Selatan,8,13,13,0.61,38,27.8,63.4,2.5,47,0
2026-04-23 23:30:36,Jakarta Timur,5,10,22,0.43,47,28.2,78.0,0.9,99,0
2026-04-23 23:00:36,Jakarta Barat,19,33,23,0.38,48,23.8,81.7,3.9,228,0
2026-04-23 22:30:36,Jakarta Barat,42,57,15,1.02,31,30.1,68.0,2.0,68,0
2026-04-23 22:00:36,Jakarta Timur,50,65,26,0.39,65,31.3,63.0,3.2,52,0
2026-04-23 21:30:36,Jakarta Barat,5,10,13,0.78,42,26.0,58.0,0.4,206,0
2026-04-23 21:00:36,Jakarta Utara,60,98,28,0.77,32,30.8,75.3,1.2,246,0
2026-04-23 20:30:36,Jakarta Pusat,32,55,28,0.91,48,34.3,60.0,0.2,124,0
2026-04-23 20:00:36,Jakarta Utara,66,82,24,0.55,59,33.6,77.4,0.6,310,0
2026-04-23 19:30:36,Jakarta Utara,39,69,25,1.07,55,34.2,62.0,2.4,247,0
2026-04-23 19:00:36,Jakarta Pusat,51,86,17,0.73,28,27.2,64.3,3.7,178,0
2026-04-23 18:30:36,Jakarta Selatan,19,23,7,0.77,52,30.7,77.0,3.1,168,0
2026-04-23 18:00:36,Jakarta Timur,39,47,19,0.98,49,31.0,87.0,0.3,116,0
2026-04-23 17:30:36,Jakarta Utara,172,235,14,4.26,28,27.7,73.0,0.5,175,1
2026-04-23 17:00:36,Jakarta Pusat,34,48,23,0.98,57,28.4,89.1,4.5,351,0
2026-04-23 16:30:36,Jakarta Selatan,49,83,25,0.67,25,28.6,82.0,5.1,235,0
2026-04-23 16:00:36,Jakarta Utara,73,120,6,0.51,60,33.5,84.2,4.7,143,0
2026-04-23 15:30:36,Jakarta Pusat,20,35,9,1.29,36,29.5,77.0,2.9,51,0
2026-04-23 15:00:36,Jakarta Barat,0,0,0,0.0,0,29.5,80.0,0.1,108,1
2026-04-23 14:30:36,Jakarta Timur,0,0,0,0.0,0,31.5,65.0,3.1,61,1
2026-04-23 14:00:36,Jakarta Barat,29,45,14,0.8,28,33.6,62.4,3.3,265,0
2026-04-23 13:30:36,Jakarta Pusat,42,72,11,0.41,51,24.3,80.0,1.9,74,0
2026-04-23 13:00:36,Jakarta Barat,26,31,19,0.61,44,30.6,57.4,3.7,276,0
2026-04-23 12:30:36,Jakarta Utara,34,57,22,0.28,23,29.3,67.0,1.0,40,0
2026-04-23 12:00:36,Jakarta Pusat,44,58,13,0.81,38,28.2,88.1,1.6,296,0
2026-04-23 11:30:36,Jakarta Utara,39,55,25,0.75,36,29.6,74.0,1.4,56,0
2026-04-23 11:00:36,Jakarta Utara,26,38,13,0.7,50,30.6,88.9,0.4,283,0
2026-04-23 10:30:36,Jakarta Pusat,26,35,9,0.95,57,30.7,70.0,0.5,113,0
2026-04-23 10:00:36,Jakarta Pusat,76,101,17,0.98,57,33.3,85.9,5.4,106,0
2026-04-23 09:30:36,Jakarta Utara,47,74,15,0.75,23,27.1,71.0,1.2,228,0
2026-04-23 09:00:36,Jakarta Selatan,38,54,22,1.27,55,32.0,64.9,4.4,290,0
2026-04-23 08:30:36,Jakarta Utara,36,64,26,0.85,45,33.2,65.0,0.6,4,0
2026-04-23 08:00:36,Jakarta Selatan,42,69,34,0.43,64,32.7,69.6,4.4,150,0
2026-04-23 07:30:36,Jakarta Timur,32,55,30,0.18,40,21.0,78.0,4.3,17,0
2026-04-23 07:00:36,Jakarta Pusat,27,32,15,0.99,56,27.0,60.8,1.6,114,0
2026-04-23 06:30:36,Jakarta Selatan,63,93,21,0.49,34,33.0,87.0,1.3,49,0
2026-04-23 06:00:36,Jakarta Utara,0,0,0,0.0,0,29.7,69.9,3.3,159,1
2026-04-23 05:30:36,Jakarta Timur,31,43,21,0.4,56,32.7,59.0,2.8,179,0
2026-04-23 05:00:36,Jakarta Pusat,19,25,5,1.05,48,28.1,88.7,0.4,179,0
2026-04-23 04:30:36,Jakarta Pusat,28,49,12,0.62,43,29.8,89.0,0.4,167,0
2026-04-23 04:00:36,Jakarta Pusat,175,229,36,4.09,70,28.3,59.9,5.0,128,1
2026-04-23 03:30:36,Jakarta Timur,41,65,24,0.33,57,37.2,64.0,3.1,147,0
2026-04-23 03:00:36,Jakarta Barat,52,72,33,0.1,18,31.2,93.4,2.3,190,0
2026-04-23 02:30:36,Jakarta Barat,37,54,16,0.97,28,26.5,91.0,1.9,234,0
2026-04-23 02:00:36,Jakarta Utara,61,108,28,1.5,15,30.1,86.7,7.8,49,0
2026-04-23 01:30:36,Jakarta Utara,21,35,10,0.72,56,29.5,82.0,0.7,186,0
2026-04-23 01:00:36,Jakarta Timur,62,85,21,0.63,38,30.8,77.9,0.2,86,0
2026-04-23 00:30:36,Jakarta Barat,50,61,28,0.78,44,31.7,93.0,5.5,39,0
2026-04-23 00:00:36,Jakarta Barat,36,60,2,0.85,55,27.6,76.8,0.6,219,0
2026-04-22 23:30:36,Jakarta Barat,36,50,24,0.66,28,28.9,78.0,3.1,73,0
2026-04-22 23:00:36,Jakarta Barat,52,76,29,0.65,36,32.3,78.5,0.3,187,0
2026-04-22 22:30:36,Jakarta Pusat,177,236,21,4.33,59,31.6,69.0,5.1,140,1
2026-04-22 22:00:36,Jakarta Selatan,161,205,28,4.25,60,29.7,79.0,7.7,50,1
2026-04-22 21:30:36,Jakarta Pusat,22,30,4,0.45,49,32.2,64.0,0.5,303,0
2026-04-22 21:00:36,Jakarta Utara,19,26,24,0.57,54,35.3,66.4,1.3,197,0
2026-04-22 20:30:36,Jakarta Utara,24,34,23,0.19,34,26.2,63.0,5.6,6,0
2026-04-22 20:00:36,Jakarta Selatan,56,79,18,1.05,39,28.7,78.1,6.6,245,0
2026-04-22 19:30:36,Jakarta Timur,50,89,15,0.49,36,27.4,72.0,1.7,38,0
2026-04-22 19:00:36,Jakarta Timur,24,40,5,0.5,64,29.2,86.2,0.4,305,0
2026-04-22 18:30:36,Jakarta Timur,48,62,13,1.24,67,37.8,82.0,1.8,92,0
2026-04-22 18:00:36,Jakarta Pusat,41,51,21,0.9,31,28.3,79.9,2.5,64,0
2026-04-22 17:30:36,Jakarta Barat,54,86,24,0.79,18,30.9,83.0,0.0,251,0
2026-04-22 17:00:36,Jakarta Barat,28,48,18,0.1,37,28.7,70.7,4.9,314,0
2026-04-22 16:30:36,Jakarta Barat,164,227,30,4.39,45,25.6,85.0,1.1,177,1
2026-04-22 16:00:36,Jakarta Pusat,47,78,7,1.08,43,25.9,76.0,1.0,296,0
2026-04-22 15:30:36,Jakarta Barat,25,36,21,0.91,33,29.4,70.0,8.7,285,0
2026-04-22 15:00:36,Jakarta Timur,180,233,21,4.35,21,26.7,74.8,10.1,3,1
2026-04-22 14:30:36,Jakarta Timur,13,22,9,0.34,41,26.8,59.0,0.8,190,0
2026-04-22 14:00:36,Jakarta Barat,22,39,17,0.8,54,30.5,77.8,0.3,252,0
2026-04-22 13:30:36,Jakarta Pusat,5,10,19,0.68,67,27.3,68.0,0.0,0,0
2026-04-22 13:00:36,Jakarta Selatan,52,73,20,0.1,32,30.8,73.2,3.0,68,0
2026-04-22 12:30:36,Jakarta Selatan,51,75,15,1.29,40,31.7,70.0,5.2,75,0
2026-04-22 12:00:36,Jakarta Pusat,21,33,34,1.28,47,35.1,85.7,4.4,71,0
2026-04-22 11:30:36,Jakarta Utara,57,78,8,0.88,35,34.2,82.0,1.1,359,0
2026-04-22 11:00:36,Jakarta Timur,32,48,10,0.47,45,29.5,61.9,1.5,314,0
2026-04-22 10:30:36,Jakarta Selatan,30,43,26,0.81,43,26.5,68.0,7.3,60,0
2026-04-22 10:00:36,Jakarta Utara,81,145,36,1.11,59,27.8,89.1,12.7,238,0
2026-04-22 09:30:36,Jakarta Timur,32,50,9,0.98,19,29.2,61.0,7.4,193,0
2026-04-22 09:00:36,Jakarta Selatan,61,84,24,0.69,60,33.6,54.7,3.1,343,0
2026-04-22 08:30:36,Jakarta Barat,34,53,14,1.02,40,29.0,69.0,0.1,281,0
2026-04-22 08:00:36,Jakarta Selatan,44,63,25,0.64,53,26.6,91.1,0.4,24,0
2026-04-22 07:30:36,Jakarta Pusat,60,101,20,1.38,67,32.7,83.0,4.7,67,0
2026-04-22 07:00:36,Jakarta Selatan,33,55,10,0.65,41,29.5,61.1,2.7,61,0
2026-04-22 06:30:36,Jakarta Timur,11,19,18,0.87,36,30.6,59.0,7.7,103,0
2026-04-22 06:00:36,Jakarta Pusat,53,83,17,1.27,52,31.7,68.4,1.0,335,0
2026-04-22 05:30:36,Jakarta Pusat,16,23,13,0.85,24,28.2,67.0,0.7,287,0
2026-04-22 05:00:36,Jakarta Timur,37,53,12,0.47,44,29.2,85.4,1.6,304,0
2026-04-22 04:30:36,Jakarta Utara,9,13,3,0.82,39,21.1,65.0,1.1,294,0
2026-04-22 04:00:36,Jakarta Timur,0,0,0,0.0,0,26.6,79.1,0.2,153,1
2026-04-22 03:30:36,Jakarta Pusat,58,77,25,1.03,38,33.9,65.0,4.2,100,0
2026-04-22 03:00:36,Jakarta Selatan,24,41,5,0.1,35,26.2,71.2,1.0,9,0
2026-04-22 02:30:36,Jakarta Pusat,47,82,14,0.82,39,29.8,74.0,3.9,243,0
2026-04-22 02:00:36,Jakarta Timur,6,10,17,1.06,51,30.7,68.6,1.2,313,0
2026-04-22 01:30:36,Jakarta Selatan,58,82,5,0.71,32,26.9,91.0,1.6,331,0
2026-04-22 01:00:36,Jakarta Timur,51,67,16,0.89,41,33.5,71.0,0.1,106,0
2026-04-22 00:30:36,Jakarta Selatan,26,42,5,1.02,50,33.3,74.0,0.3,153,0
2026-04-22 00:00:36,Jakarta Utara,33,47,28,1.3,31,30.2,99.9,1.9,83,0
2026-04-21 23:30:36,Jakarta Selatan,9,10,13,0.78,34,24.6,60.0,6.3,147,0
2026-04-21 23:00:36,Jakarta Selatan,10,15,26,0.39,61,24.4,72.5,3.3,303,0
2026-04-21 22:30:36,Jakarta Selatan,55,81,29,1.27,60,28.4,79.0,0.5,299,0
2026-04-21 22:00:36,Jakarta Barat,44,54,38,0.6,45,29.7,92.4,1.4,125,0
2026-04-21 21:30:36,Jakarta Timur,52,70,26,1.54,61,30.6,75.0,3.3,186,0
2026-04-21 21:00:36,Jakarta Utara,54,85,17,1.57,56,34.4,90.0,4.7,327,0
2026-04-21 20:30:36,Jakarta Selatan,48,71,13,1.12,35,32.9,71.0,4.9,324,0
2026-04-21 20:00:36,Jakarta Selatan,173,220,23,3.85,53,33.8,67.4,5.9,76,1
2026-04-21 19:30:36,Jakarta Selatan,35,45,15,0.79,35,32.4,84.0,0.3,118,0
2026-04-21 19:00:36,Jakarta Selatan,28,35,22,1.19,50,27.5,86.7,1.8,275,0
2026-04-21 18:30:36,Jakarta Pusat,28,43,2,1.05,64,27.6,74.0,0.7,83,0
2026-04-21 18:00:36,Jakarta Utara,39,47,6,0.5,66,27.1,67.0,1.8,183,0
2026-04-21 17:30:36,Jakarta Selatan,47,83,23,0.91,42,32.7,70.0,3.3,71,0
2026-04-21 17:00:36,Jakarta Utara,58,77,15,0.77,34,28.5,80.8,0.1,78,0
2026-04-21 16:30:36,Jakarta Pusat,42,63,15,0.38,25,27.8,86.0,1.0,247,0
2026-04-21 16:00:36,Jakarta Selatan,25,40,20,0.21,52,32.2,72.7,0.3,268,0
2026-04-21 15:30:36,Jakarta Selatan,161,214,15,4.1899999999999995,34,33.5,93.0,2.4,60,1
2026-04-21 15:00:36,Jakarta Utara,25,44,15,0.51,20,28.8,79.0,1.1,216,0
2026-04-21 14:30:36,Jakarta Timur,46,68,13,1.01,57,31.6,79.0,3.7,26,0
2026-04-21 14:00:36,Jakarta Barat,39,50,25,0.8,52,35.2,70.1,1.3,42,0
2026-04-21 13:30:36,Jakarta Pusat,48,65,18,0.62,56,32.8,77.0,0.1,242,0
2026-04-21 13:00:36,Jakarta Barat,39,58,14,0.61,46,28.4,73.3,2.9,100,0
2026-04-21 12:30:36,Jakarta Barat,51,63,13,0.63,34,26.2,80.0,0.3,327,0
2026-04-21 12:00:36,Jakarta Pusat,35,58,19,0.61,56,33.4,80.9,2.5,150,0
2026-04-21 11:30:36,Jakarta Selatan,41,71,16,0.84,47,29.7,70.0,4.8,136,0
2026-04-21 11:00:36,Jakarta Barat,42,64,8,0.82,39,29.7,73.6,0.5,187,0
2026-04-21 10:30:36,Jakarta Utara,6,10,18,0.81,47,23.2,68.0,3.1,114,0
2026-04-21 10:00:36,Jakarta Barat,65,110,2,0.94,42,26.0,84.8,0.4,183,0
2026-04-21 09:30:36,Jakarta Selatan,40,51,16,0.73,28,29.3,83.0,1.9,101,0
2026-04-21 09:00:36,Jakarta Utara,58,98,15,0.62,47,30.6,73.5,8.6,251,0
2026-04-21 08:30:36,Jakarta Timur,37,56,8,0.53,57,31.9,74.0,0.3,242,0
2026-04-21 08:00:36,Jakarta Selatan,36,63,26,0.61,50,28.6,68.8,6.1,103,0
2026-04-21 07:30:36,Jakarta Pusat,32,48,13,0.99,58,24.6,83.0,2.1,61,0
2026-04-21 07:00:36,Jakarta Pusat,51,68,31,0.92,43,32.0,71.3,0.2,288,0
2026-04-21 06:30:36,Jakarta Selatan,35,54,23,0.75,38,29.8,82.0,1.2,321,0
2026-04-21 06:00:36,Jakarta Barat,64,80,13,1.57,62,35.1,84.2,2.6,310,0
2026-04-21 05:30:36,Jakarta Barat,63,106,17,0.53,36,29.1,78.0,1.4,335,0
2026-04-21 05:00:36,Jakarta Barat,33,42,20,0.22,41,30.9,64.1,1.2,162,0
2026-04-21 04:30:36,Jakarta Barat,17,21,25,0.8,42,25.8,62.0,2.9,166,0
2026-04-21 04:00:36,Jakarta Utara,48,69,13,0.59,44,24.6,79.7,0.2,222,0
2026-04-21 03:30:36,Jakarta Barat,21,27,25,0.5,33,32.9,72.0,0.1,249,0
2026-04-21 03:00:36,Jakarta Utara,34,50,24,0.37,40,32.0,79.5,1.2,124,0
2026-04-21 02:30:36,Jakarta Timur,13,19,13,0.53,22,24.0,75.0,0.8,31,0
2026-04-21 02:00:36,Jakarta Pusat,38,62,12,0.53,36,26.0,48.8,4.5,239,0
2026-04-21 01:30:36,Jakarta Barat,64,94,23,0.52,63,31.0,80.0,6.6,199,0
2026-04-21 01:00:36,Jakarta Utara,35,47,27,0.57,52,29.1,65.4,5.4,145,0
2026-04-21 00:30:36,Jakarta Utara,34,50,9,0.48,27,30.3,81.0,1.5,285,0
2026-04-21 00:00:36,Jakarta Timur,90,130,12,0.47,42,35.6,94.7,2.9,119,0
2026-04-20 23:30:36,Jakarta Utara,10,16,15,1.25,59,30.0,75.0,0.1,49,0
2026-04-20 23:00:36,Jakarta Selatan,55,94,14,0.6,46,26.6,80.0,5.1,271,0
2026-04-20 22:30:36,Jakarta Selatan,27,41,21,0.77,36,27.7,78.0,5.9,125,0
2026-04-20 22:00:36,Jakarta Timur,35,44,2,0.1,27,25.6,71.4,2.1,317,0
2026-04-20 21:30:36,Jakarta Pusat,41,53,14,0.92,39,35.5,79.0,0.5,235,0
2026-04-20 21:00:36,Jakarta Timur,15,20,9,0.79,47,31.1,84.1,0.3,206,0
2026-04-20 20:30:36,Jakarta Pusat,41,71,16,0.38,72,35.6,68.0,0.4,161,0
2026-04-20 20:00:36,Jakarta Timur,51,68,21,0.92,41,30.3,95.9,3.0,165,0
2026-04-20 19:30:36,Jakarta Timur,43,74,10,0.89,30,31.6,85.0,1.5,89,0
2026-04-20 19:00:36,Jakarta Timur,74,126,19,0.31,41,33.9,74.3,4.7,305,0
2026-04-20 18:30:36,Jakarta Barat,49,79,26,0.72,39,31.8,80.0,0.1,264,0
2026-04-20 18:00:36,Jakarta Barat,37,60,18,0.98,56,31.3,60.5,4.1,270,0
2026-04-20 17:30:36,Jakarta Selatan,71,99,43,0.93,26,32.1,76.0,6.0,293,0
2026-04-20 17:00:36,Jakarta Timur,64,93,19,1.07,36,31.3,92.5,3.1,134,0
2026-04-20 16:30:36,Jakarta Utara,23,29,32,0.39,52,30.6,57.0,3.9,155,0
2026-04-20 16:00:36,Jakarta Selatan,43,72,39,0.56,38,34.0,61.9,2.2,326,0
2026-04-20 15:30:36,Jakarta Pusat,26,37,26,1.16,46,36.4,67.0,2.3,149,0
2026-04-20 15:00:36,Jakarta Selatan,37,65,2,0.55,33,25.9,78.1,0.5,156,0
2026-04-20 14:30:36,Jakarta Pusat,47,63,18,0.84,42,34.6,75.0,3.5,203,0
2026-04-20 14:00:36,Jakarta Pusat,37,64,31,0.69,34,30.6,86.9,3.2,108,0
2026-04-20 13:30:36,Jakarta Utara,33,48,7,0.96,48,27.2,78.0,1.7,240,0
2026-04-20 13:00:36,Jakarta Selatan,5,10,9,0.1,27,28.0,58.9,1.1,62,0
2026-04-20 12:30:36,Jakarta Selatan,43,63,22,0.97,57,28.7,87.0,0.7,215,0
2026-04-20 12:00:36,Jakarta Pusat,29,40,14,0.84,45,29.4,79.1,2.0,114,0
2026-04-20 11:30:36,Jakarta Selatan,19,33,13,0.65,34,29.7,62.0,5.1,41,0
2026-04-20 11:00:36,Jakarta Timur,31,53,26,0.45,55,30.4,65.5,0.3,205,0
2026-04-20 10:30:36,Jakarta Pusat,33,50,8,0.79,28,28.4,79.0,0.2,296,0
2026-04-20 10:00:36,Jakarta Selatan,47,62,13,0.89,62,33.1,70.7,0.2,157,0
2026-04-20 09:30:36,Jakarta Timur,47,67,15,1.66,33,29.3,81.0,1.0,203,0
2026-04-20 09:00:36,Jakarta Pusat,56,67,41,0.64,51,28.5,71.6,6.9,288,0
2026-04-20 08:30:36,Jakarta Utara,30,46,15,0.52,27,27.8,70.0,1.6,102,0
2026-04-20 08:00:36,Jakarta Barat,35,54,11,0.66,64,31.8,88.1,2.9,222,0
2026-04-20 07:30:36,Jakarta Barat,39,62,10,1.02,54,32.6,76.0,0.0,60,0
2026-04-20 07:00:36,Jakarta Selatan,35,50,6,0.94,60,32.7,60.8,0.2,107,0
2026-04-20 06:30:36,Jakarta Utara,33,42,12,1.35,65,27.5,90.0,6.1,194,0
2026-04-20 06:00:36,Jakarta Barat,15,19,4,0.52,37,29.1,72.4,0.8,133,0
2026-04-20 05:30:36,Jakarta Pusat,46,60,26,0.42,61,31.6,60.0,1.0,308,0
2026-04-20 05:00:36,Jakarta Pusat,23,29,21,1.35,57,32.9,65.1,0.9,40,0
2026-04-20 04:30:36,Jakarta Selatan,45,72,16,0.72,55,31.2,82.0,0.5,9,0
2026-04-20 04:00:36,Jakarta Utara,74,112,23,1.21,46,28.6,71.1,12.7,120,0
2026-04-20 03:30:36,Jakarta Selatan,36,55,18,0.81,48,32.7,88.0,0.5,139,0
2026-04-20 03:00:36,Jakarta Utara,66,101,7,1.28,58,30.1,63.6,10.5,315,0
2026-04-20 02:30:36,Jakarta Barat,25,34,10,0.36,49,28.5,71.0,2.5,117,0
2026-04-20 02:00:36,Jakarta Timur,60,79,3,1.19,58,33.0,69.5,0.3,245,0
2026-04-20 01:30:36,Jakarta Timur,52,79,19,1.42,62,30.4,60.0,3.3,313,0
2026-04-20 01:00:36,Jakarta Timur,60,76,9,0.24,29,28.1,83.4,1.1,28,0
2026-04-20 00:30:36,Jakarta Barat,0,0,0,0.0,0,34.0,84.0,3.1,260,1
2026-04-20 00:00:36,Jakarta Utara,26,34,19,0.57,18,27.0,57.0,1.2,203,0
2026-04-19 23:30:36,Jakarta Timur,19,33,22,0.72,75,35.7,77.0,0.5,335,0
2026-04-19 23:00:36,Jakarta Barat,88,133,18,1.02,44,35.5,81.7,4.9,134,0
2026-04-19 22:30:36,Jakarta Utara,40,51,23,0.22,49,34.6,85.0,1.4,16,0
2026-04-19 22:00:36,Jakarta Utara,24,32,20,0.71,33,31.3,59.6,5.3,150,0
2026-04-19 21:30:36,Jakarta Utara,29,42,12,0.1,28,30.2,72.0,0.3,102,0
2026-04-19 21:00:36,Jakarta Pusat,13,18,3,0.51,35,28.2,64.8,1.7,301,0
2026-04-19 20:30:36,Jakarta Timur,71,115,22,0.61,79,23.3,80.0,8.3,285,0
2026-04-19 20:00:36,Jakarta Pusat,34,45,24,0.84,55,36.0,62.8,0.3,227,0
2026-04-19 19:30:36,Jakarta Pusat,18,23,20,0.8,56,30.1,79.0,3.0,7,0
2026-04-19 19:00:36,Jakarta Timur,34,52,2,0.95,71,29.7,59.9,1.3,226,0
2026-04-19 18:30:36,Jakarta Timur,15,21,10,0.84,38,24.4,75.0,0.1,181,0
2026-04-19 18:00:36,Jakarta Utara,164,224,42,4.65,49,32.6,77.8,2.5,203,1
2026-04-19 17:30:36,Jakarta Barat,19,28,20,0.84,25,31.1,69.0,1.3,245,0
2026-04-19 17:00:36,Jakarta Timur,30,37,22,0.2,57,37.1,78.2,0.9,343,0
2026-04-19 16:30:36,Jakarta Selatan,32,40,21,0.56,23,29.3,64.0,3.7,343,0
2026-04-19 16:00:36,Jakarta Pusat,9,14,13,0.99,43,31.9,70.7,0.6,130,0
2026-04-19 15:30:36,Jakarta Pusat,63,112,26,0.54,30,34.1,100.0,0.6,213,0
2026-04-19 15:00:36,Jakarta Barat,46,80,36,0.69,31,31.3,70.7,4.1,122,0
2026-04-19 14:30:36,Jakarta Utara,47,60,10,1.41,40,35.5,79.0,2.6,279,0
2026-04-19 14:00:36,Jakarta Selatan,29,40,40,1.09,39,29.3,72.3,0.0,191,0
2026-04-19 13:30:36,Jakarta Selatan,28,48,6,0.61,30,24.5,68.0,2.7,335,0
2026-04-19 13:00:36,Jakarta Timur,41,69,22,0.63,42,28.6,75.1,0.3,211,0
2026-04-19 12:30:36,Jakarta Barat,26,45,21,0.89,63,33.5,69.0,0.5,13,0
2026-04-19 12:00:36,Jakarta Pusat,53,93,24,1.27,70,24.4,72.9,7.3,58,0
2026-04-19 11:30:36,Jakarta Utara,22,32,12,0.79,34,29.9,56.0,2.2,281,0
2026-04-19 11:00:36,Jakarta Timur,0,0,0,0.0,0,29.2,76.1,0.2,27,1
2026-04-19 10:30:36,Jakarta Selatan,60,98,12,1.04,54,35.9,71.0,8.3,125,0
2026-04-19 10:00:36,Jakarta Selatan,23,41,2,0.28,27,28.3,82.4,0.8,359,0
2026-04-19 09:30:36,Jakarta Selatan,82,101,29,1.27,33,34.0,63.0,6.2,143,0
2026-04-19 09:00:36,Jakarta Barat,28,44,9,0.73,29,25.5,75.2,0.8,61,0
2026-04-19 08:30:36,Jakarta Barat,36,64,13,0.85,52,29.0,65.0,2.1,359,0
2026-04-19 08:00:36,Jakarta Pusat,64,97,29,1.08,5,32.1,68.5,0.3,106,0
2026-04-19 07:30:36,Jakarta Barat,68,111,19,1.17,47,31.6,96.0,1.4,242,0
2026-04-19 07:00:36,Jakarta Selatan,169,225,15,4.03,64,30.4,74.9,0.1,45,1
2026-04-19 06:30:36,Jakarta Barat,39,61,20,0.94,45,22.0,63.0,3.5,139,0
2026-04-19 06:00:36,Jakarta Utara,44,70,19,0.74,49,32.3,79.5,0.4,138,0
2026-04-19 05:30:36,Jakarta Selatan,25,30,15,0.47,55,26.6,84.0,0.3,118,0
2026-04-19 05:00:36,Jakarta Selatan,44,64,13,0.77,44,30.5,77.8,1.2,75,0
2026-04-19 04:30:36,Jakarta Selatan,70,90,26,0.4,33,35.3,59.0,2.2,7,0
2026-04-19 04:00:36,Jakarta Timur,189,263,18,4.29,49,34.4,77.5,4.4,239,1
2026-04-19 03:30:36,Jakarta Timur,46,63,8,1.43,53,34.0,84.0,1.4,192,0
2026-04-19 03:00:36,Jakarta Barat,57,70,14,1.16,59,32.2,78.8,0.9,298,0
2026-04-19 02:30:36,Jakarta Pusat,68,104,30,1.25,29,27.9,84.0,7.3,186,0
2026-04-19 02:00:36,Jakarta Barat,54,74,31,0.23,27,29.3,81.9,6.2,152,0
2026-04-19 01:30:36,Jakarta Barat,21,27,2,1.11,35,28.4,65.0,2.4,139,0
2026-04-19 01:00:36,Jakarta Timur,26,33,16,0.67,65,28.8,88.9,0.0,19,0
2026-04-19 00:30:36,Jakarta Barat,25,44,30,0.61,42,27.3,64.0,1.1,180,0
2026-04-19 00:00:36,Jakarta Utara,26,34,20,0.79,42,29.8,84.0,0.4,104,0
2026-04-18 23:30:36,Jakarta Utara,155,193,25,4.59,48,33.2,69.0,4.2,84,1
2026-04-18 23:00:36,Jakarta Pusat,61,79,26,0.57,37,33.4,75.2,4.6,315,0
2026-04-18 22:30:36,Jakarta Utara,30,36,16,0.64,27,31.1,82.0,5.2,50,0
2026-04-18 22:00:36,Jakarta Pusat,38,51,33,0.6,51,32.3,81.3,1.2,56,0
2026-04-18 21:30:36,Jakarta Utara,174,217,18,4.8,41,31.2,77.0,2.4,331,1
2026-04-18 21:00:36,Jakarta Pusat,34,50,19,1.07,47,33.7,61.5,6.2,63,0
2026-04-18 20:30:36,Jakarta Utara,43,65,14,0.79,30,23.5,82.0,5.6,285,0
2026-04-18 20:00:36,Jakarta Timur,46,68,32,1.29,49,29.0,78.8,7.0,285,0
2026-04-18 19:30:36,Jakarta Timur,46,57,22,0.63,72,26.2,79.0,4.3,197,0
2026-04-18 19:00:36,Jakarta Timur,42,65,2,0.8,44,30.5,73.7,0.4,247,0
2026-04-18 18:30:36,Jakarta Pusat,17,28,26,0.75,51,32.6,74.0,3.5,162,0
2026-04-18 18:00:36,Jakarta Utara,46,63,14,0.33,46,33.9,70.1,2.1,228,0
2026-04-18 17:30:36,Jakarta Selatan,25,43,7,0.71,56,29.7,54.0,2.3,201,0
2026-04-18 17:00:36,Jakarta Utara,33,51,8,0.47,59,33.0,64.3,0.7,180,0
2026-04-18 16:30:36,Jakarta Pusat,33,57,2,0.75,43,28.1,76.0,2.2,271,0
2026-04-18 16:00:36,Jakarta Selatan,0,0,0,0.0,0,30.0,94.5,0.5,317,1
2026-04-18 15:30:36,Jakarta Selatan,24,37,7,0.56,53,29.3,71.0,4.0,55,0
2026-04-18 15:00:36,Jakarta Barat,59,98,20,0.34,40,27.2,83.0,0.2,288,0
2026-04-18 14:30:36,Jakarta Timur,46,66,30,1.64,38,29.3,88.0,0.6,61,0
2026-04-18 14:00:36,Jakarta Pusat,39,54,16,0.4,44,29.9,83.6,0.6,7,0
2026-04-18 13:30:36,Jakarta Selatan,43,55,27,0.53,30,31.1,72.0,6.1,144,0
2026-04-18 13:00:36,Jakarta Timur,5,10,14,0.77,34,34.9,68.1,0.7,6,0
2026-04-18 12:30:36,Jakarta Barat,46,78,15,1.03,38,30.8,72.0,6.6,94,0
2026-04-18 12:00:36,Jakarta Timur,43,58,16,0.37,46,25.3,80.6,0.2,271,0
2026-04-18 11:30:36,Jakarta Barat,28,45,24,0.81,70,27.2,89.0,1.1,231,0
2026-04-18 11:00:36,Jakarta Pusat,62,94,17,1.27,46,30.0,73.9,1.9,25,0
2026-04-18 10:30:36,Jakarta Timur,14,19,19,0.38,55,30.2,63.0,2.2,43,0
2026-04-18 10:00:36,Jakarta Selatan,54,79,7,0.7,50,31.3,80.2,10.2,133,0
2026-04-18 09:30:36,Jakarta Barat,60,92,2,0.48,46,28.4,67.0,0.8,36,0
2026-04-18 09:00:36,Jakarta Timur,14,23,21,0.56,59,27.1,73.9,0.2,101,0
2026-04-18 08:30:36,Jakarta Selatan,17,21,14,0.98,27,28.4,73.0,4.1,290,0
2026-04-18 08:00:36,Jakarta Timur,31,55,20,0.9,59,24.8,62.5,3.2,93,0
2026-04-18 07:30:36,Jakarta Selatan,51,90,11,0.46,33,32.2,79.0,0.3,164,0
2026-04-18 07:00:36,Jakarta Timur,29,41,24,0.18,36,31.2,64.5,2.1,55,0
2026-04-18 06:30:36,Jakarta Selatan,9,15,19,0.28,51,28.7,51.0,3.8,276,0
2026-04-18 06:00:36,Jakarta Timur,31,40,12,0.54,48,27.7,71.6,0.1,66,0
2026-04-18 05:30:36,Jakarta Selatan,0,0,0,0.0,0,31.4,84.0,5.3,319,1
2026-04-18 05:00:36,Jakarta Barat,29,50,11,0.69,72,28.6,77.8,2.2,359,0
2026-04-18 04:30:36,Jakarta Timur,15,22,21,0.39,52,28.0,84.0,0.9,311,0
2026-04-18 04:00:36,Jakarta Utara,25,44,16,1.13,26,26.8,66.8,0.1,47,0
2026-04-18 03:30:36,Jakarta Utara,37,58,8,0.41,36,28.1,50.0,0.3,38,0
2026-04-18 03:00:36,Jakarta Barat,36,59,20,0.43,46,31.8,86.8,1.7,199,0
2026-04-18 02:30:36,Jakarta Selatan,53,69,31,0.63,59,31.9,69.0,1.5,65,0
2026-04-18 02:00:36,Jakarta Timur,9,15,25,0.15,61,28.7,70.7,1.6,33,0
2026-04-18 01:30:36,Jakarta Pusat,40,53,6,0.49,37,30.7,77.0,1.6,333,0
2026-04-18 01:00:36,Jakarta Timur,59,87,27,0.46,34,31.7,78.9,3.4,232,0
2026-04-18 00:30:36,Jakarta Timur,41,59,31,0.72,56,28.7,64.0,0.9,53,0
2026-04-18 00:00:36,Jakarta Selatan,19,25,11,0.76,32,28.8,77.9,0.3,131,0
2026-04-17 23:30:36,Jakarta Barat,66,109,19,0.65,42,31.9,75.0,5.3,344,0
2026-04-17 23:00:36,Jakarta Utara,19,26,33,0.16,36,33.9,59.9,0.5,273,0
2026-04-17 22:30:36,Jakarta Selatan,15,21,15,0.1,60,29.1,55.0,3.1,322,0
2026-04-17 22:00:36,Jakarta Utara,40,71,19,0.89,34,29.8,72.7,0.7,347,0
2026-04-17 21:30:36,Jakarta Utara,22,28,21,1.07,48,31.8,71.0,0.3,64,0
2026-04-17 21:00:36,Jakarta Timur,28,36,15,0.36,30,31.0,88.0,2.6,14,0
2026-04-17 20:30:36,Jakarta Pusat,0,0,0,0.0,0,30.2,68.0,0.0,283,1
2026-04-17 20:00:36,Jakarta Utara,33,46,14,0.36,29,26.4,75.2,3.8,98,0
2026-04-17 19:30:36,Jakarta Barat,47,69,28,0.94,75,33.3,79.0,1.9,190,0
2026-04-17 19:00:36,Jakarta Selatan,5,10,18,0.64,62,25.4,67.7,1.3,213,0
2026-04-17 18:30:36,Jakarta Selatan,15,25,32,0.45,50,32.1,52.0,1.9,59,0
2026-04-17 18:00:36,Jakarta Utara,38,53,16,1.01,23,29.5,73.2,2.1,86,0
2026-04-17 17:30:36,Jakarta Selatan,57,90,2,1.35,43,23.8,100.0,1.0,327,0
2026-04-17 17:00:36,Jakarta Selatan,35,42,13,0.31,59,33.7,70.8,0.7,237,0
2026-04-17 16:30:36,Jakarta Utara,159,203,7,4.15,29,31.2,73.0,3.6,110,1
2026-04-17 16:00:36,Jakarta Selatan,226,321,15,4.47,43,38.3,94.0,0.3,84,1
2026-04-17 15:30:36,Jakarta Barat,34,59,2,0.66,35,31.5,65.0,1.2,224,0
2026-04-17 15:00:36,Jakarta Timur,29,39,13,0.23,50,33.4,71.1,1.7,314,0
2026-04-17 14:30:36,Jakarta Barat,189,269,12,4.35,49,31.5,76.0,0.7,293,1
2026-04-17 14:00:36,Jakarta Barat,54,82,20,1.22,52,33.4,72.5,4.6,66,0
2026-04-17 13:30:36,Jakarta Timur,25,40,8,1.19,70,30.6,61.0,1.4,200,0
2026-04-17 13:00:36,Jakarta Timur,201,293,28,4.85,37,30.1,64.6,19.6,341,1
2026-04-17 12:30:36,Jakarta Barat,22,37,11,0.89,63,29.1,85.0,0.1,38,0
2026-04-17 12:00:36,Jakarta Timur,26,40,15,1.01,20,23.6,75.4,1.0,20,0
2026-04-17 11:30:36,Jakarta Pusat,61,106,29,0.66,52,35.2,69.0,1.2,351,0
2026-04-17 11:00:36,Jakarta Timur,17,28,16,0.1,44,27.4,55.9,1.4,158,0
2026-04-17 10:30:36,Jakarta Timur,37,55,26,1.25,61,35.9,78.0,0.3,127,0
2026-04-17 10:00:36,Jakarta Selatan,74,132,15,0.57,24,31.0,84.3,3.2,188,0
2026-04-17 09:30:36,Jakarta Barat,15,20,16,1.13,41,28.6,61.0,1.4,264,0
2026-04-17 09:00:36,Jakarta Utara,26,41,4,0.89,54,28.9,68.5,0.7,281,0
2026-04-17 08:30:36,Jakarta Pusat,23,33,14,0.3,33,23.6,61.0,1.5,237,0
2026-04-17 08:00:36,Jakarta Utara,93,138,28,1.62,46,30.0,69.7,11.1,70,0
2026-04-17 07:30:36,Jakarta Timur,19,29,15,0.69,38,28.7,59.0,1.6,190,0
2026-04-17 07:00:36,Jakarta Utara,46,63,11,0.48,39,26.1,60.0,1.8,15,0
2026-04-17 06:30:36,Jakarta Selatan,53,70,12,0.61,51,29.0,93.0,1.9,94,0
2026-04-17 06:00:36,Jakarta Timur,19,30,17,0.9,57,33.8,70.9,0.1,70,0
2026-04-17 05:30:36,Jakarta Utara,29,51,9,0.65,55,28.8,69.0,1.7,22,0
2026-04-17 05:00:36,Jakarta Selatan,5,10,18,0.56,61,26.2,69.7,0.2,242,0
2026-04-17 04:30:36,Jakarta Pusat,30,44,35,0.93,60,26.5,83.0,2.4,145,0
2026-04-17 04:00:36,Jakarta Utara,44,54,4,0.6,61,30.8,64.5,0.1,111,0
2026-04-17 03:30:36,Jakarta Pusat,44,57,19,0.43,34,35.4,73.0,4.1,188,0
2026-04-17 03:00:36,Jakarta Pusat,79,132,36,1.18,40,29.4,60.5,12.2,130,0
2026-04-17 02:30:36,Jakarta Selatan,13,16,28,0.68,34,27.1,65.0,5.2,199,0
2026-04-17 02:00:36,Jakarta Selatan,51,90,12,0.43,63,31.2,80.3,2.2,330,0
2026-04-17 01:30:36,Jakarta Utara,49,81,23,1.18,54,34.3,79.0,0.9,189,0
2026-04-17 01:00:36,Jakarta Selatan,25,36,6,0.56,17,23.7,74.8,2.6,320,0
2026-04-17 00:30:36,Jakarta Timur,21,29,23,0.96,55,30.9,83.0,0.7,310,0
2026-04-17 00:00:36,Jakarta Pusat,20,26,2,0.64,60,27.7,58.2,1.5,108,0
2026-04-16 23:30:36,Jakarta Utara,48,61,25,0.89,72,33.3,80.0,6.1,82,0
2026-04-16 23:00:36,Jakarta Pusat,29,51,25,0.53,60,30.2,48.2,3.7,229,0
2026-04-16 22:30:36,Jakarta Utara,49,75,16,0.9,42,33.0,90.0,3.5,201,0
2026-04-16 22:00:36,Jakarta Timur,90,129,21,0.96,42,30.4,80.6,4.2,64,0
2026-04-16 21:30:36,Jakarta Pusat,69,109,25,0.89,44,38.7,80.0,5.4,5,0
2026-04-16 21:00:36,Jakarta Pusat,26,40,11,1.07,36,27.6,81.1,0.8,87,0
2026-04-16 20:30:36,Jakarta Utara,86,118,16,1.14,51,37.2,67.0,5.0,300,0
2026-04-16 20:00:36,Jakarta Barat,42,51,14,1.03,57,31.2,83.4,0.6,26,0
2026-04-16 19:30:36,Jakarta Utara,52,87,20,0.43,43,25.7,83.0,1.3,197,0
2026-04-16 19:00:36,Jakarta Timur,35,46,13,0.76,27,26.6,66.4,1.6,274,0
2026-04-16 18:30:36,Jakarta Utara,22,28,14,0.74,51,28.3,62.0,2.3,354,0
2026-04-16 18:00:36,Jakarta Utara,32,56,17,0.81,41,32.2,74.2,0.3,268,0
2026-04-16 17:30:36,Jakarta Timur,38,47,19,0.41,50,29.6,72.0,4.5,92,0
2026-04-16 17:00:36,Jakarta Barat,59,86,20,0.82,61,32.0,74.4,3.7,42,0
2026-04-16 16:30:36,Jakarta Utara,17,25,16,1.03,74,29.9,58.0,3.2,69,0
2026-04-16 16:00:36,Jakarta Utara,0,0,0,0.0,0,30.5,74.9,1.2,307,1
2026-04-16 15:30:36,Jakarta Utara,50,65,31,0.89,62,33.9,81.0,7.2,329,0
2026-04-16 15:00:36,Jakarta Pusat,21,29,16,0.59,36,23.1,70.1,4.0,291,0
2026-04-16 14:30:36,Jakarta Selatan,15,23,14,0.18,49,26.0,53.0,2.3,95,0
2026-04-16 14:00:36,Jakarta Utara,59,76,18,0.97,45,32.7,75.0,3.0,137,0
2026-04-16 13:30:36,Jakarta Pusat,16,24,20,0.46,53,30.4,76.0,2.6,79,0
2026-04-16 13:00:36,Jakarta Pusat,60,96,29,0.43,59,35.2,78.6,1.7,169,0
2026-04-16 12:30:36,Jakarta Timur,38,51,26,0.88,50,28.3,91.0,3.4,147,0
2026-04-16 12:00:36,Jakarta Selatan,47,69,16,0.88,27,30.6,62.8,2.8,295,0
2026-04-16 11:30:36,Jakarta Timur,20,33,4,0.79,63,25.7,54.0,0.3,230,0
2026-04-16 11:00:36,Jakarta Utara,52,75,34,1.44,51,30.6,88.2,6.3,174,0
2026-04-16 10:30:36,Jakarta Barat,34,53,12,1.17,44,28.5,73.0,0.3,33,0
2026-04-16 10:00:36,Jakarta Barat,5,10,2,0.85,42,27.8,69.5,0.6,276,0
2026-04-16 09:30:36,Jakarta Barat,30,45,19,0.48,58,34.5,66.0,0.5,348,0
2026-04-16 09:00:36,Jakarta Timur,40,55,16,0.68,27,28.5,81.9,3.2,146,0
2026-04-16 08:30:36,Jakarta Timur,13,20,19,0.66,35,29.7,64.0,7.7,106,0
2026-04-16 08:00:36,Jakarta Barat,32,45,17,0.69,32,32.0,82.0,1.5,262,0
2026-04-16 07:30:36,Jakarta Utara,14,23,16,0.47,28,26.6,73.0,1.8,335,0
2026-04-16 07:00:36,Jakarta Utara,18,24,11,0.54,53,28.4,67.5,1.7,301,0
2026-04-16 06:30:36,Jakarta Utara,42,70,17,0.76,61,32.3,77.0,1.8,1,0
2026-04-16 06:00:36,Jakarta Utara,37,54,21,0.5,54,28.1,77.7,3.4,135,0
2026-04-16 05:30:36,Jakarta Selatan,31,46,19,0.6,18,32.4,75.0,0.8,15,0
2026-04-16 05:00:36,Jakarta Utara,35,47,25,0.52,47,32.7,74.4,1.2,189,0
2026-04-16 04:30:36,Jakarta Selatan,29,49,4,1.02,26,20.7,86.0,5.8,214,0
2026-04-16 04:00:36,Jakarta Pusat,18,29,3,0.6,41,25.3,79.0,2.7,48,0
2026-04-16 03:30:36,Jakarta Pusat,10,12,15,0.97,45,30.4,76.0,1.7,254,0
2026-04-16 03:00:36,Jakarta Barat,38,60,21,0.81,43,29.3,63.8,2.9,158,0
2026-04-16 02:30:36,Jakarta Barat,145,191,8,4.13,29,25.9,77.0,4.9,115,1
2026-04-16 02:00:36,Jakarta Barat,20,33,23,0.35,42,26.4,67.3,2.2,253,0
2026-04-16 01:30:36,Jakarta Timur,36,54,24,0.58,34,31.9,76.0,2.0,2,0
2026-04-16 01:00:36,Jakarta Barat,32,53,6,0.46,24,29.7,64.4,2.8,132,0
2026-04-16 00:30:36,Jakarta Barat,29,50,15,0.95,32,27.9,85.0,0.1,256,0
2026-04-16 00:00:36,Jakarta Utara,61,105,25,1.29,73,30.9,94.0,7.8,13,0
2026-04-15 23:30:36,Jakarta Barat,39,70,38,0.95,46,35.1,75.0,1.1,69,0
2026-04-15 23:00:36,Jakarta Barat,25,38,13,0.78,54,30.5,65.7,0.6,220,0
2026-04-15 22:30:36,Jakarta Timur,35,49,17,0.75,70,25.9,90.0,0.6,71,0
2026-04-15 22:00:36,Jakarta Pusat,26,38,27,0.65,40,33.1,61.1,2.8,301,0
2026-04-15 21:30:36,Jakarta Barat,52,93,20,0.4,31,30.5,68.0,0.1,180,0
2026-04-15 21:00:36,Jakarta Barat,31,52,22,0.47,24,32.0,68.2,2.5,80,0
2026-04-15 20:30:36,Jakarta Pusat,25,31,35,0.66,42,28.2,93.0,1.4,326,0
2026-04-15 20:00:36,Jakarta Timur,10,16,20,0.2,45,30.0,69.2,0.3,53,0
2026-04-15 19:30:36,Jakarta Pusat,18,22,2,0.74,30,27.7,69.0,2.5,296,0
2026-04-15 19:00:36,Jakarta Timur,39,54,16,0.8,69,29.0,59.7,0.1,179,0
2026-04-15 18:30:36,Jakarta Utara,55,68,36,0.81,37,31.2,100.0,1.6,103,0
2026-04-15 18:00:36,Jakarta Utara,68,106,12,1.23,47,31.5,75.2,0.4,90,0
2026-04-15 17:30:36,Jakarta Pusat,54,65,9,0.97,39,26.5,90.0,0.4,55,0
2026-04-15 17:00:36,Jakarta Pusat,66,104,39,1.02,54,36.2,99.3,3.5,123,0
2026-04-15 16:30:36,Jakarta Pusat,12,18,20,0.65,56,24.0,82.0,0.7,12,0
2026-04-15 16:00:36,Jakarta Barat,29,40,18,1.08,50,31.9,59.4,1.0,80,0
2026-04-15 15:30:36,Jakarta Barat,21,37,22,0.28,46,27.5,64.0,0.9,61,0
2026-04-15 15:00:36,Jakarta Utara,21,26,18,1.29,42,34.1,69.6,0.7,252,0
2026-04-15 14:30:36,Jakarta Timur,5,10,15,1.08,38,24.9,76.0,0.3,56,0
2026-04-15 14:00:36,Jakarta Selatan,30,48,31,0.36,58,30.4,86.9,1.4,346,0
2026-04-15 13:30:36,Jakarta Timur,18,27,22,0.82,32,31.7,75.0,1.1,106,0
2026-04-15 13:00:36,Jakarta Pusat,45,55,21,0.97,33,32.9,90.0,1.5,108,0
2026-04-15 12:30:36,Jakarta Barat,26,44,14,0.5,20,26.0,79.0,0.0,129,0
2026-04-15 12:00:36,Jakarta Barat,28,46,16,0.43,39,27.4,68.0,1.1,230,0
2026-04-15 11:30:36,Jakarta Selatan,46,74,17,0.39,55,32.4,73.0,2.6,203,0
2026-04-15 11:00:36,Jakarta Utara,55,75,20,0.26,46,27.2,69.0,9.9,355,0
2026-04-15 10:30:36,Jakarta Utara,55,72,14,0.68,12,29.8,71.0,4.4,159,0
2026-04-15 10:00:36,Jakarta Selatan,39,47,17,0.95,36,30.8,72.3,0.6,134,0
2026-04-15 09:30:36,Jakarta Selatan,31,44,15,0.71,39,30.0,69.0,3.6,346,0
2026-04-15 09:00:36,Jakarta Selatan,76,128,22,0.99,52,30.4,84.3,3.3,163,0
2026-04-15 08:30:36,Jakarta Utara,28,46,8,0.91,48,35.3,56.0,1.6,305,0
2026-04-15 08:00:36,Jakarta Selatan,34,49,17,0.89,28,32.7,69.2,2.1,280,0
2026-04-15 07:30:36,Jakarta Pusat,55,81,25,1.06,56,37.6,76.0,4.3,318,0
2026-04-15 07:00:36,Jakarta Barat,39,66,9,0.31,59,27.8,83.4,1.2,197,0
2026-04-15 06:30:36,Jakarta Barat,29,50,13,0.96,61,33.3,88.0,2.0,111,0
2026-04-15 06:00:36,Jakarta Selatan,43,73,36,0.71,53,32.3,90.2,3.3,94,0
2026-04-15 05:30:36,Jakarta Timur,54,90,13,1.01,59,30.4,78.0,1.1,359,0
2026-04-15 05:00:36,Jakarta Timur,26,40,24,0.39,31,22.9,64.0,0.0,18,0
2026-04-15 04:30:36,Jakarta Selatan,62,79,34,0.85,44,29.7,62.0,7.3,118,0
2026-04-15 04:00:36,Jakarta Barat,40,63,37,0.7,42,33.8,63.0,3.5,281,0
2026-04-15 03:30:36,Jakarta Pusat,40,70,12,0.61,40,26.6,62.0,0.7,51,0
2026-04-15 03:00:36,Jakarta Pusat,22,33,33,0.67,47,27.6,80.2,1.2,18,0
2026-04-15 02:30:36,Jakarta Barat,31,48,23,0.35,56,30.2,63.0,3.5,203,0
2026-04-15 02:00:36,Jakarta Barat,51,83,21,0.1,32,30.8,63.2,0.6,97,0
2026-04-15 01:30:36,Jakarta Selatan,21,36,7,1.24,26,31.3,66.0,1.3,255,0
2026-04-15 01:00:36,Jakarta Pusat,28,46,6,0.58,42,29.1,61.9,0.5,63,0
2026-04-15 00:30:36,Jakarta Selatan,32,48,14,0.73,24,29.0,62.0,4.4,46,0
2026-04-15 00:00:36,Jakarta Timur,172,233,9,4.12,46,35.1,74.5,3.0,176,1
2026-04-14 23:30:36,Jakarta Timur,40,58,13,0.69,30,27.8,75.0,4.4,204,0
2026-04-14 23:00:36,Jakarta Pusat,44,78,21,0.61,66,29.8,70.4,9.8,237,0
2026-04-14 22:30:36,Jakarta Utara,47,73,16,0.91,56,34.0,67.0,4.7,157,0
2026-04-14 22:00:36,Jakarta Utara,42,72,15,1.1,55,33.7,77.9,1.8,110,0
2026-04-14 21:30:36,Jakarta Barat,16,22,21,0.71,56,27.3,67.0,0.6,264,0
2026-04-14 21:00:36,Jakarta Utara,54,81,28,0.71,34,27.8,76.5,5.8,86,0
2026-04-14 20:30:36,Jakarta Pusat,32,52,17,1.18,45,35.0,69.0,0.9,161,0
2026-04-14 20:00:36,Jakarta Timur,19,30,22,0.37,63,30.8,75.0,0.9,177,0
2026-04-14 19:30:36,Jakarta Utara,29,41,11,0.46,40,25.7,64.0,0.7,357,0
2026-04-14 19:00:36,Jakarta Barat,32,48,27,0.75,17,29.7,79.8,0.7,222,0
2026-04-14 18:30:36,Jakarta Barat,32,48,34,0.9,21,29.7,69.0,7.0,243,0
2026-04-14 18:00:36,Jakarta Timur,9,12,20,0.41,43,31.1,61.6,3.5,92,0
2026-04-14 17:30:36,Jakarta Selatan,26,45,15,0.71,48,28.8,64.0,1.9,35,0
2026-04-14 17:00:36,Jakarta Timur,19,27,6,0.89,45,30.5,75.9,0.4,167,0
2026-04-14 16:30:36,Jakarta Selatan,42,53,4,0.67,60,29.3,62.0,0.9,155,0
2026-04-14 16:00:36,Jakarta Utara,78,126,36,1.22,46,35.0,80.5,7.5,95,0
2026-04-14 15:30:36,Jakarta Selatan,13,21,11,0.1,24,28.9,67.0,0.6,194,0
2026-04-14 15:00:36,Jakarta Timur,39,48,23,0.92,47,27.2,73.8,1.0,58,0
2026-04-14 14:30:36,Jakarta Selatan,48,86,22,0.6,46,32.1,72.0,1.4,307,0
2026-04-14 14:00:36,Jakarta Barat,22,26,31,0.6,40,34.7,62.6,1.3,11,0
2026-04-14 13:30:36,Jakarta Timur,84,148,36,0.97,56,32.2,81.0,4.0,250,0
2026-04-14 13:00:36,Jakarta Utara,60,82,8,0.8,33,27.5,84.2,0.0,287,0
2026-04-14 12:30:36,Jakarta Barat,17,22,16,1.02,22,29.8,79.0,1.0,189,0
2026-04-14 12:00:36,Jakarta Pusat,37,46,3,0.29,42,29.1,70.6,1.5,284,0
2026-04-14 11:30:36,Jakarta Selatan,163,215,9,4.25,44,28.6,73.0,3.0,182,1
2026-04-14 11:00:36,Jakarta Selatan,55,73,29,0.5,48,29.1,86.5,5.3,233,0
2026-04-14 10:30:36,Jakarta Barat,40,69,26,0.52,55,34.2,76.0,0.8,24,0
2026-04-14 10:00:36,Jakarta Barat,49,67,25,0.44,37,28.1,81.2,0.5,353,0
2026-04-14 09:30:36,Jakarta Utara,12,21,8,0.43,52,24.0,63.0,0.5,48,0
2026-04-14 09:00:36,Jakarta Utara,42,70,8,0.86,55,33.4,85.2,2.9,123,0
2026-04-14 08:30:36,Jakarta Pusat,40,68,21,0.42,56,30.5,86.0,1.1,335,0
2026-04-14 08:00:36,Jakarta Utara,139,180,25,3.62,52,34.8,66.3,0.1,320,1
2026-04-14 07:30:36,Jakarta Utara,38,51,5,0.46,64,29.6,67.0,1.4,200,0
2026-04-14 07:00:36,Jakarta Barat,176,240,21,4.16,52,32.7,87.1,0.6,58,1
2026-04-14 06:30:36,Jakarta Barat,34,48,23,0.97,25,29.9,83.0,1.5,45,0
2026-04-14 06:00:36,Jakarta Selatan,45,74,14,1.03,24,31.5,69.9,1.3,207,0
2026-04-14 05:30:36,Jakarta Timur,60,85,24,1.18,49,36.5,80.0,2.0,201,0
2026-04-14 05:00:36,Jakarta Timur,24,33,19,0.36,43,31.4,78.2,3.3,36,0
2026-04-14 04:30:36,Jakarta Pusat,23,39,24,0.68,52,35.2,63.0,2.9,282,0
2026-04-14 04:00:36,Jakarta Barat,39,65,24,1.29,40,31.5,78.9,3.4,194,0
2026-04-14 03:30:36,Jakarta Timur,47,77,30,0.37,65,29.9,75.0,8.7,191,0
2026-04-14 03:00:36,Jakarta Utara,45,69,27,1.25,28,32.0,71.6,3.6,193,0
2026-04-14 02:30:36,Jakarta Pusat,67,110,27,0.71,48,29.7,72.0,1.3,34,0
2026-04-14 02:00:36,Jakarta Pusat,49,75,32,0.95,31,31.9,86.9,0.4,91,0
2026-04-14 01:30:36,Jakarta Pusat,43,64,4,0.43,66,31.3,49.0,1.1,206,0
2026-04-14 01:00:36,Jakarta Pusat,36,54,10,0.29,51,28.6,75.8,1.3,337,0
2026-04-14 00:30:36,Jakarta Barat,34,46,16,1.13,54,32.1,71.0,0.5,95,0
2026-04-14 00:00:36,Jakarta Timur,31,47,17,0.84,63,32.4,76.5,0.9,197,0
2026-04-13 23:30:36,Jakarta Utara,32,49,30,0.51,55,30.7,84.0,1.5,286,0
2026-04-13 23:00:36,Jakarta Pusat,15,22,4,0.65,53,30.7,66.2,2.0,241,0
2026-04-13 22:30:36,Jakarta Pusat,24,39,14,0.66,57,26.5,64.0,0.3,262,0
2026-04-13 22:00:36,Jakarta Timur,49,63,21,0.71,38,31.5,86.3,2.2,261,0
2026-04-13 21:30:36,Jakarta Selatan,33,53,21,0.48,35,30.7,66.0,0.2,292,0
2026-04-13 21:00:36,Jakarta Barat,5,10,20,1.13,56,28.0,69.8,0.1,16,0
2026-04-13 20:30:36,Jakarta Utara,28,44,17,0.61,5,26.1,72.0,4.9,54,0
2026-04-13 20:00:36,Jakarta Pusat,38,60,13,0.97,48,28.5,71.4,4.9,42,0
2026-04-13 19:30:36,Jakarta Utara,25,37,6,0.38,52,25.1,75.0,0.1,118,0
2026-04-13 19:00:36,Jakarta Selatan,27,36,33,1.08,52,36.0,77.4,1.9,156,0
2026-04-13 18:30:36,Jakarta Barat,168,219,30,4.68,54,30.7,85.0,1.1,135,1
2026-04-13 18:00:36,Jakarta Barat,36,50,16,0.85,35,29.4,72.2,1.4,289,0
2026-04-13 17:30:36,Jakarta Timur,26,38,8,1.34,36,33.0,78.0,1.8,75,0
2026-04-13 17:00:36,Jakarta Timur,9,12,8,0.62,34,27.8,86.2,0.7,233,0
2026-04-13 16:30:36,Jakarta Timur,59,72,27,1.28,42,34.1,87.0,4.3,247,0
2026-04-13 16:00:36,Jakarta Pusat,58,71,19,0.61,60,32.8,75.8,3.3,237,0
2026-04-13 15:30:36,Jakarta Selatan,55,82,28,0.7,59,29.3,84.0,4.6,184,0
2026-04-13 15:00:36,Jakarta Timur,11,13,2,0.88,41,28.4,79.4,1.6,262,0
2026-04-13 14:30:36,Jakarta Timur,46,68,14,0.1,37,32.3,76.0,2.2,305,0
2026-04-13 14:00:36,Jakarta Selatan,34,41,5,0.55,55,28.1,67.3,2.7,42,0
2026-04-13 13:30:36,Jakarta Utara,94,167,20,1.1,55,34.0,80.0,7.6,128,0
2026-04-13 13:00:36,Jakarta Utara,35,55,22,1.43,38,31.4,63.8,5.4,227,0
2026-04-13 12:30:36,Jakarta Utara,44,76,23,0.22,55,26.6,77.0,1.3,134,0
2026-04-13 12:00:36,Jakarta Pusat,44,54,11,0.87,34,27.0,75.9,0.4,295,0
2026-04-13 11:30:36,Jakarta Utara,61,84,29,0.92,65,31.6,83.0,2.2,39,0
2026-04-13 11:00:36,Jakarta Pusat,42,67,7,0.92,49,32.5,84.3,0.5,300,0
2026-04-13 10:30:36,Jakarta Selatan,84,127,15,0.61,41,31.9,64.0,7.6,322,0
2026-04-13 10:00:36,Jakarta Barat,34,54,24,0.55,55,29.8,82.0,0.3,242,0
2026-04-13 09:30:36,Jakarta Pusat,44,74,20,0.49,25,31.0,94.0,1.2,243,0
2026-04-13 09:00:36,Jakarta Pusat,49,73,13,0.93,43,30.8,60.4,3.5,4,0
2026-04-13 08:30:36,Jakarta Pusat,52,63,2,0.44,53,25.2,84.0,0.5,294,0
2026-04-13 08:00:36,Jakarta Timur,8,11,20,0.78,53,26.7,72.2,6.0,285,0
2026-04-13 07:30:36,Jakarta Selatan,32,49,9,0.1,16,25.3,79.0,2.5,101,0
2026-04-13 07:00:36,Jakarta Pusat,54,71,19,0.85,58,28.1,92.8,5.3,325,0
2026-04-13 06:30:36,Jakarta Barat,39,55,24,0.61,54,28.7,85.0,1.1,339,0
2026-04-13 06:00:36,Jakarta Barat,44,55,15,0.37,29,29.8,83.7,1.9,118,0
2026-04-13 05:30:36,Jakarta Pusat,61,97,25,1.02,58,29.9,88.0,1.3,221,0
2026-04-13 05:00:36,Jakarta Timur,44,73,6,0.69,48,33.7,62.4,3.7,128,0
2026-04-13 04:30:36,Jakarta Barat,5,10,13,0.39,33,28.0,53.0,3.7,181,0
2026-04-13 04:00:36,Jakarta Barat,59,72,20,0.5,46,24.6,82.6,1.6,325,0
2026-04-13 03:30:36,Jakarta Selatan,30,45,20,0.98,64,32.4,75.0,0.5,356,0
2026-04-13 03:00:36,Jakarta Utara,34,54,9,0.9,24,26.1,62.3,4.4,81,0
2026-04-13 02:30:36,Jakarta Barat,10,17,6,0.79,62,26.5,76.0,0.1,353,0
2026-04-13 02:00:36,Jakarta Utara,47,63,17,0.73,37,30.8,75.3,0.6,260,0
2026-04-13 01:30:36,Jakarta Timur,42,71,13,0.55,58,25.2,80.0,0.0,355,0
2026-04-13 01:00:36,Jakarta Timur,25,40,20,0.6,35,28.7,66.8,1.4,301,0
2026-04-13 00:30:36,Jakarta Selatan,0,0,0,0.0,0,34.0,80.0,1.3,33,1
2026-04-13 00:00:36,Jakarta Timur,38,68,22,0.83,19,27.8,86.0,1.6,240,0
2026-04-12 23:30:36,Jakarta Selatan,71,96,21,1.05,42,33.6,76.0,14.2,355,0
2026-04-12 23:00:36,Jakarta Utara,37,48,16,0.27,50,32.1,69.8,1.5,355,0
2026-04-12 22:30:36,Jakarta Selatan,46,62,12,0.62,42,30.9,78.0,2.7,228,0
2026-04-12 22:00:36,Jakarta Selatan,5,10,14,0.1,49,30.2,55.2,0.8,336,0
2026-04-12 21:30:36,Jakarta Utara,43,69,26,1.07,59,28.1,85.0,0.6,349,0
2026-04-12 21:00:36,Jakarta Utara,45,69,23,0.64,27,30.2,81.6,2.6,12,0
2026-04-12 20:30:36,Jakarta Barat,18,28,11,0.1,43,29.8,74.0,4.1,339,0
2026-04-12 20:00:36,Jakarta Utara,45,70,35,0.67,56,32.0,83.4,1.9,234,0
2026-04-12 19:30:36,Jakarta Utara,66,101,21,1.2,42,31.0,81.0,0.4,157,0
2026-04-12 19:00:36,Jakarta Utara,22,32,19,1.13,42,27.8,80.4,1.6,355,0
2026-04-12 18:30:36,Jakarta Utara,16,26,9,0.1,41,26.2,64.0,0.1,155,0
2026-04-12 18:00:36,Jakarta Utara,28,41,13,0.47,20,28.8,74.2,1.3,198,0
2026-04-12 17:30:36,Jakarta Selatan,25,32,23,0.1,47,26.6,68.0,0.2,281,0
2026-04-12 17:00:36,Jakarta Timur,146,187,16,4.0,45,32.4,80.3,2.3,4,1
2026-04-12 16:30:36,Jakarta Pusat,15,25,17,0.6,50,31.3,81.0,4.0,99,0
2026-04-12 16:00:36,Jakarta Barat,5,10,10,0.75,54,27.1,56.8,0.0,258,0
2026-04-12 15:30:36,Jakarta Selatan,28,33,11,1.04,46,29.6,57.0,0.1,275,0
2026-04-12 15:00:36,Jakarta Timur,59,73,19,0.2,35,31.3,63.2,2.7,9,0
2026-04-12 14:30:36,Jakarta Selatan,37,50,14,0.62,58,29.4,69.0,1.3,178,0
2026-04-12 14:00:36,Jakarta Timur,23,35,22,0.64,60,24.7,78.7,2.4,215,0
2026-04-12 13:30:36,Jakarta Selatan,10,16,12,0.1,67,26.6,61.0,0.2,230,0
2026-04-12 13:00:36,Jakarta Utara,40,49,10,1.29,55,30.3,81.3,0.2,11,0
2026-04-12 12:30:36,Jakarta Selatan,68,104,17,1.16,65,31.5,83.0,1.8,141,0
2026-04-12 12:00:36,Jakarta Selatan,19,24,15,0.18,39,31.1,51.9,0.1,171,0
2026-04-12 11:30:36,Jakarta Barat,49,62,17,1.27,42,31.5,95.0,1.3,265,0
2026-04-12 11:00:36,Jakarta Utara,51,83,27,0.53,38,30.2,81.5,1.0,121,0
2026-04-12 10:30:36,Jakarta Barat,33,53,11,0.43,61,27.9,68.0,0.4,153,0
2026-04-12 10:00:36,Jakarta Timur,68,83,8,0.66,36,33.4,56.6,0.6,14,0
2026-04-12 09:30:36,Jakarta Barat,41,72,24,0.59,31,29.3,81.0,2.4,177,0
2026-04-12 09:00:36,Jakarta Timur,60,96,30,1.07,58,31.2,100.0,3.5,53,0
2026-04-12 08:30:36,Jakarta Utara,28,46,11,0.69,33,25.0,71.0,1.3,42,0
2026-04-12 08:00:36,Jakarta Timur,39,50,13,1.21,42,30.2,71.5,0.7,22,0
2026-04-12 07:30:36,Jakarta Selatan,22,32,25,0.43,40,30.5,71.0,3.8,143,0
2026-04-12 07:00:36,Jakarta Selatan,44,56,21,0.76,25,25.9,81.9,0.6,293,0
2026-04-12 06:30:36,Jakarta Barat,49,84,17,0.69,53,29.6,69.0,1.9,83,0
2026-04-12 06:00:36,Jakarta Barat,37,54,18,0.72,51,28.4,74.0,3.2,101,0
2026-04-12 05:30:36,Jakarta Timur,0,0,0,0.0,0,31.7,71.0,13.6,104,1
2026-04-12 05:00:36,Jakarta Timur,54,78,13,1.34,45,31.3,62.4,3.5,179,0
2026-04-12 04:30:36,Jakarta Timur,26,33,30,1.12,52,31.2,75.0,3.9,269,0
2026-04-12 04:00:36,Jakarta Selatan,20,30,23,0.53,41,34.9,73.2,2.9,301,0
2026-04-12 03:30:36,Jakarta Pusat,48,81,15,0.24,50,29.0,91.0,1.3,52,0
2026-04-12 03:00:36,Jakarta Timur,40,53,15,0.36,53,24.3,72.8,0.3,253,0
2026-04-12 02:30:36,Jakarta Utara,59,71,16,0.91,58,36.0,79.0,3.3,3,0
2026-04-12 02:00:36,Jakarta Utara,28,42,23,0.55,42,30.8,71.2,2.2,210,0
2026-04-12 01:30:36,Jakarta Selatan,66,104,23,1.14,60,32.7,87.0,3.8,171,0
2026-04-12 01:00:36,Jakarta Selatan,50,87,13,0.9,36,27.8,89.6,2.4,111,0
2026-04-12 00:30:36,Jakarta Barat,23,34,27,1.51,54,30.3,83.0,2.2,2,0
2026-04-12 00:00:36,Jakarta Selatan,76,120,26,0.63,45,36.9,71.3,1.1,306,0
2026-04-11 23:30:36,Jakarta Pusat,36,51,5,0.59,37,29.5,46.0,4.1,230,0
2026-04-11 23:00:36,Jakarta Utara,35,49,38,0.63,41,28.9,79.8,0.1,206,0
2026-04-11 22:30:36,Jakarta Timur,40,71,17,0.94,58,29.7,93.0,1.5,76,0
2026-04-11 22:00:36,Jakarta Barat,34,49,23,0.62,37,30.3,72.4,0.9,242,0
2026-04-11 21:30:36,Jakarta Pusat,44,59,14,0.64,57,31.3,85.0,1.1,59,0
2026-04-11 21:00:36,Jakarta Barat,45,73,10,0.51,52,27.1,64.9,0.8,55,0
2026-04-11 20:30:36,Jakarta Utara,22,33,8,0.6,37,25.4,76.0,0.3,312,0
2026-04-11 20:00:36,Jakarta Pusat,44,71,12,1.14,54,27.8,78.2,0.2,348,0
2026-04-11 19:30:36,Jakarta Timur,53,65,9,0.92,50,26.9,85.0,7.6,315,0
2026-04-11 19:00:36,Jakarta Timur,42,59,38,0.5,46,30.1,77.1,1.4,179,0
2026-04-11 18:30:36,Jakarta Barat,0,0,0,0.0,0,26.0,71.0,1.1,318,1
2026-04-11 18:00:36,Jakarta Timur,31,41,8,0.9,53,28.6,76.9,2.5,107,0
2026-04-11 17:30:36,Jakarta Barat,150,186,14,4.26,52,32.4,80.0,1.0,174,1
2026-04-11 17:00:36,Jakarta Selatan,25,42,21,0.71,48,28.2,73.3,0.1,240,0
2026-04-11 16:30:36,Jakarta Utara,28,43,26,1.05,55,28.5,80.0,3.5,180,0
2026-04-11 16:00:36,Jakarta Barat,18,23,23,1.12,57,27.4,71.6,0.1,107,0
2026-04-11 15:30:36,Jakarta Timur,16,21,14,0.79,40,25.3,74.0,1.2,102,0
2026-04-11 15:00:36,Jakarta Pusat,56,78,11,0.58,67,30.0,75.8,6.6,58,0
2026-04-11 14:30:36,Jakarta Selatan,71,107,27,1.18,44,34.6,71.0,8.9,227,0
2026-04-11 14:00:36,Jakarta Utara,60,105,12,0.71,50,30.3,79.5,4.4,185,0
2026-04-11 13:30:36,Jakarta Pusat,45,65,18,0.78,37,32.3,91.0,0.3,247,0
2026-04-11 13:00:36,Jakarta Barat,41,66,34,1.07,55,32.8,64.6,6.6,296,0
2026-04-11 12:30:36,Jakarta Utara,31,51,37,0.89,40,21.7,86.0,9.1,339,0
2026-04-11 12:00:36,Jakarta Selatan,52,66,25,0.7,49,34.6,68.5,4.6,292,0
2026-04-11 11:30:36,Jakarta Pusat,38,56,10,0.43,56,29.9,76.0,0.0,187,0
2026-04-11 11:00:36,Jakarta Pusat,20,25,22,0.78,53,30.9,60.1,0.4,242,0
2026-04-11 10:30:36,Jakarta Barat,41,59,19,0.66,44,33.5,74.0,0.4,272,0
2026-04-11 10:00:36,Jakarta Barat,191,244,22,4.37,49,29.0,65.3,6.9,169,1
2026-04-11 09:30:36,Jakarta Timur,41,51,17,0.1,36,20.4,73.0,7.8,181,0
2026-04-11 09:00:36,Jakarta Utara,45,72,18,0.54,52,29.7,74.7,3.5,286,0
2026-04-11 08:30:36,Jakarta Pusat,42,58,11,0.68,62,31.3,77.0,1.7,322,0
2026-04-11 08:00:36,Jakarta Utara,170,210,12,3.6,40,25.0,77.9,0.2,318,1
2026-04-11 07:30:36,Jakarta Barat,25,37,27,0.87,42,25.4,77.0,3.3,107,0
2026-04-11 07:00:36,Jakarta Pusat,40,60,10,1.09,54,29.7,71.4,3.3,85,0
2026-04-11 06:30:36,Jakarta Selatan,38,63,15,0.63,67,31.1,60.0,1.1,346,0
2026-04-11 06:00:36,Jakarta Utara,35,56,19,1.1,42,31.7,72.2,4.0,288,0
2026-04-11 05:30:36,Jakarta Timur,41,68,16,1.1,47,34.8,84.0,2.1,185,0
2026-04-11 05:00:36,Jakarta Barat,64,93,14,0.54,65,30.1,93.0,3.0,347,0
2026-04-11 04:30:36,Jakarta Barat,56,72,17,0.77,26,30.3,72.0,2.6,137,0
2026-04-11 04:00:36,Jakarta Utara,16,26,16,1.08,48,26.8,92.7,0.5,343,0
2026-04-11 03:30:36,Jakarta Pusat,64,114,11,0.74,34,30.1,78.0,3.1,158,0
2026-04-11 03:00:36,Jakarta Pusat,74,98,21,1.14,15,30.5,63.1,9.2,227,0
2026-04-11 02:30:36,Jakarta Barat,18,28,24,0.23,44,26.4,57.0,0.1,137,0
2026-04-11 02:00:36,Jakarta Pusat,60,87,30,1.19,53,28.7,79.1,4.1,302,0
2026-04-11 01:30:36,Jakarta Pusat,39,68,19,0.84,68,33.4,78.0,1.8,313,0
2026-04-11 01:00:36,Jakarta Barat,5,10,2,0.83,22,28.1,64.3,1.4,285,0
2026-04-11 00:30:36,Jakarta Utara,16,25,2,0.51,62,28.9,37.0,2.4,111,0
2026-04-11 00:00:36,Jakarta Selatan,51,77,27,1.09,42,32.1,76.6,3.8,214,0
2026-04-10 23:30:36,Jakarta Pusat,5,10,16,0.95,66,22.4,76.0,3.2,343,0
2026-04-10 23:00:36,Jakarta Utara,73,110,32,0.5,48,27.6,89.9,4.2,0,0
2026-04-10 22:30:36,Jakarta Utara,38,47,14,0.49,59,26.6,84.0,0.0,162,0
2026-04-10 22:00:36,Jakarta Utara,28,34,9,0.32,50,34.4,54.9,0.9,75,0
2026-04-10 21:30:36,Jakarta Barat,47,59,21,0.9,26,33.0,79.0,2.5,195,0
2026-04-10 21:00:36,Jakarta Utara,31,47,10,0.77,11,27.2,69.4,2.3,177,0
2026-04-10 20:30:36,Jakarta Selatan,38,65,17,0.44,26,30.9,79.0,0.1,7,0
2026-04-10 20:00:36,Jakarta Utara,30,48,38,1.36,44,27.2,70.8,3.4,164,0
2026-04-10 19:30:36,Jakarta Timur,63,107,11,0.45,34,25.9,79.0,7.8,328,0
2026-04-10 19:00:36,Jakarta Timur,37,53,12,1.37,36,29.6,95.2,1.2,122,0
2026-04-10 18:30:36,Jakarta Barat,16,22,22,0.75,65,30.2,63.0,0.7,184,0
2026-04-10 18:00:36,Jakarta Barat,27,34,25,0.1,46,25.1,74.5,0.8,265,0
2026-04-10 17:30:36,Jakarta Timur,60,84,21,1.24,28,29.4,71.0,8.2,55,0
2026-04-10 17:00:36,Jakarta Barat,45,62,29,0.65,53,33.6,55.2,7.3,216,0
2026-04-10 16:30:36,Jakarta Barat,16,24,12,0.82,60,25.9,65.0,3.6,248,0
2026-04-10 16:00:36,Jakarta Timur,45,63,21,0.68,49,32.2,66.2,3.4,169,0
2026-04-10 15:30:36,Jakarta Utara,5,10,13,0.54,31,27.4,73.0,5.0,332,0
2026-04-10 15:00:36,Jakarta Barat,34,45,16,0.68,40,31.3,69.7,1.8,330,0
2026-04-10 14:30:36,Jakarta Barat,16,27,12,0.12,50,31.0,65.0,0.6,43,0
2026-04-10 14:00:36,Jakarta Timur,9,13,15,0.45,46,30.7,80.7,1.4,8,0
2026-04-10 13:30:36,Jakarta Barat,40,71,20,0.44,42,27.3,75.0,2.2,114,0
2026-04-10 13:00:36,Jakarta Pusat,29,45,13,0.1,36,30.3,83.8,2.4,164,0
2026-04-10 12:30:36,Jakarta Barat,52,88,20,0.16,36,28.9,81.0,3.2,154,0
2026-04-10 12:00:36,Jakarta Barat,64,93,25,1.12,45,31.0,85.4,6.6,186,0
2026-04-10 11:30:36,Jakarta Utara,27,35,16,0.6,51,32.6,82.0,0.2,209,0
2026-04-10 11:00:36,Jakarta Pusat,52,70,12,0.95,32,29.6,82.1,1.1,102,0
2026-04-10 10:30:36,Jakarta Pusat,83,112,26,0.22,57,30.0,99.0,1.7,332,0
2026-04-10 10:00:36,Jakarta Selatan,43,76,14,0.34,51,29.8,72.0,4.4,90,0
2026-04-10 09:30:36,Jakarta Pusat,46,57,6,0.38,54,25.3,83.0,1.3,148,0
2026-04-10 09:00:36,Jakarta Pusat,51,81,32,0.95,20,31.2,73.1,6.8,111,0
2026-04-10 08:30:36,Jakarta Utara,62,96,12,0.52,50,29.8,86.0,0.7,301,0
2026-04-10 08:00:36,Jakarta Timur,51,67,12,0.3,50,34.0,61.8,0.7,95,0
2026-04-10 07:30:36,Jakarta Selatan,57,102,10,1.02,26,30.0,64.0,0.5,205,0
2026-04-10 07:00:36,Jakarta Timur,41,49,24,0.53,49,28.1,82.2,1.9,356,0
2026-04-10 06:30:36,Jakarta Timur,50,81,15,0.73,34,25.5,83.0,1.6,271,0
2026-04-10 06:00:36,Jakarta Barat,51,85,32,0.99,22,24.1,70.1,10.9,312,0
2026-04-10 05:30:36,Jakarta Timur,66,80,26,1.25,25,29.6,76.0,4.7,120,0
2026-04-10 05:00:36,Jakarta Barat,15,24,24,0.1,71,28.2,74.0,2.4,105,0
2026-04-10 04:30:36,Jakarta Pusat,32,44,24,0.41,61,26.9,81.0,0.6,206,0
2026-04-10 04:00:36,Jakarta Selatan,16,23,3,1.1,66,31.2,65.6,0.0,146,0
2026-04-10 03:30:36,Jakarta Utara,38,57,19,0.97,35,31.0,80.0,0.2,346,0
2026-04-10 03:00:36,Jakarta Pusat,20,24,25,0.57,46,26.5,79.9,1.1,260,0
2026-04-10 02:30:36,Jakarta Pusat,40,54,12,0.83,39,31.9,73.0,2.0,139,0
2026-04-10 02:00:36,Jakarta Selatan,26,45,14,0.52,24,26.4,66.9,1.1,212,0
2026-04-10 01:30:36,Jakarta Pusat,75,121,28,0.94,57,34.5,81.0,4.9,128,0
2026-04-10 01:00:36,Jakarta Selatan,22,39,15,1.05,78,29.0,75.4,4.3,304,0
2026-04-10 00:30:36,Jakarta Barat,67,99,32,1.15,23,31.4,83.0,8.6,154,0
2026-04-10 00:00:36,Jakarta Selatan,37,50,24,0.57,21,29.0,65.9,2.3,8,0
2026-04-09 23:30:36,Jakarta Timur,17,24,19,0.89,29,26.7,89.0,0.6,72,0
2026-04-09 23:00:36,Jakarta Pusat,35,54,21,1.03,51,29.4,75.4,1.4,103,0
2026-04-09 22:30:36,Jakarta Selatan,59,70,15,0.73,37,27.0,77.0,1.2,282,0
2026-04-09 22:00:36,Jakarta Pusat,28,37,27,0.84,59,27.5,78.0,4.5,51,0
2026-04-09 21:30:36,Jakarta Selatan,30,36,7,0.71,41,31.1,62.0,1.5,205,0
2026-04-09 21:00:36,Jakarta Timur,27,34,18,0.77,25,30.6,62.3,4.0,208,0
2026-04-09 20:30:36,Jakarta Barat,26,40,13,0.36,73,25.2,78.0,0.6,271,0
2026-04-09 20:00:36,Jakarta Utara,70,113,28,0.96,38,33.6,67.1,2.6,330,0
2026-04-09 19:30:36,Jakarta Selatan,32,42,21,0.82,60,31.7,78.0,3.1,343,0
2026-04-09 19:00:36,Jakarta Timur,50,62,19,0.84,39,35.5,73.9,3.3,204,0
2026-04-09 18:30:36,Jakarta Selatan,58,103,9,0.23,51,31.1,68.0,8.3,231,0
2026-04-09 18:00:36,Jakarta Timur,40,66,10,0.75,52,33.5,72.3,1.4,298,0
2026-04-09 17:30:36,Jakarta Barat,32,41,25,1.32,47,31.6,83.0,0.9,178,0
2026-04-09 17:00:36,Jakarta Utara,50,63,8,0.81,53,26.2,68.7,1.8,96,0
2026-04-09 16:30:36,Jakarta Barat,33,50,21,0.59,67,32.6,59.0,1.4,338,0
2026-04-09 16:00:36,Jakarta Barat,55,73,10,1.01,38,27.4,83.2,4.5,220,0
2026-04-09 15:30:36,Jakarta Timur,38,54,23,0.9,29,32.2,87.0,2.5,133,0
2026-04-09 15:00:36,Jakarta Selatan,23,33,6,0.59,69,33.2,63.5,1.4,70,0
2026-04-09 14:30:36,Jakarta Utara,58,76,17,0.52,45,31.8,73.0,7.8,209,0
2026-04-09 14:00:36,Jakarta Selatan,46,82,17,0.88,40,31.9,77.4,0.7,336,0
2026-04-09 13:30:36,Jakarta Selatan,27,35,29,0.44,47,25.7,80.0,0.9,185,0
2026-04-09 13:00:36,Jakarta Pusat,5,10,29,1.25,51,29.9,89.5,0.8,4,0
2026-04-09 12:30:36,Jakarta Timur,30,41,17,0.38,37,26.6,66.0,1.7,74,0
2026-04-09 12:00:36,Jakarta Pusat,19,34,29,0.79,28,29.6,78.6,2.4,321,0
2026-04-09 11:30:36,Jakarta Selatan,36,56,14,0.83,26,28.1,83.0,1.4,36,0
2026-04-09 11:00:36,Jakarta Utara,58,99,38,0.73,44,31.7,89.6,0.4,26,0
2026-04-09 10:30:36,Jakarta Pusat,29,41,36,0.1,34,29.0,79.0,1.3,75,0
2026-04-09 10:00:36,Jakarta Timur,20,24,16,0.65,42,28.7,68.6,4.6,238,0
2026-04-09 09:30:36,Jakarta Utara,46,59,10,1.12,21,31.4,83.0,0.3,232,0
2026-04-09 09:00:36,Jakarta Barat,61,90,2,0.66,50,30.7,92.4,1.8,38,0
2026-04-09 08:30:36,Jakarta Utara,28,36,6,1.2,51,27.4,75.0,2.5,204,0
2026-04-09 08:00:36,Jakarta Timur,21,29,15,0.53,61,28.8,69.3,3.7,226,0
2026-04-09 07:30:36,Jakarta Timur,54,71,27,0.82,40,28.0,89.0,5.0,315,0
2026-04-09 07:00:36,Jakarta Timur,44,64,13,0.33,53,29.2,80.2,0.1,357,0
2026-04-09 06:30:36,Jakarta Timur,30,36,19,0.71,48,31.6,72.0,1.6,216,0
2026-04-09 06:00:36,Jakarta Pusat,46,61,28,0.78,59,29.9,96.4,3.6,202,0
2026-04-09 05:30:36,Jakarta Utara,16,20,13,0.88,41,31.1,71.0,1.4,66,0
2026-04-09 05:00:36,Jakarta Selatan,50,70,27,0.7,61,32.7,79.0,6.8,51,0
2026-04-09 04:30:36,Jakarta Pusat,167,229,19,4.21,50,29.2,74.0,0.2,77,1
2026-04-09 04:00:36,Jakarta Timur,15,18,4,0.53,33,28.8,77.9,0.3,10,0
2026-04-09 03:30:36,Jakarta Selatan,33,46,21,0.82,58,27.6,78.0,0.3,12,0
2026-04-09 03:00:36,Jakarta Pusat,43,74,11,0.22,52,27.0,67.8,1.2,45,0
2026-04-09 02:30:36,Jakarta Utara,19,33,23,0.88,43,31.3,75.0,0.3,180,0
2026-04-09 02:00:36,Jakarta Timur,25,39,16,0.36,52,28.3,64.9,0.4,278,0
2026-04-09 01:30:36,Jakarta Barat,41,73,20,0.22,46,30.9,53.0,0.6,350,0
2026-04-09 01:00:36,Jakarta Utara,57,98,7,1.6,43,30.2,81.0,3.7,237,0
2026-04-09 00:30:36,Jakarta Pusat,92,135,41,1.02,47,30.4,74.0,10.5,58,0
2026-04-09 00:00:36,Jakarta Pusat,25,42,10,1.11,56,29.6,69.8,0.1,128,0
2026-04-08 23:30:36,Jakarta Timur,14,19,3,0.88,63,31.8,72.0,2.0,283,0
2026-04-08 23:00:36,Jakarta Utara,0,0,0,0.0,0,31.1,76.2,8.6,58,1
2026-04-08 22:30:36,Jakarta Timur,32,45,8,0.82,75,30.9,71.0,0.4,294,0
2026-04-08 22:00:36,Jakarta Barat,42,63,14,0.69,49,33.2,79.5,0.9,228,0
2026-04-08 21:30:36,Jakarta Utara,31,54,24,0.93,47,25.5,86.0,1.4,349,0
2026-04-08 21:00:36,Jakarta Utara,36,52,2,0.47,53,30.7,82.0,0.4,260,0
2026-04-08 20:30:36,Jakarta Timur,23,28,29,0.71,57,27.1,86.0,1.6,78,0
2026-04-08 20:00:36,Jakarta Pusat,35,60,17,0.88,49,33.8,83.5,3.6,212,0
2026-04-08 19:30:36,Jakarta Timur,19,25,11,0.45,40,23.9,60.0,0.0,18,0
2026-04-08 19:00:36,Jakarta Timur,42,74,16,0.48,32,30.3,75.4,0.4,45,0
2026-04-08 18:30:36,Jakarta Selatan,46,81,16,0.69,50,31.2,74.0,0.1,62,0
2026-04-08 18:00:36,Jakarta Utara,69,121,15,1.17,40,30.5,76.8,8.3,222,0
2026-04-08 17:30:36,Jakarta Selatan,51,76,32,0.37,34,27.3,80.0,0.9,71,0
2026-04-08 17:00:36,Jakarta Timur,153,194,20,4.65,27,35.7,73.5,4.7,61,1
2026-04-08 16:30:36,Jakarta Barat,22,36,16,0.61,51,33.1,77.0,0.5,291,0
2026-04-08 16:00:36,Jakarta Timur,29,52,16,1.21,30,33.9,75.6,3.2,35,0
2026-04-08 15:30:36,Jakarta Pusat,29,45,2,0.7,41,30.8,59.0,1.3,195,0
2026-04-08 15:00:36,Jakarta Utara,26,37,17,0.21,47,28.0,73.9,1.5,49,0
2026-04-08 14:30:36,Jakarta Utara,58,85,21,1.32,46,24.1,77.0,6.3,283,0
2026-04-08 14:00:36,Jakarta Barat,49,78,30,0.74,33,30.5,75.2,4.6,30,0
2026-04-08 13:30:36,Jakarta Pusat,31,52,18,0.57,32,28.9,67.0,0.6,247,0
2026-04-08 13:00:36,Jakarta Utara,45,68,14,0.88,48,35.1,59.1,0.1,204,0
2026-04-08 12:30:36,Jakarta Timur,61,82,14,0.71,43,36.5,72.0,0.6,31,0
2026-04-08 12:00:36,Jakarta Selatan,27,33,20,0.56,52,28.7,72.6,3.3,220,0
2026-04-08 11:30:36,Jakarta Barat,7,10,26,0.62,54,32.4,58.0,2.3,245,0
2026-04-08 11:00:36,Jakarta Barat,9,13,15,0.35,30,26.6,64.0,0.8,87,0
2026-04-08 10:30:36,Jakarta Selatan,34,42,26,0.49,59,32.2,74.0,3.2,104,0
2026-04-08 10:00:36,Jakarta Selatan,53,73,22,1.02,63,29.4,95.1,7.1,244,0
2026-04-08 09:30:36,Jakarta Barat,0,0,0,0.0,0,30.1,67.0,3.5,61,1
2026-04-08 09:00:36,Jakarta Timur,57,85,16,0.93,29,30.1,89.0,1.2,316,0
2026-04-08 08:30:36,Jakarta Timur,0,0,0,0.0,0,36.9,76.0,0.8,215,1
2026-04-08 08:00:36,Jakarta Utara,52,70,18,1.12,54,33.2,82.5,3.5,294,0
2026-04-08 07:30:36,Jakarta Selatan,59,84,16,0.49,64,30.4,76.0,0.7,208,0
2026-04-08 07:00:36,Jakarta Utara,31,44,23,0.74,68,36.0,78.9,0.3,220,0
2026-04-08 06:30:36,Jakarta Pusat,173,244,28,3.79,50,30.1,82.0,1.2,282,1
2026-04-08 06:00:36,Jakarta Pusat,24,30,2,0.27,20,26.9,79.8,0.1,327,0
2026-04-08 05:30:36,Jakarta Pusat,39,64,17,1.12,15,30.7,62.0,3.3,105,0
2026-04-08 05:00:36,Jakarta Pusat,30,53,40,0.8,45,30.1,83.1,2.7,3,0
2026-04-08 04:30:36,Jakarta Pusat,68,82,27,0.73,37,31.7,86.0,2.4,129,0
2026-04-08 04:00:36,Jakarta Pusat,59,103,16,0.58,20,31.9,74.1,1.4,126,0
2026-04-08 03:30:36,Jakarta Selatan,36,46,15,1.01,35,30.3,62.0,2.5,138,0
2026-04-08 03:00:36,Jakarta Barat,37,59,36,0.9,41,29.2,55.9,2.9,286,0
2026-04-08 02:30:36,Jakarta Selatan,15,22,10,0.1,37,26.8,78.0,0.1,12,0
2026-04-08 02:00:36,Jakarta Pusat,44,65,19,0.14,38,29.2,69.6,9.1,351,0
2026-04-08 01:30:36,Jakarta Utara,40,55,35,0.79,59,30.5,65.0,6.7,49,0
2026-04-08 01:00:36,Jakarta Timur,16,26,11,0.92,51,29.1,58.7,0.2,199,0
2026-04-08 00:30:36,Jakarta Barat,10,12,29,0.72,40,29.1,63.0,2.1,162,0
2026-04-08 00:00:36,Jakarta Utara,31,40,7,0.36,78,32.2,58.9,4.1,21,0
2026-04-07 23:30:36,Jakarta Selatan,69,102,37,1.08,23,31.9,76.0,16.3,156,0
2026-04-07 23:00:36,Jakarta Pusat,35,42,7,0.98,40,29.5,92.8,0.2,6,0
2026-04-07 22:30:36,Jakarta Utara,45,76,15,0.6,35,30.7,77.0,5.0,28,0
2026-04-07 22:00:36,Jakarta Barat,33,49,33,0.23,52,31.6,77.5,1.9,355,0
2026-04-07 21:30:36,Jakarta Utara,31,44,11,0.71,52,27.4,93.0,2.0,54,0
2026-04-07 21:00:36,Jakarta Selatan,49,82,32,1.15,32,30.6,82.7,1.9,143,0
2026-04-07 20:30:36,Jakarta Selatan,147,183,10,4.13,43,29.8,78.0,0.1,128,1
2026-04-07 20:00:36,Jakarta Timur,34,59,5,0.98,47,32.7,78.3,0.5,122,0
2026-04-07 19:30:36,Jakarta Pusat,50,69,33,1.0,31,25.7,79.0,11.7,100,0
2026-04-07 19:00:36,Jakarta Selatan,30,50,8,0.76,44,27.8,66.9,1.8,138,0
2026-04-07 18:30:36,Jakarta Barat,69,105,24,1.55,62,32.9,80.0,7.9,224,0
2026-04-07 18:00:36,Jakarta Pusat,53,79,20,0.97,29,27.3,64.1,13.4,357,0
2026-04-07 17:30:36,Jakarta Barat,38,64,21,0.96,56,32.0,68.0,4.2,180,0
2026-04-07 17:00:36,Jakarta Timur,40,70,20,0.89,36,33.4,79.0,2.7,131,0
2026-04-07 16:30:36,Jakarta Utara,28,42,32,0.41,49,31.7,81.0,0.2,148,0
2026-04-07 16:00:36,Jakarta Timur,48,85,24,0.31,24,24.0,95.6,4.1,245,0
2026-04-07 15:30:36,Jakarta Timur,34,44,25,0.47,58,29.5,74.0,1.7,322,0
2026-04-07 15:00:36,Jakarta Selatan,18,25,15,0.57,40,25.0,69.7,0.9,48,0
2026-04-07 14:30:36,Jakarta Timur,44,69,19,0.74,42,28.5,88.0,0.5,93,0
2026-04-07 14:00:36,Jakarta Pusat,45,69,10,0.22,41,30.6,79.9,0.5,52,0
2026-04-07 13:30:36,Jakarta Pusat,56,88,12,0.45,35,27.0,68.0,5.1,269,0
2026-04-07 13:00:36,Jakarta Pusat,24,38,23,0.1,33,31.2,76.3,0.5,165,0
2026-04-07 12:30:36,Jakarta Timur,29,41,15,0.77,27,31.4,66.0,4.0,17,0
2026-04-07 12:00:36,Jakarta Barat,38,60,35,0.72,32,30.0,77.9,1.0,165,0
2026-04-07 11:30:36,Jakarta Timur,47,69,15,1.25,33,31.9,72.0,0.0,163,0
2026-04-07 11:00:36,Jakarta Barat,24,38,19,0.63,46,32.8,79.7,0.5,316,0
2026-04-07 10:30:36,Jakarta Utara,32,55,9,1.39,43,24.8,79.0,6.6,85,0
2026-04-07 10:00:36,Jakarta Selatan,22,38,17,1.39,26,33.2,68.0,0.6,340,0
2026-04-07 09:30:36,Jakarta Timur,54,83,31,0.87,33,30.6,65.0,3.0,0,0
2026-04-07 09:00:36,Jakarta Selatan,37,48,13,1.08,47,33.0,62.6,2.0,333,0
2026-04-07 08:30:36,Jakarta Timur,38,67,14,0.19,48,29.9,68.0,1.6,205,0
2026-04-07 08:00:36,Jakarta Pusat,24,42,14,0.61,44,29.2,49.4,0.8,184,0
2026-04-07 07:30:36,Jakarta Pusat,28,46,17,1.21,48,28.1,80.0,0.1,332,0
2026-04-07 07:00:36,Jakarta Barat,40,52,27,1.12,44,31.5,72.4,4.8,46,0
2026-04-07 06:30:36,Jakarta Utara,56,100,2,0.98,38,27.3,82.0,8.9,110,0
2026-04-07 06:00:36,Jakarta Barat,56,81,24,0.95,45,30.4,81.7,3.5,86,0
2026-04-07 05:30:36,Jakarta Timur,18,30,14,0.1,39,22.1,74.0,0.1,8,0
2026-04-07 05:00:36,Jakarta Barat,32,45,8,0.6,61,32.1,64.0,4.9,40,0
2026-04-07 04:30:36,Jakarta Barat,35,47,16,0.54,30,29.1,75.0,0.3,279,0
2026-04-07 04:00:36,Jakarta Selatan,73,119,3,0.69,26,33.9,92.4,0.1,165,0
2026-04-07 03:30:36,Jakarta Utara,30,41,16,0.53,31,26.7,89.0,0.6,311,0
2026-04-07 03:00:36,Jakarta Selatan,32,42,2,0.13,62,29.4,71.3,1.4,214,0
2026-04-07 02:30:36,Jakarta Barat,18,27,12,1.12,44,27.7,78.0,1.2,4,0
2026-04-07 02:00:36,Jakarta Barat,19,25,30,0.94,38,32.8,73.6,0.0,235,0
2026-04-07 01:30:36,Jakarta Selatan,37,60,19,0.9,41,30.6,83.0,3.4,155,0
2026-04-07 01:00:36,Jakarta Barat,42,60,31,0.96,59,39.0,76.1,1.9,113,0
2026-04-07 00:30:36,Jakarta Timur,33,49,25,0.26,40,33.1,74.0,0.9,93,0
2026-04-07 00:00:36,Jakarta Selatan,23,29,19,0.71,43,28.0,75.1,1.5,226,0
2026-04-06 23:30:36,Jakarta Selatan,79,101,28,0.82,38,29.9,76.0,5.5,151,0
2026-04-06 23:00:36,Jakarta Utara,39,59,10,0.44,36,26.9,73.7,2.7,7,0
2026-04-06 22:30:36,Jakarta Pusat,46,78,38,1.62,45,28.9,73.0,10.7,274,0
2026-04-06 22:00:36,Jakarta Pusat,46,60,11,0.19,41,28.2,62.0,0.1,211,0
2026-04-06 21:30:36,Jakarta Utara,27,46,22,0.24,62,33.3,65.0,2.8,245,0
2026-04-06 21:00:36,Jakarta Selatan,48,81,22,0.49,65,29.6,80.7,2.9,283,0
2026-04-06 20:30:36,Jakarta Utara,27,37,2,0.76,40,26.0,65.0,1.1,198,0
2026-04-06 20:00:36,Jakarta Utara,31,46,37,1.14,56,33.2,77.2,3.8,343,0
2026-04-06 19:30:36,Jakarta Barat,63,99,16,0.97,36,22.1,72.0,9.7,340,0
2026-04-06 19:00:36,Jakarta Pusat,72,108,17,1.02,50,29.9,87.5,4.8,198,0
2026-04-06 18:30:36,Jakarta Pusat,56,68,20,0.96,44,30.2,80.0,0.3,206,0
2026-04-06 18:00:36,Jakarta Utara,34,45,17,1.13,47,28.5,82.6,8.0,250,0
2026-04-06 17:30:36,Jakarta Timur,36,62,9,0.61,38,30.6,75.0,0.5,196,0
2026-04-06 17:00:36,Jakarta Barat,5,10,3,0.47,61,26.9,64.5,0.1,88,0
2026-04-06 16:30:36,Jakarta Utara,148,184,5,4.4,41,24.5,80.0,2.5,356,1
2026-04-06 16:00:36,Jakarta Utara,32,52,10,0.55,41,28.2,79.6,0.2,227,0
2026-04-06 15:30:36,Jakarta Selatan,56,82,16,0.86,42,31.9,66.0,3.1,359,0
2026-04-06 15:00:36,Jakarta Barat,28,35,2,0.72,52,26.7,68.8,0.5,201,0
2026-04-06 14:30:36,Jakarta Barat,16,25,19,1.02,54,30.2,74.0,1.7,43,0
2026-04-06 14:00:36,Jakarta Barat,28,46,16,0.91,52,34.1,72.6,0.3,99,0
2026-04-06 13:30:36,Jakarta Pusat,23,29,32,0.86,38,30.8,70.0,4.8,358,0
2026-04-06 13:00:36,Jakarta Barat,78,95,12,1.47,27,33.3,73.4,1.3,235,0
2026-04-06 12:30:36,Jakarta Barat,0,0,0,0.0,0,31.8,73.0,0.1,186,1
2026-04-06 12:00:36,Jakarta Barat,40,56,24,0.95,50,37.9,88.4,3.1,316,0
2026-04-06 11:30:36,Jakarta Barat,51,67,8,0.79,32,27.4,77.0,4.8,14,0
2026-04-06 11:00:36,Jakarta Utara,40,68,30,0.89,54,32.3,79.3,8.0,83,0
2026-04-06 10:30:36,Jakarta Selatan,20,32,20,0.39,33,29.1,78.0,0.2,256,0
2026-04-06 10:00:36,Jakarta Selatan,0,0,0,0.0,0,30.0,89.1,0.9,318,1
2026-04-06 09:30:36,Jakarta Pusat,20,29,7,0.36,53,27.7,61.0,0.7,1,0
2026-04-06 09:00:36,Jakarta Timur,57,96,23,1.34,59,32.1,77.2,4.2,229,0
2026-04-06 08:30:36,Jakarta Selatan,27,37,13,0.84,42,28.2,57.0,2.7,53,0
2026-04-06 08:00:36,Jakarta Barat,42,56,21,0.94,32,27.6,81.4,1.6,167,0
2026-04-06 07:30:36,Jakarta Utara,57,90,23,0.74,39,33.6,72.0,0.2,134,0
2026-04-06 07:00:36,Jakarta Pusat,41,57,24,1.1,37,36.1,96.2,0.6,42,0
2026-04-06 06:30:36,Jakarta Selatan,48,75,30,0.22,38,30.4,83.0,5.3,340,0
2026-04-06 06:00:36,Jakarta Selatan,80,105,32,0.53,31,31.3,78.8,7.9,104,0
2026-04-06 05:30:36,Jakarta Pusat,27,48,20,0.88,42,31.1,73.0,0.8,187,0
2026-04-06 05:00:36,Jakarta Barat,27,38,32,0.56,51,33.5,69.7,3.3,285,0
2026-04-06 04:30:36,Jakarta Pusat,56,96,27,0.35,46,31.9,69.0,4.7,69,0
2026-04-06 04:00:36,Jakarta Barat,43,74,10,0.4,41,30.8,73.6,0.6,59,0
2026-04-06 03:30:36,Jakarta Pusat,5,10,11,1.08,34,30.1,64.0,0.2,200,0
2026-04-06 03:00:36,Jakarta Barat,40,52,24,1.4,38,28.1,79.1,0.2,303,0
2026-04-06 02:30:36,Jakarta Selatan,13,18,14,0.22,33,23.3,72.0,2.0,23,0
2026-04-06 02:00:36,Jakarta Timur,46,69,25,1.02,56,28.3,72.7,6.4,26,0
2026-04-06 01:30:36,Jakarta Selatan,35,58,21,0.58,35,25.5,75.0,3.3,128,0
2026-04-06 01:00:36,Jakarta Utara,6,10,24,0.53,53,29.9,74.0,0.1,68,0
2026-04-06 00:30:36,Jakarta Utara,19,28,27,0.1,58,28.6,85.0,1.4,341,0
2026-04-06 00:00:36,Jakarta Timur,36,60,18,0.41,58,27.4,85.9,2.0,68,0
2026-04-05 23:30:36,Jakarta Pusat,45,73,16,0.91,37,32.8,76.0,2.2,248,0
2026-04-05 23:00:36,Jakarta Timur,15,23,18,0.88,38,31.3,41.3,0.7,233,0
2026-04-05 22:30:36,Jakarta Timur,138,178,17,3.7800000000000002,40,27.5,73.0,5.0,344,1
2026-04-05 22:00:36,Jakarta Selatan,14,23,28,0.99,55,31.5,79.7,1.4,271,0
2026-04-05 21:30:36,Jakarta Utara,31,48,7,0.4,27,27.8,74.0,0.9,111,0
2026-04-05 21:00:36,Jakarta Timur,33,42,13,0.44,58,26.9,59.6,3.6,17,0
2026-04-05 20:30:36,Jakarta Barat,34,53,19,0.29,30,29.1,82.0,1.5,30,0
2026-04-05 20:00:36,Jakarta Utara,26,42,13,0.64,40,25.3,68.3,1.8,96,0
2026-04-05 19:30:36,Jakarta Barat,16,19,6,0.51,64,28.7,80.0,0.1,292,0
2026-04-05 19:00:36,Jakarta Barat,39,66,9,0.84,53,30.0,79.1,2.3,58,0
2026-04-05 18:30:36,Jakarta Barat,35,58,11,0.68,36,27.7,69.0,0.4,72,0
2026-04-05 18:00:36,Jakarta Barat,53,91,25,0.45,51,31.6,79.9,1.5,167,0
2026-04-05 17:30:36,Jakarta Timur,75,121,7,0.43,63,34.1,94.0,3.0,348,0
2026-04-05 17:00:36,Jakarta Barat,70,105,36,1.02,56,35.2,80.2,5.2,108,0
2026-04-05 16:30:36,Jakarta Selatan,48,73,23,0.3,55,28.3,84.0,3.6,293,0
2026-04-05 16:00:36,Jakarta Selatan,76,95,23,0.43,42,26.8,96.4,1.2,283,0
2026-04-05 15:30:36,Jakarta Selatan,31,53,24,0.86,34,31.4,85.0,0.6,23,0
2026-04-05 15:00:36,Jakarta Pusat,35,62,13,0.7,46,30.2,90.7,2.3,203,0
2026-04-05 14:30:36,Jakarta Pusat,27,38,24,0.57,35,28.3,78.0,2.4,150,0
2026-04-05 14:00:36,Jakarta Pusat,5,10,23,0.54,26,29.8,63.9,2.3,248,0
2026-04-05 13:30:36,Jakarta Utara,55,91,11,0.54,41,28.6,76.0,2.9,73,0
2026-04-05 13:00:36,Jakarta Timur,78,115,19,0.68,35,29.9,83.8,6.4,265,0
2026-04-05 12:30:36,Jakarta Timur,27,35,17,1.12,50,30.0,62.0,7.7,207,0
2026-04-05 12:00:36,Jakarta Pusat,31,43,23,0.1,65,29.4,72.4,2.5,168,0
2026-04-05 11:30:36,Jakarta Utara,41,69,27,0.7,56,28.2,66.0,6.5,286,0
2026-04-05 11:00:36,Jakarta Selatan,171,237,26,4.61,19,34.2,71.0,0.6,263,1
2026-04-05 10:30:36,Jakarta Timur,68,106,13,1.1,32,32.6,95.0,0.5,87,0
2026-04-05 10:00:36,Jakarta Utara,28,49,33,0.8,36,27.4,74.7,0.2,329,0
2026-04-05 09:30:36,Jakarta Utara,32,39,4,0.69,46,29.3,80.0,0.3,245,0
2026-04-05 09:00:36,Jakarta Pusat,76,132,27,1.21,38,32.8,83.9,12.0,128,0
2026-04-05 08:30:36,Jakarta Pusat,34,58,10,0.81,44,28.8,67.0,0.7,133,0
2026-04-05 08:00:36,Jakarta Selatan,141,176,24,4.21,28,33.4,67.5,1.5,7,1
2026-04-05 07:30:36,Jakarta Selatan,34,44,23,0.53,68,30.4,70.0,4.5,143,0
2026-04-05 07:00:36,Jakarta Timur,44,67,5,1.26,51,34.4,82.7,0.6,343,0
2026-04-05 06:30:36,Jakarta Selatan,28,45,2,0.74,20,26.0,71.0,0.5,52,0
2026-04-05 06:00:36,Jakarta Pusat,23,32,15,0.88,46,31.7,63.8,0.1,326,0
2026-04-05 05:30:36,Jakarta Timur,16,23,12,0.86,22,28.7,68.0,1.8,358,0
2026-04-05 05:00:36,Jakarta Selatan,34,52,6,0.9,33,27.4,72.2,4.3,252,0
2026-04-05 04:30:36,Jakarta Selatan,31,49,6,0.21,26,27.0,54.0,0.4,241,0
2026-04-05 04:00:36,Jakarta Pusat,68,85,29,1.02,56,29.4,81.8,8.3,144,0
2026-04-05 03:30:36,Jakarta Pusat,45,64,19,1.21,51,28.5,73.0,6.7,137,0
2026-04-05 03:00:36,Jakarta Selatan,71,86,30,0.91,41,34.1,78.9,2.0,292,0
2026-04-05 02:30:36,Jakarta Selatan,10,17,11,0.8,52,32.9,53.0,0.5,99,0
2026-04-05 02:00:36,Jakarta Pusat,24,38,18,0.74,65,28.8,90.1,0.5,353,0
2026-04-05 01:30:36,Jakarta Timur,17,21,8,0.1,27,24.2,72.0,1.3,281,0
2026-04-05 01:00:36,Jakarta Selatan,59,72,33,1.95,55,31.7,83.3,2.6,110,0
2026-04-05 00:30:36,Jakarta Timur,54,73,17,0.68,51,29.4,89.0,1.1,293,0
2026-04-05 00:00:36,Jakarta Timur,36,52,2,1.18,24,22.1,80.1,5.0,286,0
2026-04-04 23:30:36,Jakarta Pusat,0,0,0,0.0,0,30.8,81.0,1.1,149,1
2026-04-04 23:00:36,Jakarta Utara,30,39,15,0.82,37,28.1,84.0,0.9,211,0
2026-04-04 22:30:36,Jakarta Barat,43,66,6,0.32,48,28.1,84.0,0.5,108,0
2026-04-04 22:00:36,Jakarta Selatan,68,92,19,0.63,47,27.5,87.5,5.8,284,0
2026-04-04 21:30:36,Jakarta Barat,37,46,23,1.03,28,32.9,63.0,0.7,138,0
2026-04-04 21:00:36,Jakarta Utara,71,98,27,0.9,33,29.6,91.0,10.8,329,0
2026-04-04 20:30:36,Jakarta Selatan,20,33,6,0.96,49,29.2,57.0,0.5,122,0
2026-04-04 20:00:36,Jakarta Utara,58,102,15,1.15,40,32.1,69.7,0.2,342,0
2026-04-04 19:30:36,Jakarta Selatan,172,238,16,3.8,35,29.9,75.0,1.5,282,1
2026-04-04 19:00:36,Jakarta Utara,53,72,16,0.57,23,26.8,76.1,6.6,54,0
2026-04-04 18:30:36,Jakarta Timur,5,10,25,0.45,43,27.7,75.0,0.4,357,0
2026-04-04 18:00:36,Jakarta Timur,64,109,16,0.58,41,27.2,57.5,3.3,318,0
2026-04-04 17:30:36,Jakarta Utara,7,10,4,1.07,49,27.3,50.0,0.8,103,0
2026-04-04 17:00:36,Jakarta Selatan,11,17,26,0.81,50,30.1,82.4,0.2,142,0
2026-04-04 16:30:36,Jakarta Barat,24,28,37,0.54,42,32.5,76.0,2.5,218,0
2026-04-04 16:00:36,Jakarta Barat,34,53,13,1.27,43,28.9,68.1,0.7,262,0
2026-04-04 15:30:36,Jakarta Timur,39,55,11,0.43,58,31.3,81.0,0.5,269,0
2026-04-04 15:00:36,Jakarta Timur,62,94,3,0.76,52,32.5,70.6,3.7,188,0
2026-04-04 14:30:36,Jakarta Selatan,5,10,19,0.8,48,29.8,74.0,1.4,233,0
2026-04-04 14:00:36,Jakarta Timur,19,28,19,0.6,37,27.0,62.9,2.0,325,0
2026-04-04 13:30:36,Jakarta Pusat,58,94,6,0.39,30,33.1,77.0,1.0,336,0
2026-04-04 13:00:36,Jakarta Pusat,43,59,9,0.33,44,27.0,71.9,1.1,46,0
2026-04-04 12:30:36,Jakarta Utara,43,74,16,1.03,42,33.8,91.0,0.6,14,0
2026-04-04 12:00:36,Jakarta Timur,25,33,2,0.2,44,30.7,58.9,0.1,258,0
2026-04-04 11:30:36,Jakarta Utara,25,44,21,0.72,38,28.2,82.0,1.7,152,0
2026-04-04 11:00:36,Jakarta Pusat,49,60,15,1.29,50,26.8,82.7,0.5,24,0
2026-04-04 10:30:36,Jakarta Utara,47,60,24,1.09,41,24.6,67.0,5.0,174,0
2026-04-04 10:00:36,Jakarta Barat,42,50,19,0.73,52,29.7,86.2,2.5,237,0
2026-04-04 09:30:36,Jakarta Timur,11,17,15,0.77,49,26.0,62.0,1.2,297,0
2026-04-04 09:00:36,Jakarta Selatan,34,58,19,0.3,48,30.0,66.7,1.9,121,0
2026-04-04 08:30:36,Jakarta Pusat,34,55,15,0.1,62,25.7,90.0,0.0,356,0
2026-04-04 08:00:36,Jakarta Pusat,52,72,23,1.13,66,37.0,79.6,1.3,53,0
2026-04-04 07:30:36,Jakarta Utara,39,60,12,0.86,36,31.0,61.0,0.4,100,0
2026-04-04 07:00:36,Jakarta Utara,17,20,5,0.44,11,29.7,90.6,1.8,92,0
2026-04-04 06:30:36,Jakarta Pusat,37,44,40,0.66,35,27.7,95.0,0.2,76,0
2026-04-04 06:00:36,Jakarta Selatan,41,50,21,0.81,35,29.9,62.9,3.6,231,0
2026-04-04 05:30:36,Jakarta Timur,60,102,12,1.05,49,30.1,88.0,0.1,43,0
2026-04-04 05:00:36,Jakarta Utara,35,57,13,0.96,42,36.3,79.8,0.8,70,0
2026-04-04 04:30:36,Jakarta Selatan,9,12,16,0.7,35,26.6,63.0,0.4,234,0
2026-04-04 04:00:36,Jakarta Selatan,47,77,16,0.42,39,29.5,69.2,2.3,143,0
2026-04-04 03:30:36,Jakarta Timur,41,66,11,0.99,43,27.1,88.0,0.2,117,0
2026-04-04 03:00:36,Jakarta Timur,36,48,17,0.43,42,33.6,62.1,6.5,212,0
2026-04-04 02:30:36,Jakarta Utara,32,44,20,1.11,27,30.4,88.0,0.4,221,0
2026-04-04 02:00:36,Jakarta Utara,50,79,33,1.05,36,33.0,89.4,3.0,307,0
2026-04-04 01:30:36,Jakarta Barat,55,84,25,0.35,39,29.3,88.0,5.8,353,0
2026-04-04 01:00:36,Jakarta Timur,50,69,27,0.39,45,33.5,65.8,1.2,104,0
2026-04-04 00:30:36,Jakarta Pusat,50,65,3,1.33,55,32.1,80.0,0.2,138,0
2026-04-04 00:00:36,Jakarta Pusat,63,84,19,0.81,41,31.5,72.2,4.6,274,0
2026-04-03 23:30:36,Jakarta Pusat,29,42,24,0.87,40,29.0,71.0,2.2,8,0
2026-04-03 23:00:36,Jakarta Barat,89,112,26,1.08,43,35.2,76.6,8.9,155,0
2026-04-03 22:30:36,Jakarta Timur,70,95,2,0.67,44,29.9,79.0,9.2,296,0
2026-04-03 22:00:36,Jakarta Pusat,21,35,17,0.55,59,28.4,73.5,2.5,68,0
2026-04-03 21:30:36,Jakarta Barat,16,20,16,1.04,49,28.3,84.0,0.6,346,0
2026-04-03 21:00:36,Jakarta Selatan,20,30,10,0.64,42,23.6,68.5,7.4,143,0
2026-04-03 20:30:36,Jakarta Pusat,27,37,2,0.48,53,27.2,57.0,1.9,345,0
2026-04-03 20:00:36,Jakarta Pusat,44,60,32,0.98,46,30.1,91.4,0.6,270,0
2026-04-03 19:30:36,Jakarta Selatan,18,29,8,0.97,47,25.4,79.0,2.4,358,0
2026-04-03 19:00:36,Jakarta Timur,56,98,21,1.46,46,32.7,77.6,6.3,201,0
2026-04-03 18:30:36,Jakarta Pusat,39,68,17,0.37,55,28.6,65.0,2.3,315,0
2026-04-03 18:00:36,Jakarta Barat,26,40,3,0.48,42,28.2,79.4,0.5,127,0
2026-04-03 17:30:36,Jakarta Timur,32,50,18,0.1,29,27.5,74.0,2.9,179,0
2026-04-03 17:00:36,Jakarta Selatan,5,10,8,1.0,38,29.8,59.2,0.4,106,0
2026-04-03 16:30:36,Jakarta Pusat,41,73,26,0.23,60,30.6,77.0,1.8,168,0
2026-04-03 16:00:36,Jakarta Selatan,45,77,11,0.97,57,33.0,85.1,1.9,180,0
2026-04-03 15:30:36,Jakarta Barat,0,0,0,0.0,0,29.1,64.0,0.4,167,1
2026-04-03 15:00:36,Jakarta Utara,48,82,19,1.02,38,33.3,78.9,5.2,247,0
2026-04-03 14:30:36,Jakarta Barat,37,66,19,0.87,31,31.9,74.0,4.9,311,0
2026-04-03 14:00:36,Jakarta Barat,11,14,10,0.88,46,32.6,39.5,0.5,325,0
2026-04-03 13:30:36,Jakarta Utara,151,191,10,4.77,39,33.1,83.0,1.6,99,1
2026-04-03 13:00:36,Jakarta Pusat,77,134,26,1.31,52,32.1,83.3,7.7,182,0
2026-04-03 12:30:36,Jakarta Selatan,41,73,17,0.8,43,28.8,87.0,0.8,67,0
2026-04-03 12:00:36,Jakarta Utara,19,28,6,0.26,46,27.8,65.8,1.0,102,0
2026-04-03 11:30:36,Jakarta Pusat,26,41,2,0.78,43,25.1,93.0,0.2,206,0
2026-04-03 11:00:36,Jakarta Utara,64,113,23,0.98,39,25.7,78.5,11.4,246,0
2026-04-03 10:30:36,Jakarta Selatan,51,66,17,1.07,11,28.4,78.0,0.4,283,0
2026-04-03 10:00:36,Jakarta Barat,30,42,8,0.78,46,24.9,77.8,2.9,47,0
2026-04-03 09:30:36,Jakarta Utara,52,83,12,1.18,45,28.0,74.0,1.2,282,0
2026-04-03 09:00:36,Jakarta Pusat,67,108,31,0.79,40,27.6,85.2,2.0,164,0
2026-04-03 08:30:36,Jakarta Pusat,9,16,10,0.49,44,23.6,94.0,0.3,296,0
2026-04-03 08:00:36,Jakarta Utara,18,31,32,0.44,24,31.7,81.3,0.4,17,0
2026-04-03 07:30:36,Jakarta Timur,5,10,30,0.63,51,33.7,76.0,1.9,277,0
2026-04-03 07:00:36,Jakarta Timur,54,96,13,0.74,52,26.8,87.3,1.4,225,0
2026-04-03 06:30:36,Jakarta Pusat,55,91,7,0.29,15,28.9,80.0,3.2,145,0
2026-04-03 06:00:36,Jakarta Pusat,35,47,5,0.22,52,29.3,61.1,3.0,119,0
2026-04-03 05:30:36,Jakarta Timur,46,75,5,0.57,27,28.0,85.0,0.9,206,0
2026-04-03 05:00:36,Jakarta Timur,89,111,5,0.59,29,24.1,75.8,3.5,18,0
2026-04-03 04:30:36,Jakarta Barat,51,75,18,0.73,31,29.3,83.0,4.9,205,0
2026-04-03 04:00:36,Jakarta Selatan,55,84,18,0.77,49,28.3,73.0,3.3,214,0
2026-04-03 03:30:36,Jakarta Barat,16,28,2,0.55,31,29.2,70.0,0.7,197,0
2026-04-03 03:00:36,Jakarta Timur,23,33,11,0.17,38,23.7,66.4,0.5,210,0
2026-04-03 02:30:36,Jakarta Barat,29,37,26,0.45,44,35.2,61.0,1.2,93,0
2026-04-03 02:00:36,Jakarta Pusat,37,54,27,0.66,43,29.4,84.2,1.6,60,0
2026-04-03 01:30:36,Jakarta Timur,23,29,13,0.5,65,27.1,52.0,1.7,195,0
2026-04-03 01:00:36,Jakarta Barat,43,67,21,0.7,48,31.1,79.6,2.6,32,0
2026-04-03 00:30:36,Jakarta Timur,45,70,23,0.77,41,27.9,71.0,2.5,206,0
2026-04-03 00:00:36,Jakarta Timur,0,0,0,0.0,0,27.3,92.9,5.0,67,1
2026-04-02 23:30:36,Jakarta Pusat,49,82,7,0.49,26,25.4,75.0,1.2,221,0
2026-04-02 23:00:36,Jakarta Timur,52,78,20,0.65,60,33.0,68.3,4.1,324,0
2026-04-02 22:30:36,Jakarta Utara,42,52,11,0.33,36,30.2,76.0,1.0,187,0
2026-04-02 22:00:36,Jakarta Timur,20,30,12,0.63,49,26.7,67.6,0.6,133,0
2026-04-02 21:30:36,Jakarta Selatan,43,74,29,0.31,45,25.4,79.0,3.6,133,0
2026-04-02 21:00:36,Jakarta Barat,38,58,12,1.32,57,27.8,66.5,2.1,117,0
2026-04-02 20:30:36,Jakarta Barat,29,42,28,0.81,38,27.5,70.0,1.5,165,0
2026-04-02 20:00:36,Jakarta Barat,25,41,18,0.53,53,25.9,84.8,1.9,220,0
2026-04-02 19:30:36,Jakarta Pusat,57,84,16,0.65,55,32.3,89.0,1.6,36,0
2026-04-02 19:00:36,Jakarta Utara,45,76,35,1.06,53,28.7,72.9,5.4,44,0
2026-04-02 18:30:36,Jakarta Timur,40,70,15,1.29,56,32.0,59.0,1.6,42,0
2026-04-02 18:00:36,Jakarta Pusat,25,43,5,0.68,33,25.8,84.4,0.3,314,0
2026-04-02 17:30:36,Jakarta Pusat,56,75,27,0.79,39,29.3,73.0,1.6,26,0
2026-04-02 17:00:36,Jakarta Pusat,0,0,0,0.0,0,32.4,89.4,3.5,179,1
2026-04-02 16:30:36,Jakarta Timur,61,96,7,0.87,42,32.6,66.0,1.7,4,0
2026-04-02 16:00:36,Jakarta Pusat,20,30,18,0.1,36,27.1,72.8,0.7,242,0
2026-04-02 15:30:36,Jakarta Utara,69,102,28,1.0,28,30.7,63.0,3.3,184,0
2026-04-02 15:00:36,Jakarta Selatan,52,73,27,0.31,32,28.3,92.5,4.3,106,0
2026-04-02 14:30:36,Jakarta Utara,38,57,20,0.83,63,33.0,72.0,2.1,56,0
2026-04-02 14:00:36,Jakarta Selatan,27,47,6,0.63,44,27.1,73.2,2.3,343,0
2026-04-02 13:30:36,Jakarta Selatan,33,50,16,0.95,42,27.8,69.0,3.0,15,0
2026-04-02 13:00:36,Jakarta Pusat,53,80,24,0.67,55,28.7,67.8,3.4,253,0
2026-04-02 12:30:36,Jakarta Timur,64,90,13,0.87,44,34.1,83.0,0.7,155,0
2026-04-02 12:00:36,Jakarta Barat,63,89,16,0.57,57,32.3,78.6,3.5,308,0
2026-04-02 11:30:36,Jakarta Barat,20,35,21,0.9,25,29.5,77.0,1.3,127,0
2026-04-02 11:00:36,Jakarta Barat,27,37,15,0.9,45,29.1,57.7,3.6,349,0
2026-04-02 10:30:36,Jakarta Selatan,38,51,12,0.77,46,29.6,89.0,0.3,301,0
2026-04-02 10:00:36,Jakarta Selatan,59,76,10,0.92,26,30.2,86.5,3.5,186,0
2026-04-02 09:30:36,Jakarta Barat,48,59,12,0.82,52,28.3,77.0,1.4,188,0
2026-04-02 09:00:36,Jakarta Pusat,31,47,20,1.13,27,32.7,87.1,1.7,168,0
2026-04-02 08:30:36,Jakarta Timur,54,77,27,0.94,70,31.5,90.0,1.5,351,0
2026-04-02 08:00:36,Jakarta Selatan,62,97,33,1.56,39,28.5,79.7,5.8,231,0
2026-04-02 07:30:36,Jakarta Utara,5,10,3,0.43,32,24.7,74.0,1.3,286,0
2026-04-02 07:00:36,Jakarta Timur,47,65,18,0.65,70,32.8,77.0,3.6,312,0
2026-04-02 06:30:36,Jakarta Selatan,142,182,17,4.27,45,28.3,73.0,1.6,205,1
2026-04-02 06:00:36,Jakarta Barat,21,27,2,0.23,38,28.5,65.2,4.4,308,0
2026-04-02 05:30:36,Jakarta Timur,18,24,9,0.31,35,28.0,61.0,4.5,54,0
2026-04-02 05:00:36,Jakarta Utara,8,13,10,0.1,55,29.4,73.5,4.6,283,0
2026-04-02 04:30:36,Jakarta Utara,48,61,27,1.24,51,33.6,78.0,3.4,250,0
2026-04-02 04:00:36,Jakarta Utara,55,76,33,0.91,62,38.4,92.8,0.9,303,0
2026-04-02 03:30:36,Jakarta Selatan,45,61,28,0.46,52,30.2,75.0,4.8,60,0
2026-04-02 03:00:36,Jakarta Timur,63,105,9,0.77,44,32.1,67.1,0.6,345,0
2026-04-02 02:30:36,Jakarta Selatan,9,14,2,0.23,20,23.0,78.0,0.3,124,0
2026-04-02 02:00:36,Jakarta Timur,51,79,18,0.55,48,30.4,74.9,1.2,33,0
2026-04-02 01:30:36,Jakarta Barat,42,52,23,0.74,40,31.4,57.0,5.7,106,0
2026-04-02 01:00:36,Jakarta Utara,38,50,23,1.03,47,30.1,75.6,1.3,207,0
2026-04-02 00:30:36,Jakarta Selatan,20,28,15,0.51,42,33.4,66.0,0.7,214,0
2026-04-02 00:00:36,Jakarta Pusat,22,37,16,1.0,54,33.0,59.8,0.3,30,0
2026-04-01 23:30:36,Jakarta Utara,37,45,21,1.38,53,28.2,64.0,0.5,333,0
2026-04-01 23:00:36,Jakarta Timur,20,31,7,0.69,32,32.1,76.6,0.2,137,0
2026-04-01 22:30:36,Jakarta Utara,44,62,13,1.01,39,33.6,73.0,0.9,279,0
2026-04-01 22:00:36,Jakarta Utara,178,251,33,4.37,30,28.2,72.3,4.1,289,1
2026-04-01 21:30:36,Jakarta Utara,47,60,17,0.7,28,33.8,73.0,3.3,350,0
2026-04-01 21:00:36,Jakarta Utara,71,117,14,0.96,41,30.5,77.7,4.6,289,0
2026-04-01 20:30:36,Jakarta Pusat,22,37,7,0.6,34,29.5,71.0,2.2,308,0
2026-04-01 20:00:36,Jakarta Pusat,57,100,8,0.73,68,30.0,90.8,3.9,251,0
2026-04-01 19:30:36,Jakarta Timur,14,21,13,1.13,47,34.4,72.0,1.3,114,0
2026-04-01 19:00:36,Jakarta Barat,0,0,0,0.0,0,32.1,71.0,6.0,111,1
2026-04-01 18:30:36,Jakarta Timur,21,27,16,0.83,37,31.6,70.0,1.5,132,0
2026-04-01 18:00:36,Jakarta Pusat,23,28,16,0.95,65,30.3,73.8,1.9,32,0
2026-04-01 17:30:36,Jakarta Timur,26,46,20,0.1,35,26.8,80.0,4.2,270,0
2026-04-01 17:00:36,Jakarta Utara,33,44,16,1.05,57,25.6,90.9,0.7,151,0
2026-04-01 16:30:36,Jakarta Timur,21,33,24,1.26,35,28.5,79.0,2.8,117,0
2026-04-01 16:00:36,Jakarta Selatan,5,10,16,0.46,50,36.2,70.5,1.8,311,0
2026-04-01 15:30:36,Jakarta Pusat,45,79,19,1.02,54,33.6,87.0,2.0,268,0
2026-04-01 15:00:36,Jakarta Timur,28,43,22,0.89,60,32.3,55.0,5.2,281,0
2026-04-01 14:30:36,Jakarta Barat,69,106,23,0.92,61,28.5,77.0,4.2,224,0
2026-04-01 14:00:36,Jakarta Timur,27,38,2,0.79,45,26.1,74.0,1.4,70,0
2026-04-01 13:30:36,Jakarta Timur,49,64,27,0.94,6,30.7,92.0,1.4,292,0
2026-04-01 13:00:36,Jakarta Selatan,79,103,27,0.92,68,32.5,75.7,10.0,293,0
2026-04-01 12:30:36,Jakarta Selatan,31,46,11,0.53,46,27.1,78.0,2.4,324,0
2026-04-01 12:00:36,Jakarta Utara,39,67,32,1.19,33,29.6,69.2,4.7,36,0
2026-04-01 11:30:36,Jakarta Barat,60,106,19,0.69,42,34.2,89.0,0.6,359,0
2026-04-01 11:00:36,Jakarta Timur,16,26,8,0.45,28,31.4,59.8,0.0,354,0
2026-04-01 10:30:36,Jakarta Utara,153,198,24,4.59,60,31.9,75.0,0.3,146,1
2026-04-01 10:00:36,Jakarta Barat,19,25,24,0.33,38,33.4,60.2,2.0,234,0
2026-04-01 09:30:36,Jakarta Selatan,40,56,6,0.72,59,31.0,72.0,1.5,45,0
2026-04-01 09:00:36,Jakarta Selatan,32,51,20,0.92,43,29.4,78.4,1.2,320,0
2026-04-01 08:30:36,Jakarta Selatan,60,79,15,0.69,30,29.3,70.0,4.3,236,0
2026-04-01 08:00:36,Jakarta Timur,28,39,22,0.38,38,31.5,67.2,0.8,34,0
2026-04-01 07:30:36,Jakarta Utara,37,52,12,0.52,42,30.7,55.0,4.0,247,0
2026-04-01 07:00:36,Jakarta Barat,65,108,20,0.97,48,30.3,77.8,4.1,220,0
2026-04-01 06:30:36,Jakarta Timur,0,0,0,0.0,0,29.8,76.0,2.7,248,1
2026-04-01 06:00:36,Jakarta Barat,29,41,16,0.82,32,23.8,74.1,1.3,359,0
2026-04-01 05:30:36,Jakarta Pusat,20,24,5,0.5,46,30.1,69.0,0.6,108,0
2026-04-01 05:00:36,Jakarta Timur,39,51,28,0.81,35,32.5,70.6,3.1,297,0
2026-04-01 04:30:36,Jakarta Timur,41,61,22,0.44,68,27.8,79.0,2.5,188,0
2026-04-01 04:00:36,Jakarta Pusat,169,220,20,4.42,43,32.2,78.6,0.3,171,1
2026-04-01 03:30:36,Jakarta Barat,7,11,7,0.88,57,26.5,74.0,1.3,260,0
2026-04-01 03:00:36,Jakarta Barat,130,163,18,4.07,47,28.3,81.2,2.2,189,1
2026-04-01 02:30:36,Jakarta Barat,163,205,16,4.52,47,31.8,79.0,1.9,302,1
2026-04-01 02:00:36,Jakarta Selatan,32,52,31,0.5,42,32.0,83.0,0.0,62,0
2026-04-01 01:30:36,Jakarta Timur,10,16,18,0.49,55,27.6,75.0,0.5,321,0
2026-04-01 01:00:36,Jakarta Barat,12,17,8,1.02,25,29.5,67.6,3.5,165,0
2026-04-01 00:30:36,Jakarta Pusat,17,20,14,0.39,46,27.6,68.0,0.7,39,0
2026-04-01 00:00:36,Jakarta Barat,24,36,17,0.1,32,28.6,69.1,0.3,169,0
2026-03-31 23:30:36,Jakarta Pusat,51,83,28,0.53,46,34.7,66.0,0.5,178,0
2026-03-31 23:00:36,Jakarta Pusat,5,10,17,0.93,34,30.4,79.2,0.4,171,0
2026-03-31 22:30:36,Jakarta Timur,80,114,22,1.46,46,31.6,80.0,10.0,291,0
2026-03-31 22:00:36,Jakarta Barat,44,57,20,0.85,45,26.0,67.4,2.4,132,0
2026-03-31 21:30:36,Jakarta Utara,37,66,32,0.31,42,34.6,92.0,1.2,284,0
2026-03-31 21:00:36,Jakarta Utara,49,87,28,0.39,49,33.1,69.0,5.0,17,0
2026-03-31 20:30:36,Jakarta Pusat,57,93,13,0.98,31,32.1,84.0,0.6,195,0
2026-03-31 20:00:36,Jakarta Timur,21,31,7,0.51,24,27.4,51.9,0.7,294,0
2026-03-31 19:30:36,Jakarta Barat,81,119,8,0.86,54,28.0,86.0,6.7,222,0
2026-03-31 19:00:36,Jakarta Timur,21,34,23,1.1,37,30.3,71.0,1.9,20,0
2026-03-31 18:30:36,Jakarta Selatan,20,28,5,0.33,33,24.9,75.0,1.1,11,0
2026-03-31 18:00:36,Jakarta Timur,53,92,13,0.85,42,27.3,89.3,4.0,60,0
2026-03-31 17:30:36,Jakarta Timur,55,92,44,0.49,44,31.4,85.0,5.7,98,0
2026-03-31 17:00:36,Jakarta Selatan,21,32,12,1.07,66,30.5,85.1,1.0,190,0
2026-03-31 16:30:36,Jakarta Timur,26,44,12,0.65,55,34.4,64.0,2.3,0,0
2026-03-31 16:00:36,Jakarta Selatan,37,52,2,0.46,42,28.4,68.4,0.7,172,0
2026-03-31 15:30:36,Jakarta Barat,55,76,25,0.35,52,33.1,81.0,2.2,248,0
2026-03-31 15:00:36,Jakarta Timur,28,39,9,0.95,39,29.0,78.2,1.8,152,0
2026-03-31 14:30:36,Jakarta Selatan,47,78,10,0.71,41,33.9,66.0,1.9,283,0
2026-03-31 14:00:36,Jakarta Selatan,36,47,18,0.62,33,24.9,69.1,0.0,55,0
2026-03-31 13:30:36,Jakarta Pusat,41,63,25,0.67,58,26.2,75.0,2.3,83,0
2026-03-31 13:00:36,Jakarta Selatan,30,50,27,0.98,63,28.1,75.5,6.1,343,0
2026-03-31 12:30:36,Jakarta Timur,29,45,15,0.38,41,27.0,77.0,3.2,76,0
2026-03-31 12:00:36,Jakarta Selatan,10,12,4,0.38,54,26.8,72.4,0.3,218,0
2026-03-31 11:30:36,Jakarta Timur,51,71,22,0.59,41,35.2,79.0,0.4,313,0
2026-03-31 11:00:36,Jakarta Pusat,61,100,20,1.38,55,34.3,72.2,6.0,264,0
2026-03-31 10:30:36,Jakarta Timur,50,84,29,0.78,63,30.4,78.0,1.6,151,0
2026-03-31 10:00:36,Jakarta Timur,20,24,29,0.89,32,27.2,70.4,0.7,302,0
2026-03-31 09:30:36,Jakarta Utara,55,76,19,1.65,49,32.7,59.0,8.5,324,0
2026-03-31 09:00:36,Jakarta Barat,55,94,25,1.09,43,32.7,70.6,2.5,282,0
2026-03-31 08:30:36,Jakarta Pusat,37,65,19,0.68,40,32.4,90.0,0.9,107,0
2026-03-31 08:00:36,Jakarta Barat,70,94,19,0.89,57,27.8,89.0,5.2,195,0
2026-03-31 07:30:36,Jakarta Barat,77,135,30,1.11,20,28.7,84.0,1.5,9,0
2026-03-31 07:00:36,Jakarta Barat,21,35,21,0.77,61,28.7,78.3,4.3,225,0
2026-03-31 06:30:36,Jakarta Selatan,47,84,19,0.1,53,26.5,77.0,0.8,106,0
2026-03-31 06:00:36,Jakarta Barat,30,51,14,0.47,35,31.9,75.8,0.5,157,0
2026-03-31 05:30:36,Jakarta Pusat,46,59,15,0.59,50,30.2,81.0,2.3,281,0
2026-03-31 05:00:36,Jakarta Pusat,16,21,3,0.66,31,25.3,62.3,0.4,325,0
2026-03-31 04:30:36,Jakarta Pusat,45,65,16,0.7,48,29.5,83.0,1.4,242,0
2026-03-31 04:00:36,Jakarta Pusat,22,33,19,0.99,45,37.5,64.4,0.0,24,0
2026-03-31 03:30:36,Jakarta Pusat,66,91,3,1.13,44,25.1,93.0,0.3,306,0
2026-03-31 03:00:36,Jakarta Pusat,50,89,10,0.56,34,28.0,75.4,1.2,331,0
2026-03-31 02:30:36,Jakarta Selatan,34,51,23,0.48,53,29.7,84.0,0.9,108,0
2026-03-31 02:00:36,Jakarta Selatan,31,38,19,0.98,47,33.2,80.2,2.0,47,0
2026-03-31 01:30:36,Jakarta Barat,74,91,26,0.91,50,31.8,71.0,3.1,198,0
2026-03-31 01:00:36,Jakarta Selatan,70,110,22,0.68,43,33.0,86.6,10.3,203,0
2026-03-31 00:30:36,Jakarta Utara,22,34,24,0.93,61,26.9,95.0,0.7,187,0
2026-03-31 00:00:36,Jakarta Utara,178,229,6,4.34,33,31.9,83.1,3.8,114,1
2026-03-30 23:30:36,Jakarta Selatan,132,165,25,3.98,55,26.4,73.0,2.4,282,1
2026-03-30 23:00:36,Jakarta Barat,0,0,0,0.0,0,31.9,70.2,0.4,156,1
2026-03-30 22:30:36,Jakarta Timur,23,30,10,0.6,59,32.4,77.0,0.1,237,0
2026-03-30 22:00:36,Jakarta Utara,28,48,10,1.39,33,33.4,53.6,0.3,187,0
2026-03-30 21:30:36,Jakarta Timur,63,84,10,0.46,45,27.5,66.0,1.7,157,0
2026-03-30 21:00:36,Jakarta Utara,36,61,12,1.47,30,27.8,89.9,2.0,145,0
2026-03-30 20:30:36,Jakarta Barat,58,80,8,0.72,42,33.1,73.0,1.4,190,0
2026-03-30 20:00:36,Jakarta Utara,35,57,15,0.51,59,30.1,63.8,0.7,331,0
2026-03-30 19:30:36,Jakarta Pusat,46,76,23,1.07,40,35.4,78.0,5.3,222,0
2026-03-30 19:00:36,Jakarta Timur,17,30,14,0.95,52,29.3,69.5,0.6,80,0
2026-03-30 18:30:36,Jakarta Barat,31,41,25,1.14,53,32.0,84.0,0.8,55,0
2026-03-30 18:00:36,Jakarta Selatan,28,44,16,0.49,53,28.0,67.1,2.5,298,0
2026-03-30 17:30:36,Jakarta Pusat,46,58,20,0.83,30,29.1,74.0,0.6,139,0
2026-03-30 17:00:36,Jakarta Barat,176,219,22,4.68,27,32.0,87.7,0.4,170,1
2026-03-30 16:30:36,Jakarta Selatan,48,60,28,1.06,75,33.2,54.0,9.2,294,0
2026-03-30 16:00:36,Jakarta Pusat,52,69,14,0.87,45,28.4,60.6,5.6,260,0
2026-03-30 15:30:36,Jakarta Utara,65,115,22,1.37,45,31.9,79.0,8.7,8,0
2026-03-30 15:00:36,Jakarta Selatan,38,62,14,1.24,68,33.5,83.4,3.0,165,0
2026-03-30 14:30:36,Jakarta Utara,24,39,17,0.6,37,28.7,78.0,1.1,95,0
2026-03-30 14:00:36,Jakarta Barat,46,66,28,0.64,38,29.0,90.4,0.6,197,0
2026-03-30 13:30:36,Jakarta Barat,55,74,24,0.84,23,31.0,78.0,1.4,134,0
2026-03-30 13:00:36,Jakarta Barat,41,63,23,0.78,43,27.0,75.1,0.5,324,0
2026-03-30 12:30:36,Jakarta Pusat,50,79,16,0.91,51,28.9,76.0,1.3,281,0
2026-03-30 12:00:36,Jakarta Pusat,45,58,31,0.28,64,32.4,76.9,2.7,172,0
2026-03-30 11:30:36,Jakarta Pusat,40,54,24,0.3,28,31.8,74.0,1.4,211,0
2026-03-30 11:00:36,Jakarta Utara,42,57,24,0.23,64,33.9,85.6,1.4,26,0
2026-03-30 10:30:36,Jakarta Utara,20,31,33,0.84,41,28.6,71.0,1.9,16,0
2026-03-30 10:00:36,Jakarta Selatan,67,93,32,1.13,61,32.0,75.7,0.1,311,0
2026-03-30 09:30:36,Jakarta Selatan,33,56,27,0.73,36,32.7,64.0,2.4,257,0
2026-03-30 09:00:36,Jakarta Selatan,47,61,20,1.46,43,31.1,60.6,5.6,173,0
2026-03-30 08:30:36,Jakarta Utara,27,45,16,1.1,29,28.0,92.0,0.2,4,0
2026-03-30 08:00:36,Jakarta Utara,30,47,13,0.1,43,28.3,83.3,0.1,170,0
2026-03-30 07:30:36,Jakarta Selatan,23,35,23,0.48,20,25.6,81.0,0.2,259,0
2026-03-30 07:00:36,Jakarta Barat,46,57,12,1.26,52,30.2,83.2,1.4,216,0
2026-03-30 06:30:36,Jakarta Selatan,64,108,21,1.35,34,35.8,63.0,2.4,218,0
2026-03-30 06:00:36,Jakarta Selatan,69,107,31,1.01,41,33.1,93.5,3.8,98,0
2026-03-30 05:30:36,Jakarta Selatan,144,187,24,4.6899999999999995,59,36.9,78.0,0.2,347,1
2026-03-30 05:00:36,Jakarta Barat,32,55,16,0.97,32,25.5,89.4,2.1,64,0
2026-03-30 04:30:36,Jakarta Barat,45,72,19,1.06,27,27.3,68.0,1.0,22,0
2026-03-30 04:00:36,Jakarta Utara,43,58,5,0.78,47,28.4,74.9,5.6,64,0
2026-03-30 03:30:36,Jakarta Barat,55,69,13,0.72,39,31.5,84.0,2.7,288,0
2026-03-30 03:00:36,Jakarta Barat,82,119,22,0.79,40,30.9,70.3,1.1,9,0
2026-03-30 02:30:36,Jakarta Timur,54,72,14,0.8,46,28.6,83.0,0.6,120,0
2026-03-30 02:00:36,Jakarta Utara,53,78,22,0.55,28,32.7,79.2,2.9,138,0
2026-03-30 01:30:36,Jakarta Pusat,60,76,17,1.13,17,34.3,86.0,4.2,143,0
2026-03-30 01:00:36,Jakarta Utara,20,25,14,0.69,63,29.0,91.6,0.2,41,0
2026-03-30 00:30:36,Jakarta Pusat,38,57,31,0.2,44,31.2,72.0,6.0,299,0
2026-03-30 00:00:36,Jakarta Barat,19,32,26,1.22,30,34.3,87.4,0.7,131,0
2026-03-29 23:30:36,Jakarta Selatan,17,23,12,0.71,35,27.8,57.0,3.4,314,0
2026-03-29 23:00:36,Jakarta Utara,31,39,27,0.94,55,30.5,80.8,3.1,31,0
2026-03-29 22:30:36,Jakarta Selatan,49,83,15,0.64,42,31.4,80.0,6.1,348,0
2026-03-29 22:00:36,Jakarta Pusat,41,63,16,0.8,33,26.9,89.6,3.2,145,0
2026-03-29 21:30:36,Jakarta Timur,20,25,10,0.72,47,29.5,57.0,1.6,325,0
2026-03-29 21:00:36,Jakarta Selatan,39,64,5,0.1,62,31.0,66.5,1.0,113,0
2026-03-29 20:30:36,Jakarta Pusat,41,63,18,0.93,47,31.3,68.0,0.6,202,0
2026-03-29 20:00:36,Jakarta Utara,48,57,12,0.77,43,29.1,90.0,1.6,231,0
2026-03-29 19:30:36,Jakarta Barat,55,85,18,0.82,49,38.0,78.0,2.5,315,0
2026-03-29 19:00:36,Jakarta Barat,63,99,33,0.73,35,22.2,79.6,5.8,26,0
2026-03-29 18:30:36,Jakarta Selatan,153,195,25,3.66,48,28.4,83.0,0.1,281,1
2026-03-29 18:00:36,Jakarta Barat,31,39,10,0.61,51,27.8,86.9,0.0,230,0
2026-03-29 17:30:36,Jakarta Utara,69,86,15,0.85,43,35.2,70.0,0.6,101,0
2026-03-29 17:00:36,Jakarta Selatan,43,72,8,0.87,47,30.2,76.3,3.2,234,0
2026-03-29 16:30:36,Jakarta Barat,38,47,11,0.5,53,27.9,66.0,2.2,154,0
2026-03-29 16:00:36,Jakarta Utara,39,61,16,0.37,24,25.5,80.5,2.7,340,0
2026-03-29 15:30:36,Jakarta Timur,53,73,22,1.48,47,29.5,93.0,0.5,185,0
2026-03-29 15:00:36,Jakarta Utara,54,83,36,0.93,28,34.1,74.3,4.1,182,0
2026-03-29 14:30:36,Jakarta Utara,0,0,0,0.0,0,29.8,65.0,2.9,70,1
2026-03-29 14:00:36,Jakarta Barat,53,74,14,0.72,49,28.2,90.8,1.1,3,0
2026-03-29 13:30:36,Jakarta Pusat,160,207,17,4.26,36,30.0,75.0,0.3,188,1
2026-03-29 13:00:36,Jakarta Selatan,36,45,10,0.62,30,32.5,69.1,2.4,310,0
2026-03-29 12:30:36,Jakarta Selatan,46,72,12,0.94,44,30.6,80.0,0.3,267,0
2026-03-29 12:00:36,Jakarta Barat,22,33,9,0.13,26,23.1,68.9,4.3,166,0
2026-03-29 11:30:36,Jakarta Selatan,24,36,2,0.98,65,27.9,59.0,0.2,39,0
2026-03-29 11:00:36,Jakarta Utara,20,31,7,0.49,44,25.2,79.0,0.7,284,0
2026-03-29 10:30:36,Jakarta Utara,5,10,25,0.2,56,28.9,73.0,1.0,99,0
2026-03-29 10:00:36,Jakarta Utara,23,32,25,0.32,47,37.6,63.7,0.5,52,0
2026-03-29 09:30:36,Jakarta Selatan,45,76,24,0.15,58,30.0,81.0,0.9,280,0
2026-03-29 09:00:36,Jakarta Utara,23,36,9,1.22,47,34.7,74.9,0.5,144,0
2026-03-29 08:30:36,Jakarta Selatan,44,59,23,1.03,49,30.5,81.0,1.8,222,0
2026-03-29 08:00:36,Jakarta Selatan,15,21,32,0.45,53,32.8,73.9,3.3,152,0
2026-03-29 07:30:36,Jakarta Utara,36,49,21,0.39,53,30.2,85.0,1.0,162,0
2026-03-29 07:00:36,Jakarta Pusat,33,48,21,0.51,24,35.5,62.0,4.2,109,0
2026-03-29 06:30:36,Jakarta Selatan,39,57,26,0.93,43,25.6,67.0,3.4,251,0
2026-03-29 06:00:36,Jakarta Selatan,66,106,22,1.62,45,36.4,88.2,1.2,29,0
2026-03-29 05:30:36,Jakarta Selatan,55,71,19,0.37,50,32.1,71.0,4.7,224,0
2026-03-29 05:00:36,Jakarta Barat,35,57,38,0.85,28,31.3,80.3,5.2,206,0
2026-03-29 04:30:36,Jakarta Pusat,38,61,21,0.48,59,31.1,70.0,1.1,99,0
2026-03-29 04:00:36,Jakarta Selatan,35,43,2,1.37,30,27.9,71.1,4.3,61,0
2026-03-29 03:30:36,Jakarta Timur,33,44,28,1.27,47,26.9,77.0,6.3,63,0
2026-03-29 03:00:36,Jakarta Timur,57,80,14,0.33,37,32.5,71.2,3.2,256,0
2026-03-29 02:30:36,Jakarta Barat,74,98,17,0.7,36,29.7,85.0,1.8,326,0
2026-03-29 02:00:36,Jakarta Pusat,98,149,26,1.44,45,33.7,78.1,15.3,278,0
2026-03-29 01:30:36,Jakarta Utara,48,69,34,0.96,71,33.2,76.0,0.3,251,0
2026-03-29 01:00:36,Jakarta Timur,10,13,4,0.96,48,30.8,50.8,1.8,153,0
2026-03-29 00:30:36,Jakarta Barat,141,187,32,4.2,36,32.1,66.0,2.6,48,1
2026-03-29 00:00:36,Jakarta Timur,66,112,34,1.18,36,31.9,85.7,4.4,90,0
2026-03-28 23:30:36,Jakarta Utara,50,89,25,0.82,55,33.1,82.0,3.2,151,0
2026-03-28 23:00:36,Jakarta Barat,37,51,6,0.84,31,30.1,76.9,1.6,251,0
2026-03-28 22:30:36,Jakarta Barat,0,0,0,0.0,0,33.1,86.0,0.4,170,1
2026-03-28 22:00:36,Jakarta Selatan,54,71,24,1.12,45,32.4,90.6,1.5,136,0
2026-03-28 21:30:36,Jakarta Barat,39,66,30,0.64,51,26.1,83.0,5.8,22,0
2026-03-28 21:00:36,Jakarta Utara,141,183,7,4.05,45,25.7,82.0,1.6,8,1
2026-03-28 20:30:36,Jakarta Timur,68,114,6,0.75,31,32.5,80.0,2.8,270,0
2026-03-28 20:00:36,Jakarta Selatan,23,27,12,0.45,29,26.5,85.2,0.1,10,0
2026-03-28 19:30:36,Jakarta Timur,42,56,15,0.95,41,32.1,78.0,1.4,332,0
2026-03-28 19:00:36,Jakarta Pusat,52,79,24,1.02,57,27.8,91.7,4.3,77,0
2026-03-28 18:30:36,Jakarta Timur,21,33,20,1.01,48,28.6,74.0,0.3,128,0
2026-03-28 18:00:36,Jakarta Pusat,17,29,4,1.14,51,30.6,74.9,0.4,206,0
2026-03-28 17:30:36,Jakarta Selatan,31,52,20,0.95,51,29.4,70.0,0.3,330,0
2026-03-28 17:00:36,Jakarta Pusat,47,81,5,0.5,46,30.1,66.5,0.3,267,0
2026-03-28 16:30:36,Jakarta Pusat,59,89,15,0.54,34,33.7,67.0,2.1,113,0
2026-03-28 16:00:36,Jakarta Timur,36,46,18,0.93,61,29.1,72.1,0.5,37,0
2026-03-28 15:30:36,Jakarta Utara,17,27,18,0.72,39,26.5,78.0,0.6,56,0
2026-03-28 15:00:36,Jakarta Utara,19,32,16,0.8,62,29.7,79.0,0.7,63,0
2026-03-28 14:30:36,Jakarta Utara,15,22,27,1.44,72,33.3,81.0,1.5,73,0
2026-03-28 14:00:36,Jakarta Utara,0,0,0,0.0,0,28.8,86.6,2.9,257,1
2026-03-28 13:30:36,Jakarta Pusat,47,66,15,1.27,49,32.8,75.0,2.5,150,0
2026-03-28 13:00:36,Jakarta Selatan,125,160,32,4.41,45,28.2,77.2,0.9,131,1
2026-03-28 12:30:36,Jakarta Selatan,25,39,21,0.7,42,31.7,57.0,2.8,81,0
2026-03-28 12:00:36,Jakarta Timur,37,51,17,0.22,40,32.7,85.3,1.9,184,0
2026-03-28 11:30:36,Jakarta Timur,38,54,23,1.22,40,33.9,68.0,4.1,138,0
2026-03-28 11:00:36,Jakarta Timur,29,42,16,0.91,48,31.2,77.9,0.0,201,0
2026-03-28 10:30:36,Jakarta Timur,26,39,19,0.86,56,29.4,84.0,4.0,262,0
2026-03-28 10:00:36,Jakarta Pusat,49,66,33,0.91,45,31.9,74.9,4.2,76,0
2026-03-28 09:30:36,Jakarta Selatan,24,31,6,0.66,31,28.6,63.0,0.3,138,0
2026-03-28 09:00:36,Jakarta Barat,36,46,20,0.65,43,27.9,73.1,3.4,245,0
2026-03-28 08:30:36,Jakarta Timur,79,98,27,0.73,30,32.8,80.0,4.3,27,0
2026-03-28 08:00:36,Jakarta Selatan,41,56,12,1.25,45,28.6,54.8,6.6,274,0
2026-03-28 07:30:36,Jakarta Pusat,43,62,22,0.88,45,29.9,74.0,3.0,352,0
2026-03-28 07:00:36,Jakarta Barat,56,70,21,0.58,65,33.4,55.2,5.8,357,0
2026-03-28 06:30:36,Jakarta Timur,54,83,25,1.27,39,29.1,61.0,6.7,285,0
2026-03-28 06:00:36,Jakarta Utara,50,83,14,1.15,33,28.5,78.5,6.5,12,0
2026-03-28 05:30:36,Jakarta Pusat,5,10,23,0.66,34,29.5,53.0,1.5,92,0
2026-03-28 05:00:36,Jakarta Selatan,50,75,18,0.45,56,36.0,78.1,2.8,93,0
2026-03-28 04:30:36,Jakarta Pusat,23,39,7,0.77,62,31.4,58.0,1.4,51,0
2026-03-28 04:00:36,Jakarta Barat,12,18,15,0.55,53,29.7,68.4,0.0,238,0
2026-03-28 03:30:36,Jakarta Pusat,27,34,19,1.04,52,33.3,71.0,0.2,175,0
2026-03-28 03:00:36,Jakarta Utara,168,210,14,4.48,33,30.1,64.3,3.7,263,1
2026-03-28 02:30:36,Jakarta Pusat,43,72,10,0.17,53,26.4,79.0,0.1,168,0
2026-03-28 02:00:36,Jakarta Utara,0,0,0,0.0,0,34.7,77.1,4.5,159,1
2026-03-28 01:30:36,Jakarta Pusat,37,60,25,0.88,36,33.1,79.0,0.0,95,0
2026-03-28 01:00:36,Jakarta Selatan,34,46,25,1.23,47,24.4,74.7,9.3,268,0
2026-03-28 00:30:36,Jakarta Selatan,26,33,24,0.49,52,26.9,77.0,2.9,6,0
2026-03-28 00:00:36,Jakarta Timur,38,60,18,0.44,36,33.8,71.2,2.3,357,0
2026-03-27 23:30:36,Jakarta Timur,38,67,21,0.81,58,32.3,83.0,0.7,36,0
2026-03-27 23:00:36,Jakarta Barat,54,75,36,0.84,46,33.2,64.6,1.0,349,0
2026-03-27 22:30:36,Jakarta Pusat,52,85,30,0.51,51,33.8,71.0,7.2,99,0
2026-03-27 22:00:36,Jakarta Utara,33,43,18,0.63,42,27.9,71.1,0.5,0,0
2026-03-27 21:30:36,Jakarta Barat,20,31,20,1.27,48,34.8,77.0,1.1,38,0
2026-03-27 21:00:36,Jakarta Selatan,25,38,19,0.87,40,27.6,88.1,0.2,240,0
2026-03-27 20:30:36,Jakarta Selatan,12,18,8,1.0,37,25.3,77.0,3.0,282,0
2026-03-27 20:00:36,Jakarta Utara,27,34,15,0.85,25,32.9,73.9,0.4,271,0
2026-03-27 19:30:36,Jakarta Barat,52,72,15,0.49,43,29.5,60.0,5.6,69,0
2026-03-27 19:00:36,Jakarta Utara,85,152,18,0.65,41,28.9,78.5,8.7,334,0
2026-03-27 18:30:36,Jakarta Pusat,35,59,7,0.61,46,25.3,79.0,0.2,241,0
2026-03-27 18:00:36,Jakarta Barat,44,66,20,1.25,36,31.7,79.2,2.7,352,0
2026-03-27 17:30:36,Jakarta Selatan,49,67,12,0.92,27,28.8,75.0,4.2,171,0
2026-03-27 17:00:36,Jakarta Utara,75,111,31,1.6,51,31.2,73.5,8.2,303,0
2026-03-27 16:30:36,Jakarta Selatan,6,10,18,0.72,49,26.3,66.0,1.4,104,0
2026-03-27 16:00:36,Jakarta Timur,43,56,23,0.98,41,28.8,85.3,1.3,114,0
2026-03-27 15:30:36,Jakarta Barat,24,42,19,0.44,48,25.4,63.0,2.0,41,0
2026-03-27 15:00:36,Jakarta Selatan,53,89,6,0.77,34,28.8,75.3,6.8,170,0
2026-03-27 14:30:36,Jakarta Selatan,47,71,20,0.87,40,28.5,89.0,2.7,142,0
2026-03-27 14:00:36,Jakarta Utara,29,51,27,0.52,34,28.0,72.9,2.0,150,0
2026-03-27 13:30:36,Jakarta Selatan,36,47,19,0.38,46,34.8,61.0,2.0,76,0
2026-03-27 13:00:36,Jakarta Timur,35,45,25,0.73,40,29.4,84.0,0.2,50,0
2026-03-27 12:30:36,Jakarta Pusat,62,103,20,0.62,35,28.3,74.0,3.5,177,0
2026-03-27 12:00:36,Jakarta Timur,44,53,19,0.1,44,25.1,77.4,0.4,183,0
2026-03-27 11:30:36,Jakarta Pusat,54,84,22,0.25,46,29.2,70.0,0.2,311,0
2026-03-27 11:00:36,Jakarta Barat,60,86,21,0.24,40,30.0,75.5,0.8,321,0
2026-03-27 10:30:36,Jakarta Utara,51,74,32,1.25,58,37.1,68.0,2.9,333,0
2026-03-27 10:00:36,Jakarta Barat,69,100,21,0.52,53,34.8,74.9,0.3,230,0
2026-03-27 09:30:36,Jakarta Utara,43,62,12,0.38,48,26.4,84.0,1.3,43,0
2026-03-27 09:00:36,Jakarta Pusat,74,97,30,0.81,50,31.0,82.6,5.0,22,0
2026-03-27 08:30:36,Jakarta Barat,63,104,12,0.95,52,31.5,69.0,1.0,206,0
2026-03-27 08:00:36,Jakarta Utara,46,61,26,0.84,25,28.4,63.3,6.9,286,0
2026-03-27 07:30:36,Jakarta Barat,46,79,24,0.48,33,31.2,85.0,4.2,126,0
2026-03-27 07:00:36,Jakarta Selatan,23,36,19,0.67,36,24.5,72.9,3.2,242,0
2026-03-27 06:30:36,Jakarta Utara,33,55,20,0.13,35,27.3,66.0,2.1,60,0
2026-03-27 06:00:36,Jakarta Timur,38,47,10,0.81,34,26.7,79.5,3.6,68,0
2026-03-27 05:30:36,Jakarta Utara,50,69,18,0.99,59,33.9,70.0,0.5,160,0
2026-03-27 05:00:36,Jakarta Barat,44,60,14,0.86,57,32.4,82.1,0.8,0,0
2026-03-27 04:30:36,Jakarta Timur,8,11,23,0.76,46,28.4,67.0,0.1,232,0
2026-03-27 04:00:36,Jakarta Barat,27,41,23,1.18,42,29.1,68.5,5.6,275,0
2026-03-27 03:30:36,Jakarta Selatan,38,52,9,0.65,53,29.7,64.0,1.8,297,0
2026-03-27 03:00:36,Jakarta Pusat,6,10,29,0.69,65,29.0,63.6,2.8,19,0
2026-03-27 02:30:36,Jakarta Timur,23,30,31,1.32,63,33.5,63.0,4.7,63,0
2026-03-27 02:00:36,Jakarta Barat,31,38,14,0.94,20,29.7,91.3,0.6,206,0
2026-03-27 01:30:36,Jakarta Selatan,11,16,22,1.46,51,26.2,58.0,6.8,80,0
2026-03-27 01:00:36,Jakarta Timur,38,52,31,1.44,58,33.5,72.4,2.5,73,0
2026-03-27 00:30:36,Jakarta Pusat,74,118,23,0.57,48,30.4,89.0,9.6,230,0
2026-03-27 00:00:36,Jakarta Selatan,75,116,17,0.82,54,26.3,88.0,1.1,65,0
2026-03-26 23:30:36,Jakarta Barat,39,62,11,0.64,46,29.1,74.0,0.2,138,0
2026-03-26 23:00:36,Jakarta Timur,70,120,32,0.64,52,30.4,77.8,7.8,314,0
2026-03-26 22:30:36,Jakarta Pusat,52,71,15,1.36,57,29.8,66.0,5.7,214,0
2026-03-26 22:00:36,Jakarta Pusat,62,98,14,0.74,39,30.5,81.2,4.9,115,0
2026-03-26 21:30:36,Jakarta Pusat,153,195,10,4.29,45,29.7,70.0,2.7,61,1
2026-03-26 21:00:36,Jakarta Pusat,44,67,28,0.37,40,35.7,67.3,4.8,206,0
2026-03-26 20:30:36,Jakarta Barat,20,33,21,1.04,46,23.3,77.0,1.1,75,0
2026-03-26 20:00:36,Jakarta Selatan,16,25,7,0.67,53,30.3,54.0,4.0,273,0
2026-03-26 19:30:36,Jakarta Barat,34,46,24,0.31,52,32.7,63.0,4.5,206,0
2026-03-26 19:00:36,Jakarta Barat,29,39,17,0.46,36,29.6,67.1,0.1,251,0
2026-03-26 18:30:36,Jakarta Barat,36,61,30,1.1,56,31.6,75.0,4.6,320,0
2026-03-26 18:00:36,Jakarta Selatan,5,10,19,0.99,48,26.3,69.0,1.7,13,0
2026-03-26 17:30:36,Jakarta Utara,46,56,31,0.1,39,29.1,77.0,2.0,335,0
2026-03-26 17:00:36,Jakarta Utara,54,71,23,1.19,45,29.5,96.3,2.4,289,0
2026-03-26 16:30:36,Jakarta Utara,35,49,8,0.47,54,29.4,81.0,1.0,87,0
2026-03-26 16:00:36,Jakarta Selatan,51,64,9,0.65,26,30.3,73.6,0.1,231,0
2026-03-26 15:30:36,Jakarta Barat,54,96,7,0.93,32,32.3,60.0,3.4,91,0
2026-03-26 15:00:36,Jakarta Utara,38,59,20,0.67,45,26.2,80.1,0.7,235,0
2026-03-26 14:30:36,Jakarta Timur,49,68,20,1.11,47,35.3,78.0,2.6,325,0
2026-03-26 14:00:36,Jakarta Selatan,29,49,14,0.96,52,32.2,66.2,1.2,335,0
2026-03-26 13:30:36,Jakarta Selatan,44,75,12,0.91,55,33.2,65.0,2.4,170,0
2026-03-26 13:00:36,Jakarta Pusat,39,62,13,0.23,28,28.6,65.2,1.4,171,0
2026-03-26 12:30:36,Jakarta Selatan,42,62,11,1.23,42,29.9,90.0,1.0,85,0
2026-03-26 12:00:36,Jakarta Utara,11,19,15,1.0,22,31.5,67.3,1.0,41,0
2026-03-26 11:30:36,Jakarta Utara,31,53,17,0.76,31,28.9,67.0,0.2,219,0
2026-03-26 11:00:36,Jakarta Pusat,0,0,0,0.0,0,29.2,86.1,1.1,69,1
2026-03-26 10:30:36,Jakarta Pusat,28,36,15,0.8,56,31.0,75.0,4.0,69,0
2026-03-26 10:00:36,Jakarta Utara,57,90,25,1.21,66,33.9,83.3,3.9,173,0
2026-03-26 09:30:36,Jakarta Timur,28,42,4,0.63,54,31.1,73.0,0.0,356,0
2026-03-26 09:00:36,Jakarta Utara,60,76,24,0.52,53,34.1,66.7,5.4,66,0
2026-03-26 08:30:36,Jakarta Pusat,46,55,5,1.03,74,33.1,78.0,2.1,277,0
2026-03-26 08:00:36,Jakarta Pusat,27,35,23,1.09,45,28.3,75.0,1.4,97,0
2026-03-26 07:30:36,Jakarta Barat,26,35,27,0.91,49,27.4,84.0,3.2,69,0
2026-03-26 07:00:36,Jakarta Utara,46,62,6,0.8,23,28.5,67.8,0.9,109,0
2026-03-26 06:30:36,Jakarta Pusat,39,52,24,0.24,45,29.1,68.0,2.7,178,0
2026-03-26 06:00:36,Jakarta Selatan,19,33,15,1.1,31,29.2,66.0,1.3,290,0
2026-03-26 05:30:36,Jakarta Utara,64,87,25,0.39,32,28.3,80.0,6.5,154,0
2026-03-26 05:00:36,Jakarta Selatan,36,58,24,0.55,56,31.1,71.7,2.7,2,0
2026-03-26 04:30:36,Jakarta Barat,35,55,17,0.28,43,30.2,65.0,0.3,246,0
2026-03-26 04:00:36,Jakarta Timur,35,43,3,0.1,45,26.3,68.8,1.7,104,0
2026-03-26 03:30:36,Jakarta Timur,27,36,13,0.54,23,25.8,69.0,0.4,164,0
2026-03-26 03:00:36,Jakarta Selatan,5,10,13,0.53,42,28.3,59.4,0.9,300,0
2026-03-26 02:30:36,Jakarta Timur,6,10,12,0.26,48,31.6,71.0,1.2,246,0
2026-03-26 02:00:36,Jakarta Selatan,58,95,14,0.58,33,34.0,73.6,1.8,185,0
2026-03-26 01:30:36,Jakarta Timur,136,173,23,3.93,38,24.9,63.0,0.4,122,1
2026-03-26 01:00:36,Jakarta Utara,157,199,8,4.15,22,22.2,71.6,0.8,356,1
2026-03-26 00:30:36,Jakarta Timur,17,28,10,0.83,33,28.8,70.0,1.9,247,0
2026-03-26 00:00:36,Jakarta Selatan,68,82,25,1.01,64,32.0,81.9,3.4,258,0
2026-03-25 23:30:36,Jakarta Utara,69,82,10,0.62,43,35.1,48.0,11.0,315,0
2026-03-25 23:00:36,Jakarta Pusat,43,55,22,0.1,59,27.9,73.6,0.9,342,0
2026-03-25 22:30:36,Jakarta Barat,57,86,5,0.37,27,25.7,85.0,0.2,80,0
2026-03-25 22:00:36,Jakarta Barat,51,88,22,0.88,44,30.5,83.5,2.4,322,0
2026-03-25 21:30:36,Jakarta Pusat,47,76,24,0.81,36,29.8,86.0,0.7,60,0
2026-03-25 21:00:36,Jakarta Utara,34,42,10,0.35,29,31.1,73.3,0.6,25,0
2026-03-25 20:30:36,Jakarta Pusat,31,54,22,0.88,34,29.1,79.0,2.7,315,0
2026-03-25 20:00:36,Jakarta Selatan,42,50,7,0.38,38,28.4,59.3,1.5,139,0
2026-03-25 19:30:36,Jakarta Selatan,34,42,2,0.64,64,27.8,88.0,0.6,40,0
2026-03-25 19:00:36,Jakarta Timur,43,67,2,1.21,41,32.4,74.1,1.2,75,0
2026-03-25 18:30:36,Jakarta Selatan,30,36,18,1.01,50,31.4,100.0,0.1,110,0
2026-03-25 18:00:36,Jakarta Timur,51,64,7,0.83,47,28.9,64.7,0.4,97,0
2026-03-25 17:30:36,Jakarta Timur,39,56,23,0.59,35,27.3,88.0,1.1,304,0
2026-03-25 17:00:36,Jakarta Barat,16,20,6,0.44,34,28.9,75.1,0.2,309,0
2026-03-25 16:30:36,Jakarta Selatan,31,54,11,0.5,42,31.2,63.0,3.3,128,0
2026-03-25 16:00:36,Jakarta Timur,29,50,23,1.27,36,30.0,64.2,1.1,302,0
2026-03-25 15:30:36,Jakarta Utara,6,10,9,0.21,49,27.8,54.0,1.4,139,0
2026-03-25 15:00:36,Jakarta Selatan,75,126,34,1.44,47,36.4,85.3,10.8,209,0
2026-03-25 14:30:36,Jakarta Selatan,11,19,20,0.94,55,27.9,73.0,1.6,198,0
2026-03-25 14:00:36,Jakarta Selatan,0,0,0,0.0,0,32.5,71.9,3.9,346,1
2026-03-25 13:30:36,Jakarta Selatan,30,44,19,1.08,25,31.6,88.0,1.9,1,0
2026-03-25 13:00:36,Jakarta Timur,44,70,20,1.23,37,35.1,80.8,1.8,35,0
2026-03-25 12:30:36,Jakarta Timur,60,78,10,0.97,34,31.7,78.0,4.7,253,0
2026-03-25 12:00:36,Jakarta Timur,50,66,9,0.37,67,24.0,85.1,3.4,41,0
2026-03-25 11:30:36,Jakarta Selatan,61,104,16,1.45,47,29.9,84.0,8.1,187,0
2026-03-25 11:00:36,Jakarta Selatan,44,77,16,0.84,21,25.9,73.1,9.1,26,0
2026-03-25 10:30:36,Jakarta Selatan,53,89,31,0.83,30,25.2,89.0,10.6,9,0
2026-03-25 10:00:36,Jakarta Barat,60,93,25,0.61,45,32.7,79.5,5.1,7,0
2026-03-25 09:30:36,Jakarta Pusat,18,29,10,1.03,39,25.5,61.0,2.6,215,0
2026-03-25 09:00:36,Jakarta Pusat,24,36,34,0.67,26,27.5,84.3,2.6,179,0
2026-03-25 08:30:36,Jakarta Barat,33,42,10,0.8,56,29.0,88.0,1.3,237,0
2026-03-25 08:00:36,Jakarta Pusat,17,20,17,0.76,23,27.0,76.3,1.1,13,0
2026-03-25 07:30:36,Jakarta Selatan,44,59,20,1.54,42,26.9,79.0,4.6,65,0
2026-03-25 07:00:36,Jakarta Utara,65,116,10,0.46,47,32.8,71.7,0.5,137,0
2026-03-25 06:30:36,Jakarta Utara,5,10,13,1.09,46,27.5,57.0,1.8,1,0
2026-03-25 06:00:36,Jakarta Selatan,20,32,27,0.58,27,26.9,86.4,1.6,66,0
2026-03-25 05:30:36,Jakarta Timur,60,93,47,0.97,55,33.4,93.0,7.8,183,0
2026-03-25 05:00:36,Jakarta Barat,33,54,11,0.65,49,33.6,71.2,0.7,179,0
2026-03-25 04:30:36,Jakarta Selatan,29,49,20,0.47,29,27.7,60.0,2.5,187,0
2026-03-25 04:00:36,Jakarta Selatan,41,60,29,0.77,64,29.7,83.1,0.8,105,0
2026-03-25 03:30:36,Jakarta Barat,52,62,7,0.8,46,26.8,71.0,3.5,77,0
2026-03-25 03:00:36,Jakarta Utara,52,71,21,1.05,53,27.7,73.4,2.9,220,0
2026-03-25 02:30:36,Jakarta Selatan,21,31,23,0.4,47,22.9,78.0,2.4,77,0
2026-03-25 02:00:36,Jakarta Pusat,80,99,38,0.87,60,29.1,77.0,1.7,269,0
2026-03-25 01:30:36,Jakarta Pusat,57,79,38,0.5,30,31.0,66.0,8.5,319,0
2026-03-25 01:00:36,Jakarta Barat,38,54,10,0.6,54,29.7,63.2,0.2,207,0
2026-03-25 00:30:36,Jakarta Timur,10,13,16,0.86,57,26.4,83.0,0.3,289,0
2026-03-25 00:00:36,Jakarta Barat,72,104,19,0.92,60,32.2,78.0,5.9,134,0
2026-03-24 23:30:36,Jakarta Pusat,24,36,6,0.77,49,30.2,64.0,1.0,89,0
2026-03-24 23:00:36,Jakarta Pusat,53,94,21,1.08,40,31.5,77.3,1.2,1,0
2026-03-24 22:30:36,Jakarta Pusat,37,62,27,0.56,38,26.7,79.0,1.5,316,0
2026-03-24 22:00:36,Jakarta Timur,35,62,4,0.79,54,33.2,66.5,0.5,345,0
2026-03-24 21:30:36,Jakarta Pusat,43,63,28,0.57,48,31.9,73.0,2.0,170,0
2026-03-24 21:00:36,Jakarta Barat,9,14,2,0.74,19,30.7,73.6,0.9,214,0
2026-03-24 20:30:36,Jakarta Utara,38,64,27,0.1,50,25.1,78.0,0.8,105,0
2026-03-24 20:00:36,Jakarta Timur,70,102,15,0.72,36,38.0,68.3,0.3,300,0
2026-03-24 19:30:36,Jakarta Selatan,42,72,21,1.0,51,30.8,76.0,3.3,27,0
2026-03-24 19:00:36,Jakarta Pusat,36,58,24,1.37,50,34.9,68.9,1.7,30,0
2026-03-24 18:30:36,Jakarta Selatan,10,13,17,0.1,39,28.8,68.0,2.8,232,0
2026-03-24 18:00:36,Jakarta Barat,38,65,23,0.76,33,22.2,80.2,4.4,270,0
2026-03-24 17:30:36,Jakarta Pusat,13,16,14,0.87,25,26.8,78.0,0.4,54,0
2026-03-24 17:00:36,Jakarta Selatan,9,15,4,0.1,43,22.6,69.1,1.9,284,0
2026-03-24 16:30:36,Jakarta Selatan,51,87,21,1.09,40,27.9,93.0,2.3,323,0
2026-03-24 16:00:36,Jakarta Barat,34,50,23,1.1,49,34.4,65.8,2.6,61,0
2026-03-24 15:30:36,Jakarta Barat,5,10,9,0.36,34,26.3,70.0,2.3,200,0
2026-03-24 15:00:36,Jakarta Utara,48,60,20,0.53,45,33.0,61.4,1.2,341,0
2026-03-24 14:30:36,Jakarta Timur,65,97,15,1.05,56,34.5,71.0,3.6,85,0
2026-03-24 14:00:36,Jakarta Pusat,48,60,19,0.51,54,27.6,75.4,5.7,86,0
2026-03-24 13:30:36,Jakarta Timur,50,82,10,1.02,40,33.0,71.0,6.0,112,0
2026-03-24 13:00:36,Jakarta Utara,28,47,21,0.3,50,24.5,74.1,1.7,135,0
2026-03-24 12:30:36,Jakarta Timur,32,45,23,0.64,48,28.8,66.0,4.8,179,0
2026-03-24 12:00:36,Jakarta Pusat,41,60,25,0.88,60,28.3,71.5,0.4,178,0
2026-03-24 11:30:36,Jakarta Selatan,27,47,10,0.1,40,27.8,69.0,1.3,132,0
2026-03-24 11:00:36,Jakarta Pusat,22,32,7,0.39,61,29.9,72.6,1.0,250,0
2026-03-24 10:30:36,Jakarta Pusat,25,41,6,0.88,37,28.0,83.0,0.4,190,0
2026-03-24 10:00:36,Jakarta Utara,5,10,19,0.31,41,30.9,60.7,2.1,276,0
2026-03-24 09:30:36,Jakarta Barat,49,79,15,0.91,46,30.6,75.0,0.4,266,0
2026-03-24 09:00:36,Jakarta Selatan,26,33,32,0.7,45,26.7,92.3,0.7,0,0
2026-03-24 08:30:36,Jakarta Utara,40,51,21,0.84,38,27.1,66.0,8.5,94,0
2026-03-24 08:00:36,Jakarta Selatan,27,40,16,0.27,64,28.6,76.3,0.3,104,0
2026-03-24 07:30:36,Jakarta Timur,34,60,28,0.7,62,26.2,76.0,6.0,179,0
2026-03-24 07:00:36,Jakarta Utara,29,47,15,0.7,51,30.7,66.5,1.3,191,0
2026-03-24 06:30:36,Jakarta Barat,27,47,21,0.11,56,23.8,62.0,8.1,167,0
2026-03-24 06:00:36,Jakarta Timur,10,13,5,0.51,37,28.9,49.6,0.1,144,0
2026-03-24 05:30:36,Jakarta Selatan,78,102,17,0.98,38,33.3,74.0,0.1,220,0
2026-03-24 05:00:36,Jakarta Selatan,30,38,29,1.08,47,27.8,58.6,4.5,313,0
2026-03-24 04:30:36,Jakarta Selatan,52,68,32,0.92,69,30.5,70.0,1.0,220,0
2026-03-24 04:00:36,Jakarta Timur,39,54,11,0.85,43,29.5,68.3,3.2,319,0
2026-03-24 03:30:36,Jakarta Barat,32,50,11,1.27,44,30.2,73.0,3.1,143,0
2026-03-24 03:00:36,Jakarta Pusat,20,33,15,0.71,40,31.4,93.4,0.9,307,0
2026-03-24 02:30:36,Jakarta Pusat,54,83,27,0.99,42,30.8,77.0,3.1,126,0
2026-03-24 02:00:36,Jakarta Utara,59,93,33,0.85,34,32.7,85.3,0.8,112,0
2026-03-24 01:30:36,Jakarta Pusat,61,89,23,0.62,32,30.4,84.0,2.1,131,0
2026-03-24 01:00:36,Jakarta Pusat,54,93,28,1.11,39,33.9,80.4,6.3,0,0
2026-03-24 00:30:36,Jakarta Barat,24,29,10,0.83,49,30.5,80.0,1.7,24,0
2026-03-24 00:00:36,Jakarta Timur,31,53,13,0.34,57,26.0,74.2,1.2,97,0
2026-03-23 23:30:36,Jakarta Utara,54,82,20,0.83,47,32.2,72.0,0.3,260,0
2026-03-23 23:00:36,Jakarta Timur,33,53,18,0.39,38,26.2,73.9,1.6,135,0
2026-03-23 22:30:36,Jakarta Pusat,23,40,22,0.5,21,25.3,89.0,0.2,341,0
2026-03-23 22:00:36,Jakarta Barat,12,19,11,0.32,36,27.4,57.8,1.6,44,0
2026-03-23 21:30:36,Jakarta Pusat,54,76,28,1.69,53,34.0,71.0,2.9,104,0
2026-03-23 21:00:36,Jakarta Utara,60,76,2,0.32,30,29.8,93.0,3.6,93,0
2026-03-23 20:30:36,Jakarta Utara,67,81,29,0.95,48,33.9,87.0,0.8,12,0
2026-03-23 20:00:36,Jakarta Utara,31,52,24,0.29,36,26.9,82.5,3.5,312,0
2026-03-23 19:30:36,Jakarta Selatan,54,91,17,1.45,39,33.2,73.0,0.4,276,0
2026-03-23 19:00:36,Jakarta Utara,27,39,14,0.78,41,26.9,82.9,0.2,92,0
2026-03-23 18:30:36,Jakarta Utara,40,64,29,0.91,31,28.8,81.0,0.3,260,0
2026-03-23 18:00:36,Jakarta Selatan,33,47,19,0.66,31,33.5,62.6,4.6,106,0
2026-03-23 17:30:36,Jakarta Utara,187,245,10,4.64,43,31.5,79.0,1.1,23,1
2026-03-23 17:00:36,Jakarta Barat,24,35,20,0.46,48,24.3,73.9,1.5,144,0
2026-03-23 16:30:36,Jakarta Pusat,12,17,16,0.34,24,24.0,75.0,0.6,141,0
2026-03-23 16:00:36,Jakarta Barat,26,43,31,0.42,45,23.1,80.6,1.9,33,0
2026-03-23 15:30:36,Jakarta Barat,50,82,11,0.64,42,32.3,56.0,8.1,28,0
2026-03-23 15:00:36,Jakarta Timur,43,69,36,1.2,46,39.1,75.0,1.7,307,0
2026-03-23 14:30:36,Jakarta Barat,10,15,28,0.98,63,31.7,80.0,2.3,18,0
2026-03-23 14:00:36,Jakarta Barat,36,51,12,0.63,42,32.1,75.1,0.4,198,0
2026-03-23 13:30:36,Jakarta Barat,42,58,20,0.1,51,28.8,73.0,0.9,192,0
2026-03-23 13:00:36,Jakarta Timur,37,61,2,0.28,44,29.4,70.7,2.1,330,0
2026-03-23 12:30:36,Jakarta Timur,52,78,22,0.75,28,33.0,87.0,0.7,160,0
2026-03-23 12:00:36,Jakarta Barat,38,56,2,0.24,33,28.2,75.5,2.9,128,0
2026-03-23 11:30:36,Jakarta Timur,31,40,21,0.44,33,26.2,82.0,2.3,212,0
2026-03-23 11:00:36,Jakarta Utara,35,47,30,0.58,53,26.7,70.5,1.1,196,0
2026-03-23 10:30:36,Jakarta Utara,0,0,0,0.0,0,27.8,72.0,1.4,131,1
2026-03-23 10:00:36,Jakarta Utara,61,73,31,0.6,52,32.0,73.0,5.4,229,0
2026-03-23 09:30:36,Jakarta Barat,66,99,14,0.17,56,28.5,93.0,5.5,6,0
2026-03-23 09:00:36,Jakarta Utara,29,43,15,0.68,37,29.1,56.5,4.3,160,0
2026-03-23 08:30:36,Jakarta Selatan,59,105,25,0.1,39,32.6,77.0,0.6,214,0
2026-03-23 08:00:36,Jakarta Barat,77,115,17,0.94,32,27.7,77.1,6.7,51,0
2026-03-23 07:30:36,Jakarta Barat,48,81,17,0.44,70,32.9,87.0,1.4,9,0
2026-03-23 07:00:36,Jakarta Utara,50,69,15,0.13,30,25.2,82.3,0.7,171,0
2026-03-23 06:30:36,Jakarta Utara,5,10,27,1.2,46,23.9,83.0,2.3,221,0
2026-03-23 06:00:36,Jakarta Selatan,15,24,21,1.23,66,25.6,79.8,0.4,88,0
2026-03-23 05:30:36,Jakarta Pusat,31,47,14,0.7,51,27.8,76.0,0.4,341,0
2026-03-23 05:00:36,Jakarta Utara,45,62,28,1.14,33,27.5,77.6,3.4,116,0
2026-03-23 04:30:36,Jakarta Pusat,46,69,24,0.79,49,28.5,64.0,6.9,322,0
2026-03-23 04:00:36,Jakarta Timur,51,62,24,0.67,63,30.2,70.3,1.0,161,0
2026-03-23 03:30:36,Jakarta Selatan,66,109,23,1.11,46,30.6,99.0,6.9,47,0
2026-03-23 03:00:36,Jakarta Timur,19,34,13,0.65,27,25.4,64.1,0.6,273,0
2026-03-23 02:30:36,Jakarta Selatan,51,67,34,1.25,24,29.1,68.0,9.6,97,0
2026-03-23 02:00:36,Jakarta Timur,26,45,2,0.56,27,26.7,72.6,0.6,99,0
2026-03-23 01:30:36,Jakarta Barat,39,56,8,0.25,35,27.8,86.0,1.9,252,0
2026-03-23 01:00:36,Jakarta Selatan,20,25,15,0.9,68,26.2,89.3,0.0,274,0
2026-03-23 00:30:36,Jakarta Pusat,52,63,32,0.61,38,30.2,82.0,2.2,25,0
2026-03-23 00:00:36,Jakarta Utara,58,91,19,0.57,55,34.4,79.9,2.9,213,0
2026-03-22 23:30:36,Jakarta Pusat,23,40,13,0.27,53,30.3,57.0,1.1,8,0
2026-03-22 23:00:36,Jakarta Selatan,52,65,11,1.16,47,31.8,90.2,0.2,49,0
2026-03-22 22:30:36,Jakarta Pusat,65,99,24,0.75,41,32.2,63.0,1.2,319,0
2026-03-22 22:00:36,Jakarta Utara,36,60,2,0.94,30,26.0,66.2,0.7,328,0
2026-03-22 21:30:36,Jakarta Selatan,36,61,22,0.79,44,29.6,86.0,1.4,142,0
2026-03-22 21:00:36,Jakarta Barat,32,55,19,0.64,59,30.6,77.4,0.5,38,0
2026-03-22 20:30:36,Jakarta Barat,20,26,15,0.55,55,30.5,71.0,0.4,333,0
2026-03-22 20:00:36,Jakarta Pusat,47,67,20,1.25,35,34.4,80.3,2.2,222,0
2026-03-22 19:30:36,Jakarta Barat,37,57,26,1.27,33,34.2,85.0,0.4,338,0
2026-03-22 19:00:36,Jakarta Barat,71,112,23,1.05,59,38.7,68.9,0.3,203,0
2026-03-22 18:30:36,Jakarta Selatan,59,86,26,1.02,63,25.2,74.0,8.2,85,0
2026-03-22 18:00:36,Jakarta Timur,45,60,8,0.57,43,30.0,67.1,1.8,82,0
2026-03-22 17:30:36,Jakarta Selatan,44,77,25,0.79,37,30.4,95.0,6.7,158,0
2026-03-22 17:00:36,Jakarta Pusat,27,45,11,0.46,43,32.8,66.2,0.9,259,0
2026-03-22 16:30:36,Jakarta Timur,21,26,16,0.56,56,28.8,65.0,0.3,56,0
2026-03-22 16:00:36,Jakarta Selatan,52,66,11,0.27,40,29.7,69.6,2.2,344,0
2026-03-22 15:30:36,Jakarta Pusat,30,40,17,0.66,42,30.5,83.0,0.5,200,0
2026-03-22 15:00:36,Jakarta Utara,36,64,35,0.37,28,34.4,71.1,4.3,104,0
2026-03-22 14:30:36,Jakarta Utara,10,17,17,0.72,46,26.6,80.0,4.9,130,0
2026-03-22 14:00:36,Jakarta Selatan,106,146,36,1.44,46,31.7,89.5,13.2,235,0
2026-03-22 13:30:36,Jakarta Pusat,49,85,17,0.48,31,30.6,67.0,6.3,226,0
2026-03-22 13:00:36,Jakarta Pusat,32,52,20,1.25,61,32.4,65.7,2.6,144,0
2026-03-22 12:30:36,Jakarta Utara,5,10,2,0.1,50,19.7,61.0,1.0,2,0
2026-03-22 12:00:36,Jakarta Utara,28,35,14,0.88,33,34.2,67.0,1.5,167,0
2026-03-22 11:30:36,Jakarta Timur,27,38,22,1.14,26,30.1,76.0,3.5,50,0
2026-03-22 11:00:36,Jakarta Pusat,27,46,15,1.04,44,32.1,77.7,0.2,44,0
2026-03-22 10:30:36,Jakarta Timur,111,167,44,1.7,49,30.0,90.0,18.5,166,0
2026-03-22 10:00:36,Jakarta Pusat,0,0,0,0.0,0,29.3,75.8,0.3,45,1
2026-03-22 09:30:36,Jakarta Pusat,9,11,21,0.65,44,28.6,70.0,1.0,283,0
2026-03-22 09:00:36,Jakarta Barat,36,57,15,0.88,60,26.3,91.2,1.6,74,0
2026-03-22 08:30:36,Jakarta Timur,42,61,22,0.9,48,28.7,81.0,1.3,99,0
2026-03-22 08:00:36,Jakarta Utara,41,72,24,0.94,47,35.9,83.5,0.4,280,0
2026-03-22 07:30:36,Jakarta Timur,44,57,15,1.11,50,30.6,76.0,1.3,188,0
2026-03-22 07:00:36,Jakarta Timur,39,56,19,1.03,50,34.1,80.7,0.5,265,0
2026-03-22 06:30:36,Jakarta Pusat,49,72,25,0.73,41,33.9,86.0,0.0,130,0
2026-03-22 06:00:36,Jakarta Barat,15,25,26,0.47,60,30.3,71.3,1.3,64,0
2026-03-22 05:30:36,Jakarta Utara,52,83,9,0.99,49,32.8,88.0,0.6,240,0
2026-03-22 05:00:36,Jakarta Selatan,47,58,23,0.59,51,32.2,67.8,2.1,136,0
2026-03-22 04:30:36,Jakarta Barat,89,122,29,0.83,55,30.1,70.0,10.5,219,0
2026-03-22 04:00:36,Jakarta Utara,52,65,14,0.51,54,28.6,74.3,4.8,30,0
2026-03-22 03:30:36,Jakarta Pusat,35,58,26,0.8,28,29.1,82.0,4.1,135,0
2026-03-22 03:00:36,Jakarta Selatan,45,65,15,0.1,50,29.8,71.8,1.1,352,0
2026-03-22 02:30:36,Jakarta Timur,39,68,19,0.66,41,32.0,85.0,1.0,119,0
2026-03-22 02:00:36,Jakarta Utara,55,82,16,1.34,48,29.8,80.0,2.4,308,0
2026-03-22 01:30:36,Jakarta Utara,44,76,13,0.78,49,32.9,85.0,4.1,213,0
2026-03-22 01:00:36,Jakarta Pusat,40,67,2,0.52,44,27.4,78.4,1.0,7,0
2026-03-22 00:30:36,Jakarta Utara,31,54,5,0.43,50,25.2,77.0,0.5,151,0
2026-03-22 00:00:36,Jakarta Selatan,63,92,27,1.33,51,34.1,74.6,7.0,357,0
2026-03-21 23:30:36,Jakarta Selatan,39,68,28,1.05,57,30.0,76.0,3.5,134,0
2026-03-21 23:00:36,Jakarta Timur,14,23,6,1.01,40,27.8,78.5,0.3,324,0
2026-03-21 22:30:36,Jakarta Timur,43,66,8,0.78,40,30.9,66.0,1.3,357,0
2026-03-21 22:00:36,Jakarta Pusat,81,108,13,0.98,35,34.0,71.8,1.4,249,0
2026-03-21 21:30:36,Jakarta Utara,23,30,12,0.7,47,29.9,75.0,0.5,63,0
2026-03-21 21:00:36,Jakarta Barat,45,76,20,1.14,45,33.7,85.1,2.5,233,0
2026-03-21 20:30:36,Jakarta Utara,34,60,8,0.17,64,31.3,77.0,0.7,124,0
2026-03-21 20:00:36,Jakarta Barat,9,15,3,0.82,57,28.0,90.7,0.7,210,0
2026-03-21 19:30:36,Jakarta Selatan,47,69,15,0.96,41,29.0,95.0,1.3,280,0
2026-03-21 19:00:36,Jakarta Timur,89,108,41,1.5,50,33.2,80.0,11.4,251,0
2026-03-21 18:30:36,Jakarta Barat,22,27,23,0.77,40,28.4,67.0,0.3,180,0
2026-03-21 18:00:36,Jakarta Pusat,32,43,29,1.08,51,29.1,86.8,2.5,239,0
2026-03-21 17:30:36,Jakarta Pusat,82,113,30,1.03,55,35.8,91.0,2.6,21,0
2026-03-21 17:00:36,Jakarta Pusat,41,68,17,0.38,21,26.5,83.8,2.8,260,0
2026-03-21 16:30:36,Jakarta Pusat,19,25,4,0.51,48,32.7,60.0,0.4,357,0
2026-03-21 16:00:36,Jakarta Pusat,41,60,24,0.77,69,35.3,69.2,5.0,219,0
2026-03-21 15:30:36,Jakarta Utara,14,19,22,0.5,42,27.8,61.0,0.4,28,0
2026-03-21 15:00:36,Jakarta Timur,76,110,20,1.2,34,29.8,79.6,1.3,96,0
2026-03-21 14:30:36,Jakarta Utara,49,75,30,1.02,61,31.1,94.0,8.9,249,0
2026-03-21 14:00:36,Jakarta Barat,45,76,10,0.6,61,27.7,60.1,1.4,37,0
2026-03-21 13:30:36,Jakarta Utara,55,74,40,0.89,31,32.1,86.0,1.9,327,0
2026-03-21 13:00:36,Jakarta Utara,37,45,19,0.59,62,31.6,56.0,2.8,75,0
2026-03-21 12:30:36,Jakarta Timur,36,49,18,0.89,28,32.3,79.0,2.3,42,0
2026-03-21 12:00:36,Jakarta Selatan,40,61,17,0.22,53,25.9,88.8,0.4,336,0
2026-03-21 11:30:36,Jakarta Timur,13,21,17,0.5,47,26.4,75.0,1.1,238,0
2026-03-21 11:00:36,Jakarta Barat,67,90,21,1.07,31,32.2,79.1,4.6,126,0
2026-03-21 10:30:36,Jakarta Timur,0,0,0,0.0,0,31.2,78.0,0.4,11,1
2026-03-21 10:00:36,Jakarta Timur,64,94,11,0.75,45,33.5,80.1,2.6,79,0
2026-03-21 09:30:36,Jakarta Utara,192,256,13,3.71,47,35.6,71.0,0.5,181,1
2026-03-21 09:00:36,Jakarta Selatan,19,24,12,0.96,41,24.3,69.5,2.0,166,0
2026-03-21 08:30:36,Jakarta Pusat,50,71,21,0.85,24,28.0,84.0,2.8,247,0
2026-03-21 08:00:36,Jakarta Pusat,30,50,12,0.78,49,30.3,85.2,1.4,95,0
2026-03-21 07:30:36,Jakarta Selatan,0,0,0,0.0,0,26.0,61.0,4.1,111,1
2026-03-21 07:00:36,Jakarta Selatan,148,191,15,4.47,55,26.9,83.1,4.9,317,1
2026-03-21 06:30:36,Jakarta Utara,43,52,17,0.6,59,35.9,55.0,0.2,68,0
2026-03-21 06:00:36,Jakarta Timur,26,43,20,0.58,49,28.6,75.2,2.8,66,0
2026-03-21 05:30:36,Jakarta Barat,18,28,8,0.56,33,29.1,69.0,1.3,339,0
2026-03-21 05:00:36,Jakarta Barat,0,0,0,0.0,0,28.0,72.8,2.1,153,1
2026-03-21 04:30:36,Jakarta Utara,28,47,16,1.0,52,30.2,83.0,0.3,235,0
2026-03-21 04:00:36,Jakarta Utara,25,41,22,0.81,30,32.3,63.2,2.5,328,0
2026-03-21 03:30:36,Jakarta Pusat,45,59,22,0.54,36,32.7,78.0,0.2,345,0
2026-03-21 03:00:36,Jakarta Barat,23,37,11,0.69,31,23.8,66.1,3.0,20,0
2026-03-21 02:30:36,Jakarta Timur,26,46,4,0.93,49,27.0,74.0,0.7,79,0
2026-03-21 02:00:36,Jakarta Pusat,42,71,44,0.76,62,33.6,81.6,5.5,273,0
2026-03-21 01:30:36,Jakarta Timur,64,98,18,0.43,52,35.8,63.0,0.6,48,0
2026-03-21 01:00:36,Jakarta Utara,147,184,16,3.72,60,28.5,82.7,1.5,249,1
2026-03-21 00:30:36,Jakarta Barat,27,48,13,0.9,28,24.8,67.0,3.1,163,0
2026-03-21 00:00:36,Jakarta Pusat,26,46,14,0.73,54,26.8,67.6,3.3,71,0
2026-03-20 23:30:36,Jakarta Pusat,36,47,24,0.96,41,32.3,62.0,2.4,28,0
2026-03-20 23:00:36,Jakarta Pusat,7,10,25,1.02,40,28.2,76.7,2.0,50,0
2026-03-20 22:30:36,Jakarta Timur,27,37,20,0.13,52,26.9,71.0,4.7,333,0
2026-03-20 22:00:36,Jakarta Timur,43,56,14,0.47,39,30.2,69.0,0.1,324,0
2026-03-20 21:30:36,Jakarta Utara,69,94,22,1.01,53,32.5,65.0,2.7,113,0
2026-03-20 21:00:36,Jakarta Utara,40,59,19,0.7,51,31.2,81.8,0.5,2,0
2026-03-20 20:30:36,Jakarta Barat,68,106,24,0.99,32,26.3,87.0,2.9,212,0
2026-03-20 20:00:36,Jakarta Selatan,24,40,20,1.08,60,28.2,78.2,6.9,241,0
2026-03-20 19:30:36,Jakarta Barat,43,75,12,0.98,38,28.1,71.0,0.8,161,0
2026-03-20 19:00:36,Jakarta Barat,56,92,17,0.76,34,29.1,87.0,0.4,102,0
2026-03-20 18:30:36,Jakarta Selatan,80,134,27,0.85,48,36.4,67.0,3.1,283,0
2026-03-20 18:00:36,Jakarta Utara,27,41,24,0.63,44,25.6,85.7,0.4,45,0
2026-03-20 17:30:36,Jakarta Utara,59,73,20,1.16,41,31.4,71.0,2.8,34,0
2026-03-20 17:00:36,Jakarta Barat,54,87,20,0.59,46,31.3,61.2,5.4,303,0
2026-03-20 16:30:36,Jakarta Utara,54,90,22,0.87,47,33.2,84.0,0.7,4,0
2026-03-20 16:00:36,Jakarta Selatan,49,68,22,0.79,42,31.6,95.1,3.2,238,0
2026-03-20 15:30:36,Jakarta Timur,0,0,0,0.0,0,31.0,89.0,0.6,311,1
2026-03-20 15:00:36,Jakarta Selatan,43,74,31,1.05,34,32.6,70.7,3.8,236,0
2026-03-20 14:30:36,Jakarta Selatan,0,0,0,0.0,0,34.0,75.0,2.5,236,1
2026-03-20 14:00:36,Jakarta Selatan,31,38,20,0.25,55,25.3,71.7,4.1,196,0
2026-03-20 13:30:36,Jakarta Pusat,42,74,19,0.98,36,29.5,82.0,0.9,45,0
2026-03-20 13:00:36,Jakarta Utara,5,10,26,0.47,32,32.3,57.4,0.0,154,0
2026-03-20 12:30:36,Jakarta Timur,22,30,13,0.9,60,30.1,53.0,0.6,57,0
2026-03-20 12:00:36,Jakarta Selatan,53,83,27,0.76,58,31.3,72.6,5.2,55,0
2026-03-20 11:30:36,Jakarta Pusat,44,58,23,0.49,49,31.9,80.0,4.3,165,0
2026-03-20 11:00:36,Jakarta Timur,51,63,27,1.2,43,30.1,85.7,2.6,153,0
2026-03-20 10:30:36,Jakarta Barat,42,65,29,0.84,71,31.5,78.0,0.4,307,0
2026-03-20 10:00:36,Jakarta Pusat,55,94,21,1.02,59,32.2,76.4,6.2,104,0
2026-03-20 09:30:36,Jakarta Selatan,45,67,27,0.53,60,29.7,81.0,2.6,326,0
2026-03-20 09:00:36,Jakarta Utara,36,61,17,0.68,36,24.4,70.1,4.2,148,0
2026-03-20 08:30:36,Jakarta Utara,5,10,9,0.72,45,25.9,88.0,0.7,79,0
2026-03-20 08:00:36,Jakarta Timur,56,67,30,1.04,42,33.5,72.1,8.1,149,0
2026-03-20 07:30:36,Jakarta Pusat,53,88,26,0.64,47,27.6,92.0,4.0,219,0
2026-03-20 07:00:36,Jakarta Utara,37,61,26,1.02,35,29.5,96.3,2.9,114,0
2026-03-20 06:30:36,Jakarta Timur,12,18,15,0.41,41,25.3,68.0,0.7,276,0
2026-03-20 06:00:36,Jakarta Selatan,32,44,15,1.24,50,32.7,74.7,4.1,246,0
2026-03-20 05:30:36,Jakarta Timur,45,77,20,0.58,41,32.8,68.0,2.9,75,0
2026-03-20 05:00:36,Jakarta Pusat,38,62,11,0.83,37,32.1,60.3,1.1,359,0
2026-03-20 04:30:36,Jakarta Pusat,25,42,12,0.69,59,25.3,66.0,1.8,344,0
2026-03-20 04:00:36,Jakarta Pusat,5,10,26,0.37,59,28.7,72.1,2.3,76,0
2026-03-20 03:30:36,Jakarta Utara,24,34,8,0.62,64,31.2,61.0,0.7,123,0
2026-03-20 03:00:36,Jakarta Selatan,51,63,20,0.6,34,29.9,72.0,0.9,94,0
2026-03-20 02:30:36,Jakarta Pusat,35,44,22,0.95,51,27.9,77.0,1.7,292,0
2026-03-20 02:00:36,Jakarta Selatan,21,36,24,0.46,38,23.2,69.5,1.9,138,0
2026-03-20 01:30:36,Jakarta Pusat,34,54,28,0.58,46,27.9,91.0,3.1,224,0
2026-03-20 01:00:36,Jakarta Utara,78,104,19,0.76,58,32.6,77.3,5.5,321,0
2026-03-20 00:30:36,Jakarta Barat,64,91,41,0.29,39,32.0,86.0,4.7,318,0
2026-03-20 00:00:36,Jakarta Barat,58,94,20,0.65,59,29.4,76.6,8.6,65,0
2026-03-19 23:30:36,Jakarta Selatan,45,56,13,0.21,38,29.2,73.0,0.7,232,0
2026-03-19 23:00:36,Jakarta Barat,16,22,15,0.38,65,28.8,78.1,0.4,14,0
2026-03-19 22:30:36,Jakarta Pusat,63,86,4,0.63,22,28.0,75.0,0.4,322,0
2026-03-19 22:00:36,Jakarta Barat,50,84,17,0.59,44,32.3,60.8,4.3,186,0
2026-03-19 21:30:36,Jakarta Pusat,29,35,12,0.54,37,30.7,59.0,2.5,81,0
2026-03-19 21:00:36,Jakarta Utara,5,10,29,0.41,62,34.8,55.4,0.0,322,0
2026-03-19 20:30:36,Jakarta Timur,23,40,3,0.62,43,21.3,68.0,0.7,160,0
2026-03-19 20:00:36,Jakarta Timur,72,96,30,0.55,29,35.1,76.2,2.4,64,0
2026-03-19 19:30:36,Jakarta Selatan,48,63,24,1.02,60,27.6,88.0,2.9,335,0
2026-03-19 19:00:36,Jakarta Selatan,44,53,21,0.85,55,26.6,75.3,3.4,39,0
2026-03-19 18:30:36,Jakarta Barat,61,99,29,0.7,50,30.2,92.0,1.3,264,0
2026-03-19 18:00:36,Jakarta Timur,58,99,16,0.48,43,27.6,90.9,2.8,140,0
2026-03-19 17:30:36,Jakarta Timur,5,10,18,0.78,38,27.8,86.0,1.9,16,0
2026-03-19 17:00:36,Jakarta Timur,8,14,19,0.1,60,28.4,80.7,3.2,300,0
2026-03-19 16:30:36,Jakarta Utara,40,68,10,0.37,44,30.8,85.0,0.2,328,0
2026-03-19 16:00:36,Jakarta Barat,22,39,25,0.74,42,24.1,82.5,0.7,221,0
2026-03-19 15:30:36,Jakarta Utara,46,71,13,0.19,43,31.9,71.0,0.6,23,0
2026-03-19 15:00:36,Jakarta Pusat,33,47,9,0.67,30,26.9,78.5,1.0,302,0
2026-03-19 14:30:36,Jakarta Utara,59,95,13,0.63,40,31.5,81.0,0.8,221,0
2026-03-19 14:00:36,Jakarta Pusat,55,79,30,0.92,39,34.2,90.0,4.3,274,0
2026-03-19 13:30:36,Jakarta Barat,47,84,22,0.66,48,35.2,69.0,1.9,312,0
2026-03-19 13:00:36,Jakarta Pusat,42,52,3,0.51,48,30.3,79.5,5.6,105,0
2026-03-19 12:30:36,Jakarta Barat,30,46,25,0.13,32,35.2,65.0,3.5,202,0
2026-03-19 12:00:36,Jakarta Utara,42,50,23,0.92,49,34.7,86.0,0.1,326,0
2026-03-19 11:30:36,Jakarta Barat,73,95,20,0.96,67,30.5,100.0,0.4,15,0
2026-03-19 11:00:36,Jakarta Selatan,61,85,11,0.59,57,32.2,77.1,3.5,217,0
2026-03-19 10:30:36,Jakarta Selatan,87,132,44,1.53,43,39.0,91.0,10.3,356,0
2026-03-19 10:00:36,Jakarta Timur,40,60,19,0.61,43,28.5,74.5,6.8,9,0
2026-03-19 09:30:36,Jakarta Barat,41,51,31,0.61,47,29.3,72.0,3.1,321,0
2026-03-19 09:00:36,Jakarta Pusat,66,112,2,0.88,23,29.7,75.0,1.3,29,0
2026-03-19 08:30:36,Jakarta Pusat,32,49,15,0.51,33,25.7,47.0,3.4,350,0
2026-03-19 08:00:36,Jakarta Selatan,76,102,25,1.07,53,31.2,79.3,5.6,173,0
2026-03-19 07:30:36,Jakarta Selatan,52,79,17,0.66,57,31.1,61.0,3.0,257,0
2026-03-19 07:00:36,Jakarta Pusat,51,89,15,0.96,45,32.2,77.5,2.6,329,0
2026-03-19 06:30:36,Jakarta Utara,36,55,10,0.49,68,28.2,77.0,3.9,22,0
2026-03-19 06:00:36,Jakarta Pusat,5,10,19,0.18,61,25.9,62.3,0.2,352,0
2026-03-19 05:30:36,Jakarta Selatan,65,105,12,1.18,35,30.5,76.0,2.4,121,0
2026-03-19 05:00:36,Jakarta Selatan,58,74,12,0.63,45,27.4,87.1,3.3,58,0
2026-03-19 04:30:36,Jakarta Timur,60,102,19,0.1,41,31.1,77.0,0.8,176,0
2026-03-19 04:00:36,Jakarta Pusat,57,74,10,0.65,52,32.7,62.8,3.1,100,0
2026-03-19 03:30:36,Jakarta Barat,29,35,18,0.21,48,26.4,64.0,0.2,344,0
2026-03-19 03:00:36,Jakarta Utara,32,55,14,0.75,54,30.7,76.3,6.5,208,0
2026-03-19 02:30:36,Jakarta Utara,37,46,12,0.71,59,28.9,77.0,3.1,48,0
2026-03-19 02:00:36,Jakarta Utara,17,29,12,0.82,62,27.0,83.8,1.4,299,0
2026-03-19 01:30:36,Jakarta Pusat,72,121,29,1.48,20,30.6,65.0,9.9,151,0
2026-03-19 01:00:36,Jakarta Timur,16,25,3,0.9,53,26.1,64.1,4.9,17,0
2026-03-19 00:30:36,Jakarta Pusat,78,101,10,0.83,42,33.8,72.0,5.6,232,0
2026-03-19 00:00:36,Jakarta Pusat,53,94,8,0.59,45,34.9,74.9,0.9,346,0
2026-03-18 23:30:36,Jakarta Utara,31,48,10,0.53,39,27.3,72.0,2.2,180,0
2026-03-18 23:00:36,Jakarta Barat,23,31,24,0.1,70,28.0,82.5,0.9,123,0
2026-03-18 22:30:36,Jakarta Timur,63,78,29,0.86,61,35.3,62.0,7.5,241,0
2026-03-18 22:00:36,Jakarta Timur,51,86,20,0.39,34,29.8,85.0,0.4,284,0
2026-03-18 21:30:36,Jakarta Barat,0,0,0,0.0,0,29.2,70.0,3.4,272,1
2026-03-18 21:00:36,Jakarta Timur,38,52,23,0.96,58,28.6,74.8,0.5,114,0
2026-03-18 20:30:36,Jakarta Utara,46,73,24,0.73,52,34.1,71.0,2.2,70,0
2026-03-18 20:00:36,Jakarta Barat,40,51,18,0.7,43,29.8,67.1,0.6,128,0
2026-03-18 19:30:36,Jakarta Barat,25,37,2,0.16,52,30.2,65.0,0.5,76,0
2026-03-18 19:00:36,Jakarta Selatan,49,71,15,1.22,55,32.4,81.9,5.1,87,0
2026-03-18 18:30:36,Jakarta Barat,12,17,3,0.82,25,28.5,75.0,0.0,338,0
2026-03-18 18:00:36,Jakarta Selatan,64,95,23,0.83,55,31.3,80.3,2.2,90,0
2026-03-18 17:30:36,Jakarta Barat,5,10,17,1.15,62,26.8,77.0,5.0,353,0
2026-03-18 17:00:36,Jakarta Selatan,68,95,20,1.26,50,36.5,77.0,7.6,110,0
2026-03-18 16:30:36,Jakarta Pusat,24,36,36,0.77,54,27.5,66.0,1.4,320,0
2026-03-18 16:00:36,Jakarta Pusat,61,99,33,0.63,38,34.3,82.9,2.8,34,0
2026-03-18 15:30:36,Jakarta Timur,37,65,30,0.57,35,32.8,73.0,0.2,147,0
2026-03-18 15:00:36,Jakarta Pusat,0,0,0,0.0,0,32.2,70.6,1.4,127,1
2026-03-18 14:30:36,Jakarta Pusat,50,78,12,1.13,36,35.0,71.0,0.1,281,0
2026-03-18 14:00:36,Jakarta Selatan,50,75,8,0.1,61,26.4,72.8,0.6,13,0
2026-03-18 13:30:36,Jakarta Utara,45,69,22,0.71,68,27.0,80.0,1.2,328,0
2026-03-18 13:00:36,Jakarta Selatan,52,69,16,0.87,64,31.5,79.9,2.2,3,0
2026-03-18 12:30:36,Jakarta Utara,19,27,23,0.39,50,29.6,87.0,1.4,199,0
2026-03-18 12:00:36,Jakarta Timur,40,54,11,0.63,46,34.2,49.4,2.4,208,0
2026-03-18 11:30:36,Jakarta Selatan,22,29,8,0.93,36,30.4,63.0,2.6,262,0
2026-03-18 11:00:36,Jakarta Utara,32,46,5,0.48,34,27.3,71.4,2.6,276,0
2026-03-18 10:30:36,Jakarta Barat,58,96,15,0.65,40,33.2,54.0,0.2,209,0
2026-03-18 10:00:36,Jakarta Pusat,50,76,9,1.61,54,32.4,74.0,4.4,175,0
2026-03-18 09:30:36,Jakarta Barat,42,50,31,1.16,38,29.2,76.0,1.6,85,0
2026-03-18 09:00:36,Jakarta Selatan,31,44,16,1.01,72,28.8,61.5,2.6,55,0
2026-03-18 08:30:36,Jakarta Selatan,31,48,10,0.62,31,28.0,78.0,1.5,228,0
2026-03-18 08:00:36,Jakarta Barat,46,79,7,0.92,52,31.6,90.5,1.0,92,0
2026-03-18 07:30:36,Jakarta Selatan,64,83,11,1.0,54,31.6,72.0,1.8,287,0
2026-03-18 07:00:36,Jakarta Barat,50,77,36,1.36,48,36.5,69.2,2.5,240,0
2026-03-18 06:30:36,Jakarta Barat,31,45,8,0.82,36,28.9,62.0,1.3,227,0
2026-03-18 06:00:36,Jakarta Timur,61,76,12,0.43,41,29.3,81.4,5.7,72,0
2026-03-18 05:30:36,Jakarta Selatan,50,63,26,0.41,33,30.8,84.0,2.9,81,0
2026-03-18 05:00:36,Jakarta Timur,37,65,2,1.74,80,30.7,66.0,1.3,324,0
2026-03-18 04:30:36,Jakarta Timur,34,55,10,0.46,72,29.8,87.0,0.1,199,0
2026-03-18 04:00:36,Jakarta Pusat,39,48,31,1.17,29,30.6,70.9,3.4,244,0
2026-03-18 03:30:36,Jakarta Utara,45,57,25,1.08,42,31.3,80.0,0.2,338,0
2026-03-18 03:00:36,Jakarta Selatan,63,100,21,0.59,78,34.6,75.7,0.4,321,0
2026-03-18 02:30:36,Jakarta Selatan,13,19,2,0.45,60,25.0,83.0,0.7,8,0
2026-03-18 02:00:36,Jakarta Barat,64,97,27,0.8,73,37.0,74.4,2.7,271,0
2026-03-18 01:30:36,Jakarta Pusat,32,56,13,0.45,28,29.7,60.0,2.0,240,0
2026-03-18 01:00:36,Jakarta Utara,42,58,25,0.71,25,36.1,80.4,5.3,124,0
2026-03-18 00:30:36,Jakarta Selatan,55,92,21,1.29,40,26.6,95.0,2.7,350,0
2026-03-18 00:00:36,Jakarta Pusat,53,91,2,0.74,46,33.9,77.9,1.4,204,0
2026-03-17 23:30:36,Jakarta Pusat,14,23,27,1.07,56,31.5,78.0,0.8,181,0
2026-03-17 23:00:36,Jakarta Selatan,63,99,29,0.84,37,32.6,73.9,2.3,250,0
2026-03-17 22:30:36,Jakarta Barat,55,85,11,1.03,53,28.5,76.0,6.4,310,0
2026-03-17 22:00:36,Jakarta Selatan,65,101,20,1.29,48,31.9,100.0,1.0,253,0
2026-03-17 21:30:36,Jakarta Pusat,26,42,16,0.82,44,29.1,67.0,5.4,250,0
2026-03-17 21:00:36,Jakarta Timur,50,71,13,1.22,39,34.2,70.0,1.9,104,0
2026-03-17 20:30:36,Jakarta Utara,18,25,25,0.76,57,32.1,75.0,0.4,100,0
2026-03-17 20:00:36,Jakarta Pusat,44,77,20,1.17,36,31.4,77.7,2.7,304,0
2026-03-17 19:30:36,Jakarta Barat,58,85,27,0.92,33,34.9,72.0,6.1,108,0
2026-03-17 19:00:36,Jakarta Pusat,39,58,16,0.87,50,34.3,71.6,0.1,119,0
2026-03-17 18:30:36,Jakarta Timur,46,62,20,0.47,59,28.9,92.0,1.3,237,0
2026-03-17 18:00:36,Jakarta Selatan,58,87,13,0.91,34,26.7,100.0,4.6,199,0
2026-03-17 17:30:36,Jakarta Utara,48,86,22,0.18,43,29.7,97.0,3.5,101,0
2026-03-17 17:00:36,Jakarta Timur,139,184,17,4.32,59,37.1,57.4,2.3,162,1
2026-03-17 16:30:36,Jakarta Barat,67,84,12,0.79,56,31.5,68.0,2.4,109,0
2026-03-17 16:00:36,Jakarta Pusat,145,186,8,4.18,37,29.9,60.5,1.9,92,1
2026-03-17 15:30:36,Jakarta Pusat,52,90,10,0.79,33,31.0,58.0,3.8,337,0
2026-03-17 15:00:36,Jakarta Selatan,51,63,23,0.73,51,37.1,56.6,0.4,69,0
2026-03-17 14:30:36,Jakarta Pusat,42,51,23,0.88,74,36.8,87.0,3.6,238,0
2026-03-17 14:00:36,Jakarta Utara,35,62,19,0.59,37,33.6,68.9,1.4,284,0
2026-03-17 13:30:36,Jakarta Pusat,61,87,24,0.87,46,33.1,72.0,2.5,108,0
2026-03-17 13:00:36,Jakarta Pusat,53,75,9,0.44,17,30.9,69.2,0.8,241,0
2026-03-17 12:30:36,Jakarta Barat,7,12,13,0.45,50,22.0,76.0,0.9,260,0
2026-03-17 12:00:36,Jakarta Utara,26,42,16,1.07,67,28.2,73.8,0.0,16,0
2026-03-17 11:30:36,Jakarta Barat,52,80,17,1.16,41,28.2,76.0,1.0,192,0
2026-03-17 11:00:36,Jakarta Selatan,55,77,25,0.8,31,28.0,87.7,10.2,33,0
2026-03-17 10:30:36,Jakarta Selatan,65,92,21,0.68,31,33.4,61.0,2.9,354,0
2026-03-17 10:00:36,Jakarta Selatan,37,47,16,1.38,41,28.5,61.4,3.2,244,0
2026-03-17 09:30:36,Jakarta Pusat,31,40,23,0.63,43,32.4,74.0,1.8,338,0
2026-03-17 09:00:36,Jakarta Utara,27,43,6,0.68,42,29.2,56.8,0.2,237,0
2026-03-17 08:30:36,Jakarta Pusat,49,86,34,0.87,41,27.5,80.0,1.7,311,0
2026-03-17 08:00:36,Jakarta Utara,50,69,12,0.96,40,26.1,86.2,1.9,226,0
2026-03-17 07:30:36,Jakarta Barat,67,94,39,1.17,35,31.2,72.0,10.1,114,0
2026-03-17 07:00:36,Jakarta Selatan,10,12,13,1.28,28,28.9,75.6,1.3,19,0
2026-03-17 06:30:36,Jakarta Utara,48,79,5,0.9,30,24.5,65.0,6.8,354,0
2026-03-17 06:00:36,Jakarta Timur,45,61,26,0.58,38,31.6,81.3,2.4,105,0
2026-03-17 05:30:36,Jakarta Barat,60,79,32,1.32,46,30.5,86.0,0.4,1,0
2026-03-17 05:00:36,Jakarta Selatan,148,199,15,4.39,72,34.0,63.3,3.9,131,1
2026-03-17 04:30:36,Jakarta Barat,23,41,5,0.64,56,28.5,88.0,0.1,297,0
2026-03-17 04:00:36,Jakarta Selatan,48,66,19,0.77,40,35.1,72.0,2.8,154,0
2026-03-17 03:30:36,Jakarta Timur,34,57,12,0.86,47,31.4,79.0,5.0,117,0
2026-03-17 03:00:36,Jakarta Pusat,29,38,19,1.32,53,30.2,77.0,2.2,136,0
2026-03-17 02:30:36,Jakarta Pusat,57,91,17,1.1,35,33.9,71.0,0.7,162,0
2026-03-17 02:00:36,Jakarta Timur,54,74,20,0.71,13,32.7,76.8,0.4,161,0
2026-03-17 01:30:36,Jakarta Timur,29,44,22,0.96,16,29.3,58.0,1.5,170,0
2026-03-17 01:00:36,Jakarta Pusat,49,81,21,1.09,21,28.7,89.2,0.5,149,0
2026-03-17 00:30:36,Jakarta Utara,34,48,24,0.72,47,34.5,71.0,0.0,122,0
2026-03-17 00:00:36,Jakarta Timur,26,45,15,0.88,65,24.1,82.8,0.5,290,0
2026-03-16 23:30:36,Jakarta Utara,19,26,21,0.31,40,29.7,67.0,2.1,183,0
2026-03-16 23:00:36,Jakarta Barat,36,46,20,0.41,40,24.7,58.5,1.4,326,0
2026-03-16 22:30:36,Jakarta Utara,37,49,10,0.58,65,34.8,78.0,2.0,25,0
2026-03-16 22:00:36,Jakarta Selatan,61,73,17,0.82,58,33.0,75.5,0.1,310,0
2026-03-16 21:30:36,Jakarta Pusat,36,51,13,1.03,36,29.3,71.0,2.1,268,0
2026-03-16 21:00:36,Jakarta Timur,45,63,29,1.51,46,31.4,68.7,9.1,173,0
2026-03-16 20:30:36,Jakarta Barat,26,38,19,0.76,43,29.1,96.0,2.3,183,0
2026-03-16 20:00:36,Jakarta Pusat,69,119,24,0.43,34,34.3,81.5,3.4,88,0
2026-03-16 19:30:36,Jakarta Barat,9,14,4,0.62,64,28.5,63.0,0.5,102,0
2026-03-16 19:00:36,Jakarta Selatan,26,35,25,0.27,52,31.6,74.7,0.9,150,0
2026-03-16 18:30:36,Jakarta Selatan,25,35,19,0.79,67,29.5,59.0,0.2,50,0
2026-03-16 18:00:36,Jakarta Barat,31,50,2,0.35,18,28.6,69.4,0.5,59,0
2026-03-16 17:30:36,Jakarta Utara,45,61,31,1.08,34,33.5,72.0,5.9,103,0
2026-03-16 17:00:36,Jakarta Selatan,37,51,19,0.54,45,35.0,75.6,1.2,163,0
2026-03-16 16:30:36,Jakarta Selatan,62,92,2,1.37,27,33.6,75.0,0.1,151,0
2026-03-16 16:00:36,Jakarta Timur,195,264,20,3.89,71,30.3,83.9,7.6,53,1
2026-03-16 15:30:36,Jakarta Barat,38,46,15,0.79,49,27.4,78.0,1.6,22,0
2026-03-16 15:00:36,Jakarta Pusat,20,25,10,0.9,65,33.4,78.0,1.3,4,0
2026-03-16 14:30:36,Jakarta Barat,28,43,24,0.89,29,33.8,60.0,1.5,45,0
2026-03-16 14:00:36,Jakarta Utara,74,97,25,1.03,36,30.8,84.0,9.4,80,0
2026-03-16 13:30:36,Jakarta Barat,19,34,36,0.15,50,30.0,84.0,1.0,100,0
2026-03-16 13:00:36,Jakarta Selatan,33,53,10,0.77,48,31.0,67.4,0.3,271,0
2026-03-16 12:30:36,Jakarta Barat,35,61,10,0.59,59,33.6,65.0,2.1,121,0
2026-03-16 12:00:36,Jakarta Barat,69,87,22,0.54,32,31.5,65.1,4.1,209,0
2026-03-16 11:30:36,Jakarta Utara,40,58,4,0.84,44,31.2,75.0,0.7,331,0
2026-03-16 11:00:36,Jakarta Utara,0,0,0,0.0,0,28.3,80.5,9.0,196,1
2026-03-16 10:30:36,Jakarta Pusat,65,116,17,1.12,31,34.4,86.0,4.8,263,0
2026-03-16 10:00:36,Jakarta Barat,5,10,2,0.56,42,25.0,71.2,0.0,63,0
2026-03-16 09:30:36,Jakarta Timur,69,99,28,1.34,42,34.7,79.0,6.2,346,0
2026-03-16 09:00:36,Jakarta Barat,56,87,9,1.22,40,31.2,67.3,2.6,287,0
2026-03-16 08:30:36,Jakarta Pusat,46,77,22,0.55,42,30.9,79.0,1.9,60,0
2026-03-16 08:00:36,Jakarta Barat,7,11,20,0.41,53,29.7,76.2,0.2,139,0
2026-03-16 07:30:36,Jakarta Pusat,72,111,23,0.87,71,30.1,91.0,1.2,323,0
2026-03-16 07:00:36,Jakarta Utara,34,54,24,0.94,54,33.2,66.1,0.8,25,0
2026-03-16 06:30:36,Jakarta Selatan,52,63,11,0.68,29,28.5,98.0,2.1,103,0
2026-03-16 06:00:36,Jakarta Selatan,5,10,17,0.55,58,33.4,69.2,0.8,231,0
2026-03-16 05:30:36,Jakarta Pusat,57,87,28,0.61,30,34.8,72.0,3.2,168,0
2026-03-16 05:00:36,Jakarta Barat,33,43,33,0.9,24,34.6,73.8,1.7,67,0
2026-03-16 04:30:36,Jakarta Selatan,28,34,21,0.57,33,23.7,66.0,3.7,333,0
2026-03-16 04:00:36,Jakarta Selatan,35,59,17,0.85,49,33.1,78.9,0.1,332,0
2026-03-16 03:30:36,Jakarta Pusat,32,45,11,0.59,44,30.2,93.0,4.0,184,0
2026-03-16 03:00:36,Jakarta Barat,35,49,22,0.42,55,28.0,58.2,2.6,142,0
2026-03-16 02:30:36,Jakarta Timur,74,108,25,1.09,53,33.2,94.0,2.7,235,0
2026-03-16 02:00:36,Jakarta Selatan,43,64,11,0.83,47,28.7,69.2,2.7,171,0
2026-03-16 01:30:36,Jakarta Timur,0,0,0,0.0,0,34.4,96.0,4.3,141,1
2026-03-16 01:00:36,Jakarta Utara,21,37,17,0.45,50,28.8,68.7,1.0,271,0
2026-03-16 00:30:36,Jakarta Barat,15,19,10,0.1,28,27.9,65.0,1.9,124,0
2026-03-16 00:00:36,Jakarta Timur,22,26,10,0.27,36,27.3,74.2,0.2,93,0
2026-03-15 23:30:36,Jakarta Selatan,53,64,18,0.96,34,27.1,79.0,3.7,298,0
2026-03-15 23:00:36,Jakarta Utara,54,78,22,0.77,39,26.9,66.7,3.1,122,0
2026-03-15 22:30:36,Jakarta Selatan,40,61,26,0.85,47,30.8,87.0,2.5,128,0
2026-03-15 22:00:36,Jakarta Utara,18,26,5,0.47,34,32.1,64.6,1.8,123,0
2026-03-15 21:30:36,Jakarta Utara,60,99,11,0.84,29,25.6,87.0,4.2,250,0
2026-03-15 21:00:36,Jakarta Barat,5,10,26,0.41,29,24.3,84.6,0.5,23,0
2026-03-15 20:30:36,Jakarta Utara,41,69,13,1.0,43,31.2,81.0,2.1,320,0
2026-03-15 20:00:36,Jakarta Barat,30,51,33,0.65,38,25.2,58.7,1.5,234,0
2026-03-15 19:30:36,Jakarta Pusat,57,92,11,0.42,49,26.1,81.0,7.2,177,0
2026-03-15 19:00:36,Jakarta Utara,44,77,17,0.89,37,35.7,69.4,0.3,167,0
2026-03-15 18:30:36,Jakarta Barat,41,51,23,0.86,22,31.6,80.0,2.2,257,0
2026-03-15 18:00:36,Jakarta Selatan,39,64,16,0.59,37,29.5,71.9,1.5,195,0
2026-03-15 17:30:36,Jakarta Timur,11,14,21,0.59,38,32.9,71.0,1.5,143,0
2026-03-15 17:00:36,Jakarta Utara,33,56,24,0.6,55,33.9,69.8,4.7,95,0
2026-03-15 16:30:36,Jakarta Barat,65,99,30,1.08,50,32.9,81.0,1.3,232,0
2026-03-15 16:00:36,Jakarta Utara,49,77,16,0.19,18,30.0,72.0,1.3,162,0
2026-03-15 15:30:36,Jakarta Selatan,57,91,21,0.73,35,28.9,71.0,4.3,127,0
2026-03-15 15:00:36,Jakarta Pusat,28,39,18,0.5,40,31.0,61.2,0.0,337,0
2026-03-15 14:30:36,Jakarta Selatan,39,52,36,1.05,42,27.3,85.0,1.2,63,0
2026-03-15 14:00:36,Jakarta Selatan,29,36,11,0.78,29,26.0,69.9,1.5,340,0
2026-03-15 13:30:36,Jakarta Barat,13,16,15,0.21,26,28.4,68.0,1.8,129,0
2026-03-15 13:00:36,Jakarta Barat,32,44,24,0.95,56,32.9,59.2,3.9,217,0
2026-03-15 12:30:36,Jakarta Barat,28,50,18,0.42,43,33.1,88.0,1.3,323,0
2026-03-15 12:00:36,Jakarta Timur,29,51,29,0.52,45,30.2,52.3,4.3,65,0
2026-03-15 11:30:36,Jakarta Pusat,39,46,32,1.05,51,31.2,84.0,0.2,218,0
2026-03-15 11:00:36,Jakarta Selatan,73,118,18,0.25,33,31.7,87.1,3.2,330,0
2026-03-15 10:30:36,Jakarta Barat,21,37,14,1.24,33,28.0,74.0,5.7,62,0
2026-03-15 10:00:36,Jakarta Timur,45,66,23,0.44,36,30.2,69.9,2.4,43,0
2026-03-15 09:30:36,Jakarta Utara,49,63,28,1.06,44,31.4,88.0,1.9,226,0
2026-03-15 09:00:36,Jakarta Utara,46,77,12,0.42,51,33.2,64.0,1.3,309,0
2026-03-15 08:30:36,Jakarta Barat,41,56,28,0.84,49,35.1,73.0,1.0,6,0
2026-03-15 08:00:36,Jakarta Pusat,39,63,28,0.22,51,32.3,65.4,0.1,140,0
2026-03-15 07:30:36,Jakarta Pusat,5,10,6,0.42,34,25.5,65.0,0.7,283,0
2026-03-15 07:00:36,Jakarta Utara,52,85,32,0.76,49,28.6,68.7,3.0,219,0
2026-03-15 06:30:36,Jakarta Selatan,19,26,21,0.65,60,28.7,77.0,2.7,286,0
2026-03-15 06:00:36,Jakarta Pusat,21,31,17,0.66,44,28.8,83.2,0.6,224,0
2026-03-15 05:30:36,Jakarta Timur,54,70,20,0.1,50,26.4,82.0,4.4,199,0
2026-03-15 05:00:36,Jakarta Timur,35,57,18,0.75,54,32.7,78.9,1.1,189,0
2026-03-15 04:30:36,Jakarta Utara,42,61,22,0.31,44,30.6,83.0,0.6,199,0
2026-03-15 04:00:36,Jakarta Utara,27,35,25,0.62,42,36.5,71.1,0.7,339,0
2026-03-15 03:30:36,Jakarta Timur,5,10,26,0.74,57,30.3,73.0,2.4,307,0
2026-03-15 03:00:36,Jakarta Barat,27,37,20,0.68,46,28.8,84.4,1.6,38,0
2026-03-15 02:30:36,Jakarta Pusat,57,80,25,0.74,43,29.4,73.0,2.7,262,0
2026-03-15 02:00:36,Jakarta Utara,22,36,18,0.65,38,27.5,83.5,1.7,17,0
2026-03-15 01:30:36,Jakarta Utara,57,95,19,0.65,47,29.6,80.0,0.0,7,0
2026-03-15 01:00:36,Jakarta Barat,47,76,25,0.42,37,31.5,64.5,3.9,336,0
2026-03-15 00:30:36,Jakarta Barat,37,45,14,0.98,42,29.1,96.0,2.6,94,0
2026-03-15 00:00:36,Jakarta Barat,12,21,14,0.82,50,30.4,70.9,0.0,73,0
2026-03-14 23:30:36,Jakarta Pusat,5,10,18,0.57,43,19.8,74.0,0.8,91,0
2026-03-14 23:00:36,Jakarta Barat,61,91,3,0.71,33,31.1,82.3,1.2,340,0
2026-03-14 22:30:36,Jakarta Utara,46,57,21,0.63,64,33.5,74.0,0.5,56,0
2026-03-14 22:00:36,Jakarta Selatan,51,64,5,1.06,50,32.7,72.9,5.6,166,0
2026-03-14 21:30:36,Jakarta Utara,44,68,26,1.23,41,28.5,90.0,13.0,107,0
2026-03-14 21:00:36,Jakarta Barat,59,90,22,0.74,38,29.9,94.8,6.1,59,0
2026-03-14 20:30:36,Jakarta Selatan,24,31,8,0.65,62,28.9,79.0,0.2,255,0
2026-03-14 20:00:36,Jakarta Timur,70,115,19,1.14,57,27.3,83.9,5.3,192,0
2026-03-14 19:30:36,Jakarta Pusat,22,39,3,0.59,58,21.2,58.0,4.5,285,0
2026-03-14 19:00:36,Jakarta Selatan,12,20,20,1.08,42,25.0,68.0,5.2,182,0
2026-03-14 18:30:36,Jakarta Pusat,26,45,8,1.07,62,32.2,85.0,3.2,10,0
2026-03-14 18:00:36,Jakarta Timur,22,32,21,0.38,38,28.9,59.3,1.4,35,0
2026-03-14 17:30:36,Jakarta Utara,17,22,11,0.34,50,26.6,75.0,0.2,20,0
2026-03-14 17:00:36,Jakarta Utara,181,250,19,4.42,19,32.5,69.4,1.4,133,1
2026-03-14 16:30:36,Jakarta Utara,55,79,28,1.19,35,33.0,77.0,0.6,297,0
2026-03-14 16:00:36,Jakarta Barat,62,105,26,0.67,57,30.5,82.8,5.1,78,0
2026-03-14 15:30:36,Jakarta Pusat,16,23,14,1.46,43,33.4,82.0,0.5,222,0
2026-03-14 15:00:36,Jakarta Barat,27,45,7,0.66,37,25.9,78.1,2.4,74,0
2026-03-14 14:30:36,Jakarta Timur,50,72,28,1.01,59,35.7,90.0,0.2,62,0
2026-03-14 14:00:36,Jakarta Barat,19,28,2,1.34,46,32.5,68.2,0.1,197,0
2026-03-14 13:30:36,Jakarta Timur,46,74,13,0.75,33,30.8,79.0,3.3,272,0
2026-03-14 13:00:36,Jakarta Barat,61,93,25,1.34,46,34.2,77.3,6.9,205,0
2026-03-14 12:30:36,Jakarta Selatan,67,80,23,1.6,34,31.2,100.0,7.8,345,0
2026-03-14 12:00:36,Jakarta Selatan,35,51,14,0.72,55,30.9,74.6,0.1,276,0
2026-03-14 11:30:36,Jakarta Selatan,51,83,20,0.14,35,29.8,74.0,3.6,131,0
2026-03-14 11:00:36,Jakarta Barat,76,108,25,0.96,35,29.3,97.1,2.5,224,0
2026-03-14 10:30:36,Jakarta Pusat,5,10,29,0.72,67,32.6,76.0,2.9,288,0
2026-03-14 10:00:36,Jakarta Selatan,19,28,9,0.45,44,29.6,70.6,1.7,218,0
2026-03-14 09:30:36,Jakarta Utara,39,61,27,0.81,64,37.5,77.0,0.1,345,0
2026-03-14 09:00:36,Jakarta Pusat,63,90,21,0.51,41,29.7,62.8,3.6,160,0
2026-03-14 08:30:36,Jakarta Utara,43,55,12,0.1,34,32.4,68.0,2.6,182,0
2026-03-14 08:00:36,Jakarta Timur,51,63,22,0.88,44,29.8,75.7,5.9,344,0
2026-03-14 07:30:36,Jakarta Barat,37,57,25,0.41,42,30.4,70.0,2.1,346,0
2026-03-14 07:00:36,Jakarta Barat,57,73,22,0.27,66,28.4,87.5,0.7,114,0
2026-03-14 06:30:36,Jakarta Selatan,12,18,13,0.7,58,24.7,68.0,0.5,56,0
2026-03-14 06:00:36,Jakarta Utara,42,55,30,0.35,43,30.6,71.2,4.4,180,0
2026-03-14 05:30:36,Jakarta Utara,19,28,5,0.32,35,30.3,71.0,1.3,277,0
2026-03-14 05:00:36,Jakarta Barat,41,63,13,1.06,43,34.6,70.4,5.1,98,0
2026-03-14 04:30:36,Jakarta Utara,73,122,23,0.73,52,32.2,78.0,3.3,48,0
2026-03-14 04:00:36,Jakarta Selatan,29,42,7,0.76,26,29.9,77.6,1.8,201,0
2026-03-14 03:30:36,Jakarta Timur,41,67,15,0.62,27,29.6,88.0,2.1,332,0
2026-03-14 03:00:36,Jakarta Selatan,80,119,24,0.26,31,30.4,100.0,2.9,240,0
2026-03-14 02:30:36,Jakarta Utara,75,117,35,0.96,47,28.8,78.0,9.8,304,0
2026-03-14 02:00:36,Jakarta Timur,29,45,19,1.24,47,28.6,76.2,1.2,148,0
2026-03-14 01:30:36,Jakarta Pusat,59,72,16,0.43,65,30.8,83.0,1.8,190,0
2026-03-14 01:00:36,Jakarta Selatan,35,55,7,0.68,53,31.4,64.7,0.5,7,0
2026-03-14 00:30:36,Jakarta Selatan,38,60,19,0.53,81,26.1,92.0,0.1,104,0
2026-03-14 00:00:36,Jakarta Barat,60,96,6,0.94,63,29.7,74.2,1.6,289,0
2026-03-13 23:30:36,Jakarta Barat,6,10,11,0.93,40,30.3,76.0,0.9,137,0
2026-03-13 23:00:36,Jakarta Barat,29,51,24,1.28,47,30.5,77.1,1.2,22,0
2026-03-13 22:30:36,Jakarta Pusat,40,53,3,0.26,25,26.3,72.0,3.2,317,0
2026-03-13 22:00:36,Jakarta Selatan,66,89,18,1.54,33,37.9,62.3,5.5,189,0
2026-03-13 21:30:36,Jakarta Selatan,67,81,25,1.21,40,34.2,87.0,5.5,115,0
2026-03-13 21:00:36,Jakarta Timur,58,81,19,1.08,45,27.2,73.8,5.6,196,0
2026-03-13 20:30:36,Jakarta Barat,21,25,13,0.83,38,29.5,57.0,4.3,42,0
2026-03-13 20:00:36,Jakarta Barat,73,95,36,1.5,38,32.8,77.1,6.7,199,0
2026-03-13 19:30:36,Jakarta Utara,36,48,16,1.02,51,30.0,63.0,2.1,40,0
2026-03-13 19:00:36,Jakarta Barat,54,79,14,0.87,61,32.3,70.7,7.2,247,0
2026-03-13 18:30:36,Jakarta Timur,43,66,14,0.46,30,35.8,65.0,0.1,229,0
2026-03-13 18:00:36,Jakarta Selatan,0,0,0,0.0,0,21.1,59.1,2.5,174,1
2026-03-13 17:30:36,Jakarta Barat,26,37,15,0.75,41,31.3,76.0,1.4,150,0
2026-03-13 17:00:36,Jakarta Timur,8,10,14,0.95,50,29.0,89.2,2.5,294,0
2026-03-13 16:30:36,Jakarta Barat,44,60,18,1.1,31,30.3,99.0,0.8,109,0
2026-03-13 16:00:36,Jakarta Timur,34,59,18,0.5,35,26.1,87.4,0.3,338,0
2026-03-13 15:30:36,Jakarta Selatan,45,77,31,0.22,67,29.5,83.0,2.5,353,0
2026-03-13 15:00:36,Jakarta Pusat,23,29,10,0.62,60,28.0,71.6,2.2,228,0
2026-03-13 14:30:36,Jakarta Utara,49,63,24,0.84,68,36.2,78.0,2.5,257,0
2026-03-13 14:00:36,Jakarta Utara,29,43,12,0.84,61,28.4,83.1,2.5,266,0
2026-03-13 13:30:36,Jakarta Barat,90,120,38,0.63,42,27.5,92.0,12.3,206,0
2026-03-13 13:00:36,Jakarta Pusat,18,28,20,0.54,49,31.2,72.6,1.0,172,0
2026-03-13 12:30:36,Jakarta Selatan,18,31,16,0.62,60,31.1,64.0,0.3,105,0
2026-03-13 12:00:36,Jakarta Selatan,22,31,9,0.66,32,28.4,79.0,0.5,330,0
2026-03-13 11:30:36,Jakarta Barat,43,74,27,0.51,52,32.0,70.0,5.6,158,0
2026-03-13 11:00:36,Jakarta Timur,34,43,28,0.7,41,28.3,89.1,0.4,138,0
2026-03-13 10:30:36,Jakarta Utara,138,173,25,4.29,52,31.9,71.0,2.4,141,1
2026-03-13 10:00:36,Jakarta Selatan,40,56,18,0.44,44,28.5,68.1,0.1,88,0
2026-03-13 09:30:36,Jakarta Pusat,47,62,25,0.84,36,31.7,68.0,6.3,41,0
2026-03-13 09:00:36,Jakarta Selatan,39,48,13,0.91,38,28.3,70.0,4.1,49,0
2026-03-13 08:30:36,Jakarta Selatan,67,107,21,1.02,45,29.2,77.0,5.1,280,0
2026-03-13 08:00:36,Jakarta Selatan,5,10,15,0.91,50,26.4,82.0,0.7,227,0
2026-03-13 07:30:36,Jakarta Selatan,49,80,21,1.18,53,31.2,70.0,1.1,357,0
2026-03-13 07:00:36,Jakarta Selatan,72,122,18,0.85,31,32.7,75.3,1.6,302,0
2026-03-13 06:30:36,Jakarta Selatan,9,13,16,0.48,52,27.0,79.0,0.2,349,0
2026-03-13 06:00:36,Jakarta Selatan,82,123,30,1.06,47,35.9,70.1,7.6,233,0
2026-03-13 05:30:36,Jakarta Timur,56,92,15,0.6,28,28.5,65.0,3.6,154,0
2026-03-13 05:00:36,Jakarta Utara,5,10,6,1.3,52,26.2,85.6,0.2,59,0
2026-03-13 04:30:36,Jakarta Selatan,45,64,34,1.06,51,27.1,76.0,4.1,282,0
2026-03-13 04:00:36,Jakarta Selatan,49,76,24,1.27,30,29.4,86.7,5.9,263,0
2026-03-13 03:30:36,Jakarta Timur,62,82,3,0.83,50,23.2,87.0,3.4,336,0
2026-03-13 03:00:36,Jakarta Timur,39,60,23,0.77,58,32.1,83.8,0.3,355,0
2026-03-13 02:30:36,Jakarta Barat,32,52,15,0.9,55,26.2,85.0,2.6,299,0
2026-03-13 02:00:36,Jakarta Selatan,33,42,4,0.19,53,28.2,79.0,0.1,91,0
2026-03-13 01:30:36,Jakarta Pusat,0,0,0,0.0,0,29.7,76.0,0.7,276,1
2026-03-13 01:00:36,Jakarta Pusat,48,75,20,0.54,52,30.9,63.3,3.7,84,0
2026-03-13 00:30:36,Jakarta Utara,66,99,23,0.65,58,37.5,81.0,4.6,290,0
2026-03-13 00:00:36,Jakarta Utara,68,94,34,0.81,50,32.2,81.8,11.1,24,0
2026-03-12 23:30:36,Jakarta Utara,59,76,25,0.54,60,31.3,79.0,2.0,192,0
2026-03-12 23:00:36,Jakarta Pusat,48,66,20,0.89,34,27.5,76.8,6.1,223,0
2026-03-12 22:30:36,Jakarta Selatan,51,91,18,0.6,54,32.0,80.0,1.2,318,0
2026-03-12 22:00:36,Jakarta Utara,55,69,13,0.55,56,28.7,77.0,3.2,252,0
2026-03-12 21:30:36,Jakarta Timur,40,70,26,0.3,60,34.2,83.0,0.8,77,0
2026-03-12 21:00:36,Jakarta Utara,35,55,11,0.72,43,32.0,56.8,3.3,347,0
2026-03-12 20:30:36,Jakarta Barat,19,34,12,0.43,42,26.9,58.0,3.1,106,0
2026-03-12 20:00:36,Jakarta Utara,28,36,18,0.7,29,31.4,77.3,0.2,42,0
2026-03-12 19:30:36,Jakarta Pusat,39,69,15,0.65,44,27.4,69.0,2.8,30,0
2026-03-12 19:00:36,Jakarta Selatan,34,45,18,0.48,26,29.8,56.4,0.9,30,0
2026-03-12 18:30:36,Jakarta Barat,42,51,11,0.7,22,27.9,76.0,0.8,40,0
2026-03-12 18:00:36,Jakarta Timur,86,148,26,0.86,37,35.3,83.3,4.9,9,0
2026-03-12 17:30:36,Jakarta Barat,12,18,11,0.87,44,27.6,84.0,0.7,9,0
2026-03-12 17:00:36,Jakarta Pusat,47,63,20,0.92,60,28.5,85.0,3.5,155,0
2026-03-12 16:30:36,Jakarta Timur,21,25,3,0.63,49,27.6,64.0,1.4,347,0
2026-03-12 16:00:36,Jakarta Utara,13,19,17,0.1,40,28.0,62.3,1.1,226,0
2026-03-12 15:30:36,Jakarta Pusat,32,48,21,0.9,61,32.8,71.0,0.2,292,0
2026-03-12 15:00:36,Jakarta Selatan,49,65,30,0.49,31,28.7,69.8,4.9,329,0
2026-03-12 14:30:36,Jakarta Timur,21,29,15,0.8,61,28.4,71.0,0.7,151,0
2026-03-12 14:00:36,Jakarta Barat,10,16,16,0.67,60,30.7,72.1,0.8,309,0
2026-03-12 13:30:36,Jakarta Pusat,42,51,2,0.78,36,27.8,65.0,0.4,146,0
2026-03-12 13:00:36,Jakarta Selatan,52,68,15,0.57,67,30.4,61.3,7.5,7,0
2026-03-12 12:30:36,Jakarta Pusat,58,104,24,0.54,46,33.2,80.0,0.4,353,0
2026-03-12 12:00:36,Jakarta Pusat,51,75,16,0.8,45,30.2,87.1,6.3,117,0
2026-03-12 11:30:36,Jakarta Utara,63,76,38,1.13,34,30.1,89.0,0.6,259,0
2026-03-12 11:00:36,Jakarta Timur,26,45,33,1.13,35,30.1,73.2,3.7,263,0
2026-03-12 10:30:36,Jakarta Timur,33,52,21,0.34,30,30.0,62.0,0.0,42,0
2026-03-12 10:00:36,Jakarta Barat,41,49,16,0.37,42,26.7,72.6,0.2,230,0
2026-03-12 09:30:36,Jakarta Timur,23,38,23,0.51,34,28.2,70.0,1.0,306,0
2026-03-12 09:00:36,Jakarta Timur,28,37,23,0.28,63,30.7,85.7,2.7,214,0
2026-03-12 08:30:36,Jakarta Timur,58,84,13,1.15,30,35.2,86.0,2.0,220,0
2026-03-12 08:00:36,Jakarta Utara,26,35,12,0.64,21,29.9,63.2,0.6,112,0
2026-03-12 07:30:36,Jakarta Pusat,44,64,38,1.13,65,37.0,65.0,3.5,342,0
2026-03-12 07:00:36,Jakarta Barat,59,86,14,0.51,21,29.8,87.5,1.8,147,0
2026-03-12 06:30:36,Jakarta Selatan,49,70,24,0.69,42,32.4,72.0,1.1,117,0
2026-03-12 06:00:36,Jakarta Barat,38,50,30,0.7,51,30.1,88.4,1.1,231,0
2026-03-12 05:30:36,Jakarta Pusat,12,16,11,0.62,41,30.4,45.0,1.2,53,0
2026-03-12 05:00:36,Jakarta Barat,38,63,11,0.58,76,29.1,69.6,1.0,254,0
2026-03-12 04:30:36,Jakarta Utara,32,55,6,0.57,63,30.8,68.0,2.2,5,0
2026-03-12 04:00:36,Jakarta Selatan,72,110,16,1.34,33,33.6,72.0,9.8,250,0
2026-03-12 03:30:36,Jakarta Utara,63,88,24,1.14,55,33.4,81.0,1.2,186,0
2026-03-12 03:00:36,Jakarta Timur,22,37,16,0.88,59,32.1,64.5,0.1,299,0
2026-03-12 02:30:36,Jakarta Utara,36,61,18,0.84,53,27.3,64.0,7.5,323,0
2026-03-12 02:00:36,Jakarta Barat,41,60,18,0.44,51,27.8,93.7,0.3,138,0
2026-03-12 01:30:36,Jakarta Selatan,41,71,25,0.37,43,24.2,78.0,4.6,36,0
2026-03-12 01:00:36,Jakarta Timur,39,60,14,0.49,62,27.9,77.8,3.0,324,0
2026-03-12 00:30:36,Jakarta Utara,56,71,26,0.75,47,34.8,68.0,6.6,292,0
2026-03-12 00:00:36,Jakarta Selatan,42,69,18,0.48,44,30.9,63.0,4.0,9,0
2026-03-11 23:30:36,Jakarta Selatan,71,98,23,1.33,75,30.7,80.0,4.8,323,0
2026-03-11 23:00:36,Jakarta Barat,47,59,28,0.35,36,30.4,75.6,2.0,261,0
2026-03-11 22:30:36,Jakarta Selatan,23,29,28,0.43,51,28.7,79.0,0.1,45,0
2026-03-11 22:00:36,Jakarta Timur,57,93,8,1.18,17,31.4,75.5,6.9,157,0
2026-03-11 21:30:36,Jakarta Selatan,46,76,17,0.47,30,28.0,64.0,0.2,270,0
2026-03-11 21:00:36,Jakarta Selatan,40,61,25,0.92,62,32.0,74.7,4.3,9,0
2026-03-11 20:30:36,Jakarta Barat,61,74,15,0.86,28,32.6,70.0,4.4,296,0
2026-03-11 20:00:36,Jakarta Utara,25,32,2,0.72,57,33.5,63.6,0.5,100,0
2026-03-11 19:30:36,Jakarta Timur,42,70,20,0.32,60,25.0,69.0,3.9,344,0
2026-03-11 19:00:36,Jakarta Selatan,65,102,25,0.96,44,31.8,58.2,5.1,104,0
2026-03-11 18:30:36,Jakarta Selatan,50,63,20,0.91,64,32.8,79.0,1.0,200,0
2026-03-11 18:00:36,Jakarta Selatan,57,89,19,0.6,50,31.4,76.5,0.4,118,0
2026-03-11 17:30:36,Jakarta Utara,24,32,15,0.94,18,29.8,75.0,1.7,164,0
2026-03-11 17:00:36,Jakarta Barat,37,45,17,0.65,51,31.0,63.7,0.5,21,0
2026-03-11 16:30:36,Jakarta Pusat,35,60,17,0.65,55,29.2,68.0,0.2,64,0
2026-03-11 16:00:36,Jakarta Selatan,39,49,14,1.14,46,33.7,72.1,0.9,275,0
2026-03-11 15:30:36,Jakarta Selatan,25,39,16,0.44,52,23.5,64.0,0.1,223,0
2026-03-11 15:00:36,Jakarta Timur,34,57,7,0.76,31,31.8,73.3,0.4,17,0
2026-03-11 14:30:36,Jakarta Barat,27,43,25,1.01,60,30.7,85.0,2.7,323,0
2026-03-11 14:00:36,Jakarta Barat,35,53,22,1.18,54,31.4,69.1,2.1,274,0
2026-03-11 13:30:36,Jakarta Utara,34,50,16,0.77,50,30.8,66.0,0.0,167,0
2026-03-11 13:00:36,Jakarta Utara,50,60,38,1.24,34,31.6,81.7,5.6,302,0
2026-03-11 12:30:36,Jakarta Selatan,53,66,12,1.41,30,28.9,91.0,0.3,161,0
2026-03-11 12:00:36,Jakarta Barat,67,89,24,0.88,57,32.0,86.7,1.4,234,0
2026-03-11 11:30:36,Jakarta Utara,18,25,20,0.49,59,25.1,71.0,1.4,329,0
2026-03-11 11:00:36,Jakarta Selatan,14,18,10,0.55,36,27.9,69.1,0.4,4,0
2026-03-11 10:30:36,Jakarta Barat,27,45,10,0.62,55,28.4,60.0,3.8,86,0
2026-03-11 10:00:36,Jakarta Timur,35,52,12,0.93,50,28.8,75.1,3.1,258,0
2026-03-11 09:30:36,Jakarta Selatan,39,66,10,0.52,58,26.2,68.0,2.5,233,0
2026-03-11 09:00:36,Jakarta Utara,57,102,24,0.81,15,34.6,66.2,2.1,19,0
2026-03-11 08:30:36,Jakarta Utara,56,95,21,0.87,26,28.6,91.0,5.3,167,0
2026-03-11 08:00:36,Jakarta Selatan,17,29,16,0.94,53,27.9,64.1,3.4,123,0
2026-03-11 07:30:36,Jakarta Timur,59,93,30,0.47,22,31.0,99.0,1.4,6,0
2026-03-11 07:00:36,Jakarta Timur,30,39,23,0.91,41,29.7,82.3,0.2,266,0
2026-03-11 06:30:36,Jakarta Utara,54,68,13,0.73,34,28.9,70.0,2.6,65,0
2026-03-11 06:00:36,Jakarta Barat,64,102,11,0.84,37,34.5,62.5,6.0,285,0
2026-03-11 05:30:36,Jakarta Selatan,34,54,26,0.73,33,31.3,67.0,4.2,100,0
2026-03-11 05:00:36,Jakarta Barat,36,60,2,0.93,54,29.6,83.6,4.3,153,0
2026-03-11 04:30:36,Jakarta Pusat,58,86,14,0.7,51,32.2,85.0,3.5,84,0
2026-03-11 04:00:36,Jakarta Barat,44,71,20,0.79,45,30.2,71.3,0.9,98,0
2026-03-11 03:30:36,Jakarta Pusat,73,90,32,1.15,29,28.4,76.0,8.4,130,0
2026-03-11 03:00:36,Jakarta Selatan,26,41,22,0.73,49,29.8,63.3,2.2,23,0
2026-03-11 02:30:36,Jakarta Selatan,42,52,26,1.63,40,38.5,72.0,2.9,42,0
2026-03-11 02:00:36,Jakarta Selatan,85,105,21,0.76,27,24.6,86.7,1.8,168,0
2026-03-11 01:30:36,Jakarta Timur,37,53,25,0.6,31,26.6,69.0,7.9,273,0
2026-03-11 01:00:36,Jakarta Selatan,46,73,15,1.13,43,31.7,77.8,0.7,52,0
2026-03-11 00:30:36,Jakarta Pusat,28,46,19,0.93,79,34.2,78.0,0.8,75,0
2026-03-11 00:00:36,Jakarta Pusat,0,0,0,0.0,0,29.2,63.8,1.0,288,1
2026-03-10 23:30:36,Jakarta Pusat,55,82,22,0.8,55,28.6,78.0,2.9,260,0
2026-03-10 23:00:36,Jakarta Timur,31,43,20,0.44,52,30.9,74.4,0.7,343,0
2026-03-10 22:30:36,Jakarta Selatan,62,83,12,0.63,22,28.4,79.0,1.6,9,0
2026-03-10 22:00:36,Jakarta Pusat,47,79,27,0.89,47,27.1,88.6,2.2,84,0
2026-03-10 21:30:36,Jakarta Utara,22,32,19,0.37,42,30.3,88.0,2.7,258,0
2026-03-10 21:00:36,Jakarta Utara,36,62,4,0.1,61,28.3,51.9,1.3,244,0
2026-03-10 20:30:36,Jakarta Selatan,42,52,23,0.19,35,28.7,63.0,1.8,247,0
2026-03-10 20:00:36,Jakarta Selatan,19,34,21,0.54,58,30.5,64.9,1.6,301,0
2026-03-10 19:30:36,Jakarta Selatan,14,19,24,0.23,52,30.4,85.0,2.2,38,0
2026-03-10 19:00:36,Jakarta Barat,39,66,20,0.99,42,27.8,75.1,3.2,162,0
2026-03-10 18:30:36,Jakarta Selatan,40,70,27,0.66,43,24.5,64.0,7.3,251,0
2026-03-10 18:00:36,Jakarta Timur,62,107,27,1.0,18,28.5,84.8,2.3,269,0
2026-03-10 17:30:36,Jakarta Utara,26,41,14,0.95,44,32.0,69.0,1.7,339,0
2026-03-10 17:00:36,Jakarta Selatan,31,55,6,0.28,38,29.9,70.0,3.4,126,0
2026-03-10 16:30:36,Jakarta Selatan,46,69,25,1.02,51,30.1,71.0,4.5,77,0
2026-03-10 16:00:36,Jakarta Utara,65,82,20,0.66,42,26.4,75.8,2.1,265,0
2026-03-10 15:30:36,Jakarta Barat,37,57,16,0.59,34,26.7,82.0,0.8,183,0
2026-03-10 15:00:36,Jakarta Pusat,38,61,21,1.36,48,28.5,80.9,4.8,354,0
2026-03-10 14:30:36,Jakarta Pusat,39,60,17,0.74,41,34.5,71.0,6.9,59,0
2026-03-10 14:00:36,Jakarta Barat,20,26,5,0.94,38,26.8,74.2,1.8,267,0
2026-03-10 13:30:36,Jakarta Selatan,48,69,11,0.58,63,29.1,72.0,4.2,42,0
2026-03-10 13:00:36,Jakarta Barat,31,53,15,0.63,36,35.1,74.6,2.6,236,0
2026-03-10 12:30:36,Jakarta Pusat,37,44,12,0.84,27,24.5,72.0,4.2,138,0
2026-03-10 12:00:36,Jakarta Utara,227,315,33,4.43,50,31.2,79.3,14.4,6,1
2026-03-10 11:30:36,Jakarta Timur,41,61,15,0.56,34,25.4,64.0,5.2,30,0
2026-03-10 11:00:36,Jakarta Timur,57,96,12,0.73,34,24.9,80.8,5.1,18,0
2026-03-10 10:30:36,Jakarta Selatan,59,98,20,0.42,50,28.9,83.0,1.1,35,0
2026-03-10 10:00:36,Jakarta Barat,42,60,29,0.48,51,23.9,78.9,2.6,242,0
2026-03-10 09:30:36,Jakarta Pusat,15,26,21,0.75,65,32.1,64.0,4.1,207,0
2026-03-10 09:00:36,Jakarta Utara,22,36,17,0.73,41,30.0,66.7,2.4,136,0
2026-03-10 08:30:36,Jakarta Barat,178,239,21,4.39,32,28.7,89.0,1.1,51,1
2026-03-10 08:00:36,Jakarta Timur,39,66,15,0.73,45,29.7,76.5,0.9,298,0
2026-03-10 07:30:36,Jakarta Pusat,38,62,2,0.56,37,28.4,71.0,0.5,177,0
2026-03-10 07:00:36,Jakarta Barat,193,249,19,4.74,47,31.4,92.4,3.5,128,1
2026-03-10 06:30:36,Jakarta Timur,20,34,24,0.33,50,28.2,63.0,1.6,62,0
2026-03-10 06:00:36,Jakarta Utara,25,41,16,0.1,24,31.6,77.2,0.9,152,0
2026-03-10 05:30:36,Jakarta Timur,42,50,17,0.1,54,32.7,83.0,0.4,327,0
2026-03-10 05:00:36,Jakarta Pusat,37,54,20,0.92,53,33.2,67.6,2.0,3,0
2026-03-10 04:30:36,Jakarta Timur,74,89,32,1.2,13,36.5,71.0,8.5,315,0
2026-03-10 04:00:36,Jakarta Utara,32,49,11,0.48,57,32.5,83.6,1.1,251,0
2026-03-10 03:30:36,Jakarta Timur,59,80,17,0.24,43,33.3,75.0,1.1,301,0
2026-03-10 03:00:36,Jakarta Selatan,48,69,26,1.06,71,33.3,68.6,3.4,129,0
2026-03-10 02:30:36,Jakarta Utara,78,121,21,1.2,41,32.1,82.0,4.5,278,0
2026-03-10 02:00:36,Jakarta Timur,9,13,11,0.37,44,24.7,62.2,0.2,152,0
2026-03-10 01:30:36,Jakarta Timur,74,106,27,0.81,37,33.9,77.0,3.2,280,0
2026-03-10 01:00:36,Jakarta Timur,56,76,23,0.39,39,31.0,72.9,2.6,19,0
2026-03-10 00:30:36,Jakarta Utara,70,102,26,0.66,53,30.6,70.0,2.7,12,0
2026-03-10 00:00:36,Jakarta Utara,0,0,0,0.0,0,25.6,76.7,0.4,338,1
2026-03-09 23:30:36,Jakarta Barat,47,82,21,1.35,31,28.6,65.0,7.0,233,0
2026-03-09 23:00:36,Jakarta Barat,11,17,20,0.8,48,29.2,61.6,0.7,347,0
2026-03-09 22:30:36,Jakarta Utara,28,47,25,0.94,48,24.5,79.0,3.5,168,0
2026-03-09 22:00:36,Jakarta Barat,35,44,26,0.99,50,33.9,68.6,1.1,32,0
2026-03-09 21:30:36,Jakarta Timur,32,53,24,1.58,48,25.6,79.0,8.4,315,0
2026-03-09 21:00:36,Jakarta Utara,36,52,10,0.46,56,33.2,72.8,0.7,37,0
2026-03-09 20:30:36,Jakarta Utara,55,91,23,1.19,36,31.4,60.0,10.3,147,0
2026-03-09 20:00:36,Jakarta Barat,181,238,17,4.53,36,25.7,64.2,1.1,115,1
2026-03-09 19:30:36,Jakarta Timur,57,77,27,1.07,75,33.0,85.0,1.4,347,0
2026-03-09 19:00:36,Jakarta Timur,48,80,2,0.31,53,31.2,70.3,0.1,222,0
2026-03-09 18:30:36,Jakarta Timur,21,36,13,0.61,54,26.8,74.0,1.0,20,0
2026-03-09 18:00:36,Jakarta Selatan,172,242,6,3.98,45,35.8,88.0,1.0,59,1
2026-03-09 17:30:36,Jakarta Timur,39,61,3,0.37,30,25.0,68.0,0.3,61,0
2026-03-09 17:00:36,Jakarta Selatan,76,135,22,0.73,7,28.1,84.0,5.2,299,0
2026-03-09 16:30:36,Jakarta Selatan,57,87,17,1.15,33,34.8,68.0,1.4,93,0
2026-03-09 16:00:36,Jakarta Barat,0,0,0,0.0,0,28.2,70.0,0.7,349,1
2026-03-09 15:30:36,Jakarta Utara,45,58,20,0.45,21,27.7,74.0,0.1,310,0
2026-03-09 15:00:36,Jakarta Pusat,27,45,20,0.58,47,32.1,72.2,2.2,204,0
2026-03-09 14:30:36,Jakarta Barat,40,56,22,0.78,53,29.7,79.0,0.1,227,0
2026-03-09 14:00:36,Jakarta Selatan,44,62,29,0.67,30,32.0,73.0,5.8,284,0
2026-03-09 13:30:36,Jakarta Barat,33,42,8,0.61,52,29.3,71.0,0.3,232,0
2026-03-09 13:00:36,Jakarta Selatan,29,44,24,0.64,42,25.8,84.0,1.0,201,0
2026-03-09 12:30:36,Jakarta Barat,37,57,28,0.77,36,27.8,95.0,2.1,347,0
2026-03-09 12:00:36,Jakarta Selatan,47,69,16,0.61,40,29.1,80.3,5.8,238,0
2026-03-09 11:30:36,Jakarta Barat,20,34,19,0.82,52,28.9,53.0,3.8,235,0
2026-03-09 11:00:36,Jakarta Barat,71,122,2,0.85,45,35.9,84.1,0.4,321,0
2026-03-09 10:30:36,Jakarta Pusat,38,52,9,0.76,57,27.0,74.0,2.2,206,0
2026-03-09 10:00:36,Jakarta Utara,30,45,13,0.8,29,24.8,71.0,2.3,137,0
2026-03-09 09:30:36,Jakarta Timur,7,12,2,0.36,52,27.8,70.0,0.5,238,0
2026-03-09 09:00:36,Jakarta Pusat,56,72,28,0.93,37,29.7,80.9,5.9,270,0
2026-03-09 08:30:36,Jakarta Utara,71,126,12,0.56,57,33.3,71.0,0.6,229,0
2026-03-09 08:00:36,Jakarta Timur,38,61,31,0.59,45,31.2,60.0,1.8,203,0
2026-03-09 07:30:36,Jakarta Utara,37,46,29,0.61,48,28.8,95.0,2.7,250,0
2026-03-09 07:00:36,Jakarta Pusat,33,56,14,0.8,40,30.3,80.9,1.9,319,0
2026-03-09 06:30:36,Jakarta Pusat,42,62,2,0.68,34,25.4,74.0,0.8,352,0
2026-03-09 06:00:36,Jakarta Pusat,14,19,26,0.66,43,32.7,75.2,1.3,314,0
2026-03-09 05:30:36,Jakarta Pusat,55,76,7,0.65,61,32.3,83.0,1.9,61,0
2026-03-09 05:00:36,Jakarta Barat,69,89,26,1.06,51,26.8,83.5,9.9,145,0
2026-03-09 04:30:36,Jakarta Pusat,20,34,8,0.73,52,27.2,60.0,3.0,270,0
2026-03-09 04:00:36,Jakarta Pusat,46,66,18,0.86,74,30.4,67.8,0.5,306,0
2026-03-09 03:30:36,Jakarta Barat,44,72,19,0.58,32,26.7,85.0,1.0,214,0
2026-03-09 03:00:36,Jakarta Barat,31,55,11,0.95,34,27.8,79.3,2.4,312,0
2026-03-09 02:30:36,Jakarta Timur,27,44,13,1.23,30,35.3,59.0,3.6,25,0
2026-03-09 02:00:36,Jakarta Timur,39,48,17,0.48,44,29.0,69.0,1.6,106,0
2026-03-09 01:30:36,Jakarta Timur,33,55,14,1.12,41,36.1,74.0,0.7,208,0
2026-03-09 01:00:36,Jakarta Timur,19,32,15,1.25,44,30.0,65.4,1.2,2,0
2026-03-09 00:30:36,Jakarta Barat,68,100,41,0.74,62,33.3,91.0,2.6,56,0
2026-03-09 00:00:36,Jakarta Selatan,34,55,14,1.26,42,33.4,68.7,1.4,188,0
2026-03-08 23:30:36,Jakarta Pusat,48,76,19,0.99,55,32.8,90.0,0.0,17,0
2026-03-08 23:00:36,Jakarta Timur,39,63,16,0.53,57,27.3,73.4,0.3,166,0
2026-03-08 22:30:36,Jakarta Selatan,37,53,20,0.96,42,33.3,82.0,2.6,140,0
2026-03-08 22:00:36,Jakarta Pusat,29,47,11,0.21,21,29.6,54.8,3.6,315,0
2026-03-08 21:30:36,Jakarta Timur,44,68,19,0.61,49,27.4,72.0,3.7,94,0
2026-03-08 21:00:36,Jakarta Barat,5,10,4,0.3,39,32.5,73.3,0.2,109,0
2026-03-08 20:30:36,Jakarta Pusat,31,40,16,0.64,42,27.9,86.0,4.3,347,0
2026-03-08 20:00:36,Jakarta Barat,41,51,31,0.93,60,28.7,71.9,8.1,25,0
2026-03-08 19:30:36,Jakarta Selatan,81,109,33,1.06,38,37.5,80.0,4.2,259,0
2026-03-08 19:00:36,Jakarta Selatan,32,43,34,0.62,63,32.6,65.4,3.1,325,0
2026-03-08 18:30:36,Jakarta Timur,23,37,29,0.82,38,26.0,62.0,6.1,143,0
2026-03-08 18:00:36,Jakarta Pusat,48,84,12,0.49,40,32.4,54.6,2.8,69,0
2026-03-08 17:30:36,Jakarta Timur,76,95,21,0.97,46,31.9,85.0,6.5,57,0
2026-03-08 17:00:36,Jakarta Timur,52,67,16,0.23,58,31.0,71.1,0.5,350,0
2026-03-08 16:30:36,Jakarta Pusat,46,63,29,0.94,46,27.0,72.0,2.1,339,0
2026-03-08 16:00:36,Jakarta Selatan,32,38,17,0.54,43,28.0,82.9,3.2,269,0
2026-03-08 15:30:36,Jakarta Pusat,26,39,21,0.79,41,31.5,62.0,4.5,61,0
2026-03-08 15:00:36,Jakarta Timur,35,58,14,0.77,61,28.8,77.9,1.5,214,0
2026-03-08 14:30:36,Jakarta Timur,65,107,10,0.96,47,31.3,61.0,8.8,17,0
2026-03-08 14:00:36,Jakarta Barat,56,97,17,0.87,45,33.0,85.0,0.9,109,0
2026-03-08 13:30:36,Jakarta Barat,31,51,15,0.83,51,28.7,53.0,2.5,256,0
2026-03-08 13:00:36,Jakarta Timur,54,93,19,0.39,58,31.9,80.6,0.9,131,0
2026-03-08 12:30:36,Jakarta Pusat,40,63,2,0.92,44,26.1,84.0,0.2,28,0
2026-03-08 12:00:36,Jakarta Utara,46,76,17,0.44,47,32.2,84.7,5.8,50,0
2026-03-08 11:30:36,Jakarta Timur,23,30,21,0.47,29,26.7,75.0,2.1,103,0
2026-03-08 11:00:36,Jakarta Selatan,52,90,22,0.54,25,30.2,84.4,2.3,306,0
2026-03-08 10:30:36,Jakarta Selatan,34,42,9,0.9,45,27.6,82.0,3.1,119,0
2026-03-08 10:00:36,Jakarta Barat,26,43,9,1.24,34,29.2,91.0,1.0,216,0
2026-03-08 09:30:36,Jakarta Utara,28,37,5,0.11,27,25.0,79.0,1.4,273,0
2026-03-08 09:00:36,Jakarta Utara,53,72,38,0.79,46,26.2,75.0,5.1,67,0
2026-03-08 08:30:36,Jakarta Utara,5,10,13,0.6,33,22.3,59.0,4.8,69,0
2026-03-08 08:00:36,Jakarta Selatan,37,65,13,0.84,51,32.1,78.3,0.2,19,0
2026-03-08 07:30:36,Jakarta Pusat,43,65,22,0.78,41,31.3,61.0,3.4,33,0
2026-03-08 07:00:36,Jakarta Pusat,47,79,33,0.95,38,25.6,81.3,3.8,128,0
2026-03-08 06:30:36,Jakarta Timur,55,75,30,0.76,56,39.5,68.0,0.4,350,0
2026-03-08 06:00:36,Jakarta Selatan,58,74,36,0.84,58,34.6,70.2,9.2,18,0
2026-03-08 05:30:36,Jakarta Barat,49,65,14,0.99,42,35.5,89.0,5.2,274,0
2026-03-08 05:00:36,Jakarta Utara,30,38,8,0.89,60,31.4,48.4,3.0,280,0
2026-03-08 04:30:36,Jakarta Selatan,73,112,26,0.67,52,34.2,76.0,4.8,142,0
2026-03-08 04:00:36,Jakarta Timur,39,52,18,0.77,57,31.7,71.4,0.5,327,0
2026-03-08 03:30:36,Jakarta Timur,35,58,29,1.29,55,29.2,71.0,5.2,203,0
2026-03-08 03:00:36,Jakarta Selatan,26,46,31,1.05,49,29.1,73.1,1.6,146,0
2026-03-08 02:30:36,Jakarta Utara,27,44,20,0.99,62,33.0,65.0,0.6,23,0
2026-03-08 02:00:36,Jakarta Selatan,38,56,32,0.77,52,28.1,59.4,6.3,246,0
2026-03-08 01:30:36,Jakarta Pusat,75,95,45,1.09,46,25.6,80.0,17.0,101,0
2026-03-08 01:00:36,Jakarta Barat,45,66,17,0.6,52,25.6,68.5,0.2,342,0
2026-03-08 00:30:36,Jakarta Pusat,42,68,35,0.41,38,27.4,74.0,2.5,35,0
2026-03-08 00:00:36,Jakarta Utara,63,77,23,0.34,45,22.9,83.6,0.1,7,0
2026-03-07 23:30:36,Jakarta Pusat,59,101,8,0.45,49,29.2,78.0,6.6,22,0
2026-03-07 23:00:36,Jakarta Pusat,39,55,23,0.99,43,29.8,71.6,1.2,223,0
2026-03-07 22:30:36,Jakarta Selatan,86,105,5,0.78,52,34.1,80.0,2.5,332,0
2026-03-07 22:00:36,Jakarta Barat,71,88,2,0.7,26,27.2,86.0,1.9,233,0
2026-03-07 21:30:36,Jakarta Utara,21,36,13,0.68,47,30.3,65.0,3.6,72,0
2026-03-07 21:00:36,Jakarta Selatan,48,75,7,1.16,53,29.7,85.6,2.5,88,0
2026-03-07 20:30:36,Jakarta Timur,36,57,27,0.1,26,26.6,75.0,3.7,325,0
2026-03-07 20:00:36,Jakarta Selatan,13,18,25,1.12,57,31.5,67.2,2.0,305,0
2026-03-07 19:30:36,Jakarta Barat,31,39,24,0.97,54,34.3,84.0,3.8,274,0
2026-03-07 19:00:36,Jakarta Selatan,73,130,23,0.91,64,28.6,98.9,1.3,189,0
2026-03-07 18:30:36,Jakarta Pusat,34,56,11,0.45,43,27.8,100.0,0.9,276,0
2026-03-07 18:00:36,Jakarta Utara,47,84,19,0.97,60,32.6,78.4,2.4,177,0
2026-03-07 17:30:36,Jakarta Selatan,65,104,22,0.7,30,36.0,80.0,6.3,266,0
2026-03-07 17:00:36,Jakarta Pusat,59,88,12,0.89,44,32.4,70.8,0.0,257,0
2026-03-07 16:30:36,Jakarta Selatan,21,27,26,0.52,53,31.2,75.0,0.6,75,0
2026-03-07 16:00:36,Jakarta Pusat,38,68,29,1.14,38,30.0,74.8,3.9,258,0
2026-03-07 15:30:36,Jakarta Utara,24,29,4,0.75,42,26.8,69.0,0.3,131,0
2026-03-07 15:00:36,Jakarta Barat,5,10,28,0.21,55,27.6,82.0,1.1,45,0
2026-03-07 14:30:36,Jakarta Timur,24,41,11,1.13,31,26.8,63.0,1.3,323,0
2026-03-07 14:00:36,Jakarta Selatan,25,35,2,0.37,47,22.8,73.9,1.1,282,0
2026-03-07 13:30:36,Jakarta Utara,31,49,6,0.91,18,28.9,61.0,1.7,268,0
2026-03-07 13:00:36,Jakarta Barat,26,44,7,0.19,44,30.9,72.7,2.0,161,0
2026-03-07 12:30:36,Jakarta Pusat,32,45,22,0.36,47,34.2,70.0,3.0,239,0
2026-03-07 12:00:36,Jakarta Selatan,50,85,6,0.78,37,27.8,79.3,0.5,315,0
2026-03-07 11:30:36,Jakarta Utara,30,41,4,0.51,38,28.5,80.0,0.6,252,0
2026-03-07 11:00:36,Jakarta Barat,66,100,26,1.05,53,31.8,78.2,1.1,148,0
2026-03-07 10:30:36,Jakarta Pusat,37,51,10,0.71,59,33.2,76.0,1.5,135,0
2026-03-07 10:00:36,Jakarta Timur,65,114,31,0.83,14,32.0,65.4,2.2,250,0
2026-03-07 09:30:36,Jakarta Selatan,13,22,15,0.37,44,21.1,73.0,1.2,4,0
2026-03-07 09:00:36,Jakarta Timur,5,10,3,0.75,57,28.1,59.9,0.8,228,0
2026-03-07 08:30:36,Jakarta Barat,35,52,15,0.61,54,29.2,86.0,2.2,17,0
2026-03-07 08:00:36,Jakarta Selatan,0,0,0,0.0,0,36.2,75.5,4.1,268,1
2026-03-07 07:30:36,Jakarta Barat,39,56,18,0.82,43,31.8,67.0,1.2,260,0
2026-03-07 07:00:36,Jakarta Timur,49,85,19,1.32,40,31.8,75.5,7.4,323,0
2026-03-07 06:30:36,Jakarta Timur,60,76,26,0.94,36,29.8,71.0,4.9,176,0
2026-03-07 06:00:36,Jakarta Pusat,32,46,14,0.54,35,29.0,81.5,0.9,227,0
2026-03-07 05:30:36,Jakarta Pusat,64,99,19,1.31,60,31.2,80.0,9.5,25,0
2026-03-07 05:00:36,Jakarta Pusat,0,0,0,0.0,0,27.8,77.3,2.2,80,1
2026-03-07 04:30:36,Jakarta Utara,0,0,0,0.0,0,32.5,83.0,6.4,302,1
2026-03-07 04:00:36,Jakarta Timur,24,42,11,0.23,25,31.1,49.4,1.5,355,0
2026-03-07 03:30:36,Jakarta Barat,30,50,15,0.1,33,30.7,74.0,0.8,293,0
2026-03-07 03:00:36,Jakarta Selatan,37,59,22,0.6,48,34.7,68.3,2.6,234,0
2026-03-07 02:30:36,Jakarta Timur,23,36,4,0.66,20,26.5,65.0,2.7,210,0
2026-03-07 02:00:36,Jakarta Barat,42,58,23,0.41,46,29.7,74.2,5.0,41,0
2026-03-07 01:30:36,Jakarta Timur,56,75,16,1.04,37,31.2,73.0,5.7,267,0
2026-03-07 01:00:36,Jakarta Pusat,35,52,27,0.44,50,32.3,80.3,2.9,204,0
2026-03-07 00:30:36,Jakarta Selatan,45,56,23,0.58,34,34.7,71.0,2.7,143,0
2026-03-07 00:00:36,Jakarta Utara,30,52,20,0.52,20,26.9,75.8,1.9,207,0
2026-03-06 23:30:36,Jakarta Pusat,25,39,12,0.56,50,26.6,68.0,0.8,103,0
2026-03-06 23:00:36,Jakarta Utara,34,53,13,0.63,33,29.1,71.8,1.1,9,0
2026-03-06 22:30:36,Jakarta Selatan,41,70,25,0.37,39,30.3,59.0,1.8,120,0
2026-03-06 22:00:36,Jakarta Pusat,16,19,15,0.46,48,27.3,65.2,3.3,209,0
2026-03-06 21:30:36,Jakarta Timur,46,72,16,0.66,43,30.2,68.0,0.8,1,0
2026-03-06 21:00:36,Jakarta Pusat,38,64,38,0.72,56,29.0,86.9,5.4,84,0
2026-03-06 20:30:36,Jakarta Barat,32,44,12,1.04,39,29.4,79.0,3.0,239,0
2026-03-06 20:00:36,Jakarta Timur,29,42,20,0.66,34,30.1,83.7,4.5,250,0
2026-03-06 19:30:36,Jakarta Pusat,72,110,21,0.79,55,34.4,75.0,5.2,220,0
2026-03-06 19:00:36,Jakarta Barat,50,63,11,1.13,47,28.7,86.0,0.2,116,0
2026-03-06 18:30:36,Jakarta Pusat,47,70,19,0.73,54,33.5,87.0,0.5,98,0
2026-03-06 18:00:36,Jakarta Timur,78,121,27,0.77,50,34.2,82.5,11.0,136,0
2026-03-06 17:30:36,Jakarta Utara,21,33,15,0.52,51,24.1,80.0,3.7,331,0
2026-03-06 17:00:36,Jakarta Utara,18,24,14,1.11,53,27.5,80.3,1.4,191,0
2026-03-06 16:30:36,Jakarta Pusat,72,98,27,0.99,38,32.4,67.0,10.3,303,0
2026-03-06 16:00:36,Jakarta Utara,61,78,15,0.84,33,32.2,93.4,0.6,73,0
2026-03-06 15:30:36,Jakarta Selatan,29,40,16,0.96,47,29.9,65.0,3.3,222,0
2026-03-06 15:00:36,Jakarta Barat,31,37,21,0.85,57,29.8,61.8,0.5,125,0
2026-03-06 14:30:36,Jakarta Selatan,72,122,31,1.31,48,31.7,67.0,14.8,216,0
2026-03-06 14:00:36,Jakarta Selatan,27,37,27,0.83,30,29.7,66.2,1.4,129,0
2026-03-06 13:30:36,Jakarta Selatan,28,37,17,0.95,54,30.3,78.0,2.2,304,0
2026-03-06 13:00:36,Jakarta Selatan,23,31,22,0.95,30,27.6,58.5,1.8,266,0
2026-03-06 12:30:36,Jakarta Pusat,54,79,2,1.26,36,31.0,72.0,3.8,50,0
2026-03-06 12:00:36,Jakarta Pusat,60,72,14,0.43,18,28.9,87.9,0.3,131,0
2026-03-06 11:30:36,Jakarta Pusat,44,78,29,0.21,42,29.3,72.0,0.4,187,0
2026-03-06 11:00:36,Jakarta Utara,153,199,25,4.4399999999999995,30,28.6,79.0,1.1,156,1
2026-03-06 10:30:36,Jakarta Barat,22,29,11,0.72,30,27.8,75.0,2.0,185,0
2026-03-06 10:00:36,Jakarta Barat,24,33,15,0.3,35,27.9,84.6,1.0,57,0
2026-03-06 09:30:36,Jakarta Barat,41,73,22,0.3,43,34.4,75.0,1.2,177,0
2026-03-06 09:00:36,Jakarta Utara,31,45,15,0.47,45,32.5,49.7,1.4,13,0
2026-03-06 08:30:36,Jakarta Selatan,50,73,31,0.89,34,30.6,76.0,2.1,63,0
2026-03-06 08:00:36,Jakarta Timur,11,15,21,0.45,45,34.5,73.7,0.2,160,0
2026-03-06 07:30:36,Jakarta Utara,34,44,13,0.86,59,30.8,90.0,1.4,131,0
2026-03-06 07:00:36,Jakarta Timur,26,43,10,0.67,48,25.6,76.7,1.1,71,0
2026-03-06 06:30:36,Jakarta Pusat,32,52,28,0.49,44,31.5,70.0,1.7,346,0
2026-03-06 06:00:36,Jakarta Barat,47,75,15,0.1,32,26.2,69.8,4.3,231,0
2026-03-06 05:30:36,Jakarta Pusat,48,58,23,0.63,36,33.2,73.0,1.2,302,0
2026-03-06 05:00:36,Jakarta Barat,13,22,25,0.24,59,30.9,66.1,3.4,314,0
2026-03-06 04:30:36,Jakarta Barat,27,41,17,0.59,42,29.0,83.0,2.8,169,0
2026-03-06 04:00:36,Jakarta Selatan,31,43,19,0.96,33,30.0,78.2,0.0,101,0
2026-03-06 03:30:36,Jakarta Barat,58,95,17,1.04,45,29.6,59.0,1.5,22,0
2026-03-06 03:00:36,Jakarta Utara,38,66,30,0.37,39,24.4,71.0,0.3,241,0
2026-03-06 02:30:36,Jakarta Selatan,22,35,12,0.96,25,30.0,77.0,0.6,77,0
2026-03-06 02:00:36,Jakarta Timur,31,50,11,1.42,36,28.4,64.9,2.6,188,0
2026-03-06 01:30:36,Jakarta Pusat,71,91,9,1.28,22,29.0,85.0,1.0,281,0
2026-03-06 01:00:36,Jakarta Barat,36,61,13,0.11,55,29.7,55.1,3.1,245,0
2026-03-06 00:30:36,Jakarta Timur,29,35,23,1.11,41,30.2,81.0,0.6,75,0
2026-03-06 00:00:36,Jakarta Selatan,20,28,21,1.53,37,32.0,67.0,2.8,232,0
2026-03-05 23:30:36,Jakarta Selatan,42,65,7,0.68,37,34.1,88.0,1.3,148,0
2026-03-05 23:00:36,Jakarta Selatan,31,42,22,0.81,37,28.4,85.2,1.5,351,0
2026-03-05 22:30:36,Jakarta Selatan,5,10,5,0.71,54,28.5,80.0,0.1,22,0
2026-03-05 22:00:36,Jakarta Barat,19,31,26,1.08,47,29.9,73.7,3.0,255,0
2026-03-05 21:30:36,Jakarta Barat,23,28,6,0.85,57,25.8,86.0,2.9,280,0
2026-03-05 21:00:36,Jakarta Timur,34,54,7,0.74,52,32.9,80.4,0.8,71,0
2026-03-05 20:30:36,Jakarta Selatan,27,48,26,0.5,50,33.9,67.0,0.4,239,0
2026-03-05 20:00:36,Jakarta Selatan,53,64,25,0.98,29,28.7,80.7,0.7,179,0
2026-03-05 19:30:36,Jakarta Selatan,8,11,36,1.12,61,30.2,58.0,2.6,48,0
2026-03-05 19:00:36,Jakarta Barat,53,91,14,1.05,33,38.2,70.0,2.1,88,0
2026-03-05 18:30:36,Jakarta Barat,22,35,20,0.52,39,26.1,72.0,3.7,242,0
2026-03-05 18:00:36,Jakarta Utara,18,30,11,0.81,28,23.3,85.7,2.6,225,0
2026-03-05 17:30:36,Jakarta Selatan,47,74,16,0.59,67,27.0,85.0,0.1,199,0
2026-03-05 17:00:36,Jakarta Barat,67,87,34,1.46,38,30.4,100.0,2.6,67,0
2026-03-05 16:30:36,Jakarta Utara,28,50,22,0.58,31,27.1,78.0,1.3,257,0
2026-03-05 16:00:36,Jakarta Timur,65,80,13,0.91,62,32.1,74.9,5.4,353,0
2026-03-05 15:30:36,Jakarta Selatan,49,83,22,1.72,49,32.5,84.0,2.2,169,0
2026-03-05 15:00:36,Jakarta Utara,12,20,2,0.55,46,23.9,67.6,0.7,152,0
2026-03-05 14:30:36,Jakarta Utara,51,86,10,0.59,59,26.7,88.0,2.0,188,0
2026-03-05 14:00:36,Jakarta Timur,27,37,10,0.67,50,28.2,71.3,5.6,268,0
2026-03-05 13:30:36,Jakarta Barat,32,53,26,0.11,52,28.2,73.0,3.6,7,0
2026-03-05 13:00:36,Jakarta Timur,29,48,5,0.71,55,29.5,71.6,0.4,52,0
2026-03-05 12:30:36,Jakarta Timur,25,40,13,0.67,28,29.3,62.0,0.2,161,0
2026-03-05 12:00:36,Jakarta Pusat,76,119,35,0.74,57,34.3,62.4,10.2,99,0
2026-03-05 11:30:36,Jakarta Timur,63,103,20,0.75,49,35.1,70.0,4.0,190,0
2026-03-05 11:00:36,Jakarta Timur,38,56,12,1.01,19,36.4,81.5,1.0,25,0
2026-03-05 10:30:36,Jakarta Barat,8,13,8,1.01,44,28.9,53.0,1.0,207,0
2026-03-05 10:00:36,Jakarta Timur,55,72,16,0.71,36,28.4,69.9,0.5,183,0
2026-03-05 09:30:36,Jakarta Barat,62,108,11,1.16,59,31.7,89.0,4.4,180,0
2026-03-05 09:00:36,Jakarta Utara,53,87,24,1.62,46,31.2,91.5,3.9,126,0
2026-03-05 08:30:36,Jakarta Timur,18,25,20,0.65,52,32.4,73.0,0.5,171,0
2026-03-05 08:00:36,Jakarta Pusat,52,77,29,0.73,44,26.5,70.4,1.7,48,0
2026-03-05 07:30:36,Jakarta Timur,5,10,11,0.44,23,27.5,69.0,0.9,76,0
2026-03-05 07:00:36,Jakarta Timur,34,45,14,0.95,52,26.5,62.7,4.7,352,0
2026-03-05 06:30:36,Jakarta Utara,16,20,16,0.81,62,30.9,64.0,3.9,328,0
2026-03-05 06:00:36,Jakarta Pusat,44,56,31,1.69,55,30.8,76.9,6.7,284,0
2026-03-05 05:30:36,Jakarta Selatan,28,36,8,0.79,48,31.0,65.0,0.1,161,0
2026-03-05 05:00:36,Jakarta Utara,30,44,12,1.16,32,29.4,63.7,2.5,193,0
2026-03-05 04:30:36,Jakarta Selatan,33,52,22,0.88,57,31.5,69.0,0.8,61,0
2026-03-05 04:00:36,Jakarta Utara,69,113,18,0.8,50,31.7,92.1,1.0,52,0
2026-03-05 03:30:36,Jakarta Timur,52,74,26,0.74,62,32.5,88.0,3.7,359,0
2026-03-05 03:00:36,Jakarta Selatan,28,34,12,1.16,33,34.0,54.4,4.6,171,0
2026-03-05 02:30:36,Jakarta Pusat,37,52,31,0.82,54,34.3,82.0,0.0,122,0
2026-03-05 02:00:36,Jakarta Selatan,24,41,22,0.96,54,27.7,60.1,1.9,261,0
2026-03-05 01:30:36,Jakarta Utara,5,10,6,0.9,34,26.4,71.0,0.5,171,0
2026-03-05 01:00:36,Jakarta Pusat,20,35,21,0.8,30,28.6,77.3,1.4,153,0
2026-03-05 00:30:36,Jakarta Barat,7,10,33,0.89,42,32.0,80.0,1.0,137,0
2026-03-05 00:00:36,Jakarta Selatan,5,10,13,0.2,34,29.7,74.7,0.2,64,0
2026-03-04 23:30:36,Jakarta Selatan,37,64,15,0.73,47,26.2,87.0,6.8,40,0
2026-03-04 23:00:36,Jakarta Utara,48,67,6,0.29,29,27.0,74.1,1.0,134,0
2026-03-04 22:30:36,Jakarta Utara,8,10,6,0.55,32,28.2,69.0,2.4,37,0
2026-03-04 22:00:36,Jakarta Timur,43,73,20,1.38,45,33.0,69.3,1.3,232,0
2026-03-04 21:30:36,Jakarta Pusat,17,30,11,0.19,41,28.5,56.0,0.5,272,0
2026-03-04 21:00:36,Jakarta Utara,27,33,27,0.57,56,31.7,84.5,1.7,318,0
2026-03-04 20:30:36,Jakarta Barat,36,44,21,1.04,52,34.1,84.0,1.1,337,0
2026-03-04 20:00:36,Jakarta Utara,37,61,17,0.71,57,28.6,94.8,1.2,51,0
2026-03-04 19:30:36,Jakarta Timur,59,80,30,0.95,36,32.3,76.0,8.3,168,0
2026-03-04 19:00:36,Jakarta Timur,12,18,7,0.24,25,31.8,68.2,0.1,143,0
2026-03-04 18:30:36,Jakarta Selatan,57,77,2,0.73,40,32.4,70.0,2.3,30,0
2026-03-04 18:00:36,Jakarta Utara,51,76,13,0.54,60,29.5,78.0,0.7,266,0
2026-03-04 17:30:36,Jakarta Barat,43,60,26,1.08,32,25.4,91.0,10.2,3,0
2026-03-04 17:00:36,Jakarta Timur,77,98,26,1.34,29,31.1,75.3,11.9,244,0
2026-03-04 16:30:36,Jakarta Utara,58,91,25,0.66,65,31.6,76.0,2.9,294,0
2026-03-04 16:00:36,Jakarta Utara,5,10,12,0.31,45,24.6,69.0,1.9,180,0
2026-03-04 15:30:36,Jakarta Timur,32,39,21,0.48,77,29.1,82.0,0.5,114,0
2026-03-04 15:00:36,Jakarta Selatan,34,52,13,0.78,58,31.7,79.9,2.9,125,0
2026-03-04 14:30:36,Jakarta Pusat,58,93,31,1.18,49,31.4,78.0,5.6,55,0
2026-03-04 14:00:36,Jakarta Utara,35,60,13,0.45,23,29.6,79.8,0.7,243,0
2026-03-04 13:30:36,Jakarta Selatan,74,121,15,1.35,47,31.7,92.0,1.5,161,0
2026-03-04 13:00:36,Jakarta Selatan,62,108,10,0.89,23,34.3,69.2,2.0,71,0
2026-03-04 12:30:36,Jakarta Utara,45,68,15,0.84,38,30.4,91.0,6.2,300,0
2026-03-04 12:00:36,Jakarta Pusat,16,25,15,0.57,24,28.2,74.0,3.0,198,0
2026-03-04 11:30:36,Jakarta Utara,64,88,8,0.25,61,35.7,65.0,0.5,86,0
2026-03-04 11:00:36,Jakarta Selatan,81,119,16,1.59,76,34.9,99.9,6.4,349,0
2026-03-04 10:30:36,Jakarta Timur,69,94,15,0.97,58,36.3,88.0,0.1,26,0
2026-03-04 10:00:36,Jakarta Timur,27,47,2,0.57,38,27.1,79.2,0.7,135,0
2026-03-04 09:30:36,Jakarta Selatan,0,0,0,0.0,0,35.5,78.0,0.3,128,1
2026-03-04 09:00:36,Jakarta Barat,18,32,14,0.48,39,27.7,64.8,2.6,154,0
2026-03-04 08:30:36,Jakarta Timur,55,81,11,0.68,28,31.7,69.0,0.5,84,0
2026-03-04 08:00:36,Jakarta Pusat,48,69,20,0.1,62,26.9,74.6,4.6,294,0
2026-03-04 07:30:36,Jakarta Barat,8,12,24,0.61,46,27.0,90.0,0.8,64,0
2026-03-04 07:00:36,Jakarta Barat,47,62,26,1.11,55,33.2,82.6,3.7,349,0
2026-03-04 06:30:36,Jakarta Timur,46,59,14,0.49,32,29.4,93.0,0.9,205,0
2026-03-04 06:00:36,Jakarta Utara,6,10,13,0.72,49,24.6,69.1,0.4,126,0
2026-03-04 05:30:36,Jakarta Utara,162,214,22,4.4399999999999995,37,26.7,70.0,6.7,190,1
2026-03-04 05:00:36,Jakarta Timur,24,29,8,1.13,34,24.4,72.8,4.5,13,0
2026-03-04 04:30:36,Jakarta Utara,185,234,9,4.38,41,31.7,60.0,5.1,185,1
2026-03-04 04:00:36,Jakarta Selatan,151,197,16,4.25,19,29.6,56.4,2.0,276,1
2026-03-04 03:30:36,Jakarta Selatan,24,40,15,0.79,42,33.2,67.0,0.6,177,0
2026-03-04 03:00:36,Jakarta Pusat,5,10,7,0.57,45,25.3,84.9,0.3,141,0
2026-03-04 02:30:36,Jakarta Selatan,29,46,14,1.06,33,30.4,74.0,2.1,153,0
2026-03-04 02:00:36,Jakarta Pusat,14,17,14,0.28,62,31.1,64.1,0.8,331,0
2026-03-04 01:30:36,Jakarta Pusat,48,72,14,0.62,35,32.8,73.0,0.4,114,0
2026-03-04 01:00:36,Jakarta Timur,18,29,6,0.4,51,27.6,68.1,2.0,263,0
2026-03-04 00:30:36,Jakarta Pusat,29,35,10,0.88,65,33.1,60.0,0.6,105,0
2026-03-04 00:00:36,Jakarta Selatan,24,41,2,0.86,13,27.2,71.7,0.5,346,0
2026-03-03 23:30:36,Jakarta Utara,17,20,13,0.65,32,23.1,76.0,0.1,144,0
2026-03-03 23:00:36,Jakarta Selatan,47,65,16,0.75,21,34.5,79.9,3.4,142,0
2026-03-03 22:30:36,Jakarta Barat,43,65,29,0.44,49,33.5,71.0,0.6,76,0
2026-03-03 22:00:36,Jakarta Selatan,77,101,27,0.9,55,38.8,77.1,7.2,88,0
2026-03-03 21:30:36,Jakarta Barat,47,58,17,0.9,28,31.9,67.0,3.2,56,0
2026-03-03 21:00:36,Jakarta Timur,42,65,12,0.94,46,30.6,92.4,0.5,81,0
2026-03-03 20:30:36,Jakarta Timur,0,0,0,0.0,0,29.3,76.0,6.6,335,1
2026-03-03 20:00:36,Jakarta Selatan,38,48,2,0.97,67,35.4,63.2,0.0,133,0
2026-03-03 19:30:36,Jakarta Selatan,13,17,22,0.56,55,29.8,58.0,1.9,197,0
2026-03-03 19:00:36,Jakarta Pusat,20,34,25,0.29,43,28.5,59.8,2.7,100,0
2026-03-03 18:30:36,Jakarta Barat,49,87,7,0.83,32,34.0,71.0,3.8,89,0
2026-03-03 18:00:36,Jakarta Utara,40,64,11,0.73,16,27.9,81.3,3.5,275,0
2026-03-03 17:30:36,Jakarta Barat,34,60,24,0.64,32,28.3,90.0,5.3,33,0
2026-03-03 17:00:36,Jakarta Barat,43,59,20,0.64,54,30.7,87.7,1.0,226,0
2026-03-03 16:30:36,Jakarta Barat,0,0,0,0.0,0,30.0,77.0,0.6,82,1
2026-03-03 16:00:36,Jakarta Selatan,41,64,2,0.98,59,31.9,79.2,0.3,207,0
2026-03-03 15:30:36,Jakarta Utara,52,66,20,0.77,47,32.3,82.0,4.8,343,0
2026-03-03 15:00:36,Jakarta Pusat,41,58,27,1.14,60,29.9,78.8,6.4,252,0
2026-03-03 14:30:36,Jakarta Utara,83,129,21,1.26,57,32.8,61.0,9.8,356,0
2026-03-03 14:00:36,Jakarta Selatan,85,133,27,1.01,42,31.5,73.2,16.8,166,0
2026-03-03 13:30:36,Jakarta Utara,44,63,8,0.63,52,31.4,63.0,2.6,59,0
2026-03-03 13:00:36,Jakarta Pusat,57,100,35,0.98,52,32.5,87.2,0.9,228,0
2026-03-03 12:30:36,Jakarta Utara,42,70,33,1.17,59,33.5,71.0,6.5,155,0
2026-03-03 12:00:36,Jakarta Utara,93,117,47,0.77,46,37.6,79.2,8.1,234,0
2026-03-03 11:30:36,Jakarta Barat,0,0,0,0.0,0,32.7,79.0,4.2,106,1
2026-03-03 11:00:36,Jakarta Selatan,30,37,10,0.65,40,24.0,91.9,2.8,67,0
2026-03-03 10:30:36,Jakarta Utara,55,98,18,1.07,51,26.5,79.0,5.9,189,0
2026-03-03 10:00:36,Jakarta Timur,30,48,13,0.84,65,26.9,87.2,4.6,340,0
2026-03-03 09:30:36,Jakarta Timur,25,42,12,0.54,28,25.0,68.0,5.8,72,0
2026-03-03 09:00:36,Jakarta Pusat,58,75,13,1.29,14,31.0,63.9,2.7,232,0
2026-03-03 08:30:36,Jakarta Pusat,32,51,5,0.96,53,32.7,72.0,1.0,190,0
2026-03-03 08:00:36,Jakarta Utara,31,39,2,0.65,47,30.1,69.5,0.1,347,0
2026-03-03 07:30:36,Jakarta Selatan,50,74,16,1.21,49,24.6,78.0,6.3,6,0
2026-03-03 07:00:36,Jakarta Selatan,41,69,9,0.65,57,24.4,78.6,4.8,346,0
2026-03-03 06:30:36,Jakarta Timur,48,77,27,0.72,37,29.6,76.0,4.1,43,0
2026-03-03 06:00:36,Jakarta Selatan,26,39,11,0.64,18,31.4,71.6,0.2,65,0
2026-03-03 05:30:36,Jakarta Selatan,34,57,13,0.85,42,26.9,74.0,2.5,286,0
2026-03-03 05:00:36,Jakarta Utara,37,48,29,0.82,44,28.8,83.3,2.0,321,0
2026-03-03 04:30:36,Jakarta Selatan,40,60,8,0.54,19,33.2,67.0,0.9,316,0
2026-03-03 04:00:36,Jakarta Barat,53,87,19,0.61,28,30.5,67.8,5.0,233,0
2026-03-03 03:30:36,Jakarta Barat,70,122,5,0.71,41,26.5,87.0,4.4,305,0
2026-03-03 03:00:36,Jakarta Utara,57,90,30,0.22,29,26.9,80.1,6.6,159,0
2026-03-03 02:30:36,Jakarta Barat,59,102,12,0.87,44,32.5,87.0,0.2,330,0
2026-03-03 02:00:36,Jakarta Pusat,51,75,14,0.92,46,33.7,75.0,1.6,11,0
2026-03-03 01:30:36,Jakarta Barat,26,32,16,0.54,44,32.1,74.0,1.0,281,0
2026-03-03 01:00:36,Jakarta Barat,51,68,21,0.79,61,29.8,83.9,7.3,107,0
2026-03-03 00:30:36,Jakarta Pusat,179,226,8,4.21,56,29.1,83.0,3.3,115,1
2026-03-03 00:00:36,Jakarta Utara,125,160,18,4.1,53,27.7,77.7,2.0,162,1
2026-03-02 23:30:36,Jakarta Timur,34,42,23,0.32,43,35.2,51.0,1.4,297,0
2026-03-02 23:00:36,Jakarta Barat,73,118,13,0.93,57,32.6,75.9,2.9,36,0
2026-03-02 22:30:36,Jakarta Selatan,33,59,26,0.76,51,33.1,73.0,3.1,308,0
2026-03-02 22:00:36,Jakarta Barat,48,77,8,1.08,45,33.1,64.3,1.7,282,0
2026-03-02 21:30:36,Jakarta Utara,5,10,2,0.6,65,29.4,67.0,0.7,192,0
2026-03-02 21:00:36,Jakarta Selatan,61,79,13,0.68,59,32.1,78.8,0.2,229,0
2026-03-02 20:30:36,Jakarta Utara,45,57,11,0.75,49,34.4,82.0,1.0,348,0
2026-03-02 20:00:36,Jakarta Utara,87,138,28,0.59,55,32.0,93.7,9.9,4,0
2026-03-02 19:30:36,Jakarta Selatan,62,81,18,0.13,52,30.8,79.0,0.3,336,0
2026-03-02 19:00:36,Jakarta Timur,35,57,29,0.33,58,23.7,76.6,7.8,290,0
2026-03-02 18:30:36,Jakarta Selatan,28,43,22,0.67,45,31.6,78.0,2.9,136,0
2026-03-02 18:00:36,Jakarta Barat,15,23,18,0.82,50,31.9,69.5,3.5,29,0
2026-03-02 17:30:36,Jakarta Utara,32,52,4,1.01,27,29.8,70.0,1.8,177,0
2026-03-02 17:00:36,Jakarta Utara,58,88,22,0.33,59,32.9,81.0,1.8,156,0
2026-03-02 16:30:36,Jakarta Utara,45,60,33,0.69,53,30.8,79.0,1.0,187,0
2026-03-02 16:00:36,Jakarta Pusat,59,101,27,0.92,53,31.9,53.1,5.1,195,0
2026-03-02 15:30:36,Jakarta Utara,35,61,28,0.46,47,27.4,82.0,0.2,198,0
2026-03-02 15:00:36,Jakarta Timur,55,83,21,0.96,42,32.5,78.1,0.4,303,0
2026-03-02 14:30:36,Jakarta Utara,42,62,18,0.31,51,30.0,69.0,2.8,295,0
2026-03-02 14:00:36,Jakarta Utara,15,25,25,1.35,24,28.5,85.0,3.1,344,0
2026-03-02 13:30:36,Jakarta Selatan,42,71,34,0.31,37,34.0,75.0,1.6,192,0
2026-03-02 13:00:36,Jakarta Pusat,58,79,18,1.09,55,27.6,65.4,6.3,164,0
2026-03-02 12:30:36,Jakarta Barat,45,59,17,1.21,41,27.4,84.0,4.3,149,0
2026-03-02 12:00:36,Jakarta Utara,5,10,2,0.1,36,23.5,50.8,1.5,250,0
2026-03-02 11:30:36,Jakarta Selatan,77,133,22,1.38,42,32.1,81.0,8.0,115,0
2026-03-02 11:00:36,Jakarta Barat,55,96,26,0.36,67,29.8,78.3,4.0,270,0
2026-03-02 10:30:36,Jakarta Barat,57,96,26,1.22,45,27.5,98.0,2.0,146,0
2026-03-02 10:00:36,Jakarta Timur,53,92,22,1.7,53,35.2,79.0,1.3,15,0
2026-03-02 09:30:36,Jakarta Utara,32,54,42,0.72,49,31.4,80.0,2.8,222,0
2026-03-02 09:00:36,Jakarta Utara,50,75,20,0.68,35,28.0,81.9,4.6,172,0
2026-03-02 08:30:36,Jakarta Timur,37,51,26,1.3,56,32.0,81.0,2.6,100,0
2026-03-02 08:00:36,Jakarta Timur,133,171,27,4.12,50,28.7,84.9,1.1,278,1
2026-03-02 07:30:36,Jakarta Utara,55,90,23,1.17,53,31.8,78.0,5.0,79,0
2026-03-02 07:00:36,Jakarta Pusat,55,77,14,0.31,29,31.1,68.8,4.6,66,0
2026-03-02 06:30:36,Jakarta Barat,44,63,14,0.34,31,28.2,91.0,0.6,115,0
2026-03-02 06:00:36,Jakarta Selatan,41,56,15,1.2,51,29.7,79.3,4.9,120,0
2026-03-02 05:30:36,Jakarta Utara,65,102,31,0.68,66,32.3,82.0,6.5,260,0
2026-03-02 05:00:36,Jakarta Pusat,25,36,4,0.65,55,30.6,74.2,0.2,189,0
2026-03-02 04:30:36,Jakarta Barat,70,102,34,0.72,49,28.6,99.0,8.5,317,0
2026-03-02 04:00:36,Jakarta Barat,42,59,4,0.62,54,28.5,72.0,0.6,227,0
2026-03-02 03:30:36,Jakarta Timur,51,71,13,0.82,34,30.0,67.0,3.7,343,0
2026-03-02 03:00:36,Jakarta Barat,42,69,19,0.63,28,26.1,58.4,0.2,279,0
2026-03-02 02:30:36,Jakarta Utara,67,88,9,0.31,38,32.5,71.0,2.8,247,0
2026-03-02 02:00:36,Jakarta Timur,32,51,26,0.32,41,28.3,69.8,1.2,35,0
2026-03-02 01:30:36,Jakarta Timur,45,76,22,1.04,50,25.6,86.0,1.2,21,0
2026-03-02 01:00:36,Jakarta Barat,42,73,6,0.45,49,27.4,87.6,0.4,70,0
2026-03-02 00:30:36,Jakarta Barat,68,101,8,1.06,64,32.2,76.0,2.6,174,0
2026-03-02 00:00:36,Jakarta Utara,30,53,28,0.85,46,30.6,69.4,1.7,301,0
2026-03-01 23:30:36,Jakarta Pusat,20,32,2,0.5,46,27.3,70.0,0.4,141,0
2026-03-01 23:00:36,Jakarta Barat,52,63,27,0.94,48,32.5,81.9,0.9,280,0
2026-03-01 22:30:36,Jakarta Selatan,65,110,23,0.88,51,37.6,75.0,0.6,197,0
2026-03-01 22:00:36,Jakarta Timur,44,63,16,0.89,27,31.4,86.7,0.1,12,0
2026-03-01 21:30:36,Jakarta Selatan,67,110,10,1.41,62,30.7,74.0,5.4,295,0
2026-03-01 21:00:36,Jakarta Selatan,28,35,21,0.72,33,28.2,61.1,3.8,94,0
2026-03-01 20:30:36,Jakarta Timur,51,90,19,0.91,51,26.9,81.0,3.3,124,0
2026-03-01 20:00:36,Jakarta Utara,51,88,8,0.87,42,32.6,68.2,6.1,140,0
2026-03-01 19:30:36,Jakarta Selatan,9,11,16,0.17,43,27.3,74.0,0.2,85,0
2026-03-01 19:00:36,Jakarta Barat,61,106,2,0.51,25,31.1,73.0,2.7,164,0
2026-03-01 18:30:36,Jakarta Pusat,34,44,17,0.45,70,29.4,79.0,2.3,203,0
2026-03-01 18:00:36,Jakarta Selatan,5,10,7,0.77,41,25.8,62.7,2.6,131,0
2026-03-01 17:30:36,Jakarta Pusat,47,69,10,0.93,29,26.6,61.0,4.4,350,0
2026-03-01 17:00:36,Jakarta Selatan,24,40,7,0.54,62,27.1,79.7,2.6,326,0
2026-03-01 16:30:36,Jakarta Selatan,155,207,8,4.55,44,32.7,67.0,1.6,146,1
2026-03-01 16:00:36,Jakarta Selatan,35,62,7,1.56,42,34.7,85.4,0.8,339,0
2026-03-01 15:30:36,Jakarta Timur,25,44,9,0.56,38,33.2,65.0,0.3,321,0
2026-03-01 15:00:36,Jakarta Selatan,49,69,15,0.4,51,31.3,74.4,1.4,165,0
2026-03-01 14:30:36,Jakarta Selatan,59,97,31,0.74,70,32.7,95.0,1.0,303,0
2026-03-01 14:00:36,Jakarta Pusat,17,20,15,1.48,51,30.3,68.1,4.5,115,0
2026-03-01 13:30:36,Jakarta Barat,50,84,9,0.1,45,27.7,95.0,0.1,150,0
2026-03-01 13:00:36,Jakarta Selatan,58,82,4,0.82,37,33.0,57.6,0.2,22,0
2026-03-01 12:30:36,Jakarta Utara,36,61,31,0.88,51,28.6,73.0,7.9,357,0
2026-03-01 12:00:36,Jakarta Utara,62,76,19,0.7,37,34.8,91.7,2.2,267,0
2026-03-01 11:30:36,Jakarta Selatan,38,45,11,0.95,59,29.3,61.0,2.9,282,0
2026-03-01 11:00:36,Jakarta Barat,39,68,12,0.83,44,25.9,81.3,2.0,218,0
2026-03-01 10:30:36,Jakarta Timur,74,122,19,0.18,52,32.9,84.0,4.4,91,0
2026-03-01 10:00:36,Jakarta Pusat,24,40,18,1.0,39,28.6,89.5,0.9,230,0
2026-03-01 09:30:36,Jakarta Utara,25,38,28,0.68,48,32.4,62.0,2.0,331,0
2026-03-01 09:00:36,Jakarta Utara,44,74,8,0.94,52,22.4,79.0,7.7,346,0
2026-03-01 08:30:36,Jakarta Timur,36,44,22,0.8,35,31.9,69.0,0.8,303,0
2026-03-01 08:00:36,Jakarta Timur,33,42,10,1.31,59,31.2,66.6,0.9,278,0
2026-03-01 07:30:36,Jakarta Selatan,53,76,30,0.69,34,35.1,75.0,2.8,239,0
2026-03-01 07:00:36,Jakarta Barat,30,36,26,0.55,61,34.7,78.9,0.0,207,0
2026-03-01 06:30:36,Jakarta Barat,31,43,7,1.22,37,29.7,78.0,0.7,17,0
2026-03-01 06:00:36,Jakarta Timur,48,80,19,0.75,57,32.7,69.2,1.2,285,0
2026-03-01 05:30:36,Jakarta Pusat,48,85,20,1.02,67,30.2,66.0,4.4,76,0
2026-03-01 05:00:36,Jakarta Utara,39,62,17,0.59,59,28.4,66.7,2.2,44,0
2026-03-01 04:30:36,Jakarta Pusat,27,45,23,0.23,26,32.3,67.0,0.7,221,0
2026-03-01 04:00:36,Jakarta Utara,35,44,4,0.84,37,30.4,73.7,0.9,14,0
2026-03-01 03:30:36,Jakarta Barat,28,47,20,0.75,60,28.6,73.0,0.1,328,0
2026-03-01 03:00:36,Jakarta Utara,56,88,26,1.37,24,31.5,100.0,0.0,195,0
2026-03-01 02:30:36,Jakarta Utara,39,56,11,1.39,25,24.8,100.0,1.1,289,0
2026-03-01 02:00:36,Jakarta Utara,66,117,24,0.88,42,34.7,77.5,1.1,33,0
2026-03-01 01:30:36,Jakarta Pusat,43,56,31,0.2,40,27.0,88.0,3.6,236,0
2026-03-01 01:00:36,Jakarta Timur,5,10,20,0.86,45,26.9,74.8,0.1,21,0
2026-03-01 00:30:36,Jakarta Pusat,49,82,17,0.7,33,29.9,72.0,2.7,285,0
2026-03-01 00:00:36,Jakarta Barat,12,20,13,0.57,44,25.4,66.6,1.7,262,0
2026-02-28 23:30:36,Jakarta Selatan,59,101,12,1.05,44,28.6,81.0,2.2,288,0
2026-02-28 23:00:36,Jakarta Selatan,46,79,20,0.43,27,28.4,93.8,5.9,276,0
2026-02-28 22:30:36,Jakarta Timur,25,34,11,0.51,40,29.1,75.0,1.0,338,0
2026-02-28 22:00:36,Jakarta Utara,63,89,16,0.84,49,33.4,88.8,0.4,221,0
2026-02-28 21:30:36,Jakarta Pusat,65,108,10,1.2,39,30.6,69.0,8.8,80,0
2026-02-28 21:00:36,Jakarta Utara,50,82,16,0.15,37,25.4,87.7,1.0,127,0
2026-02-28 20:30:36,Jakarta Pusat,34,59,14,0.81,18,27.8,64.0,0.4,209,0
2026-02-28 20:00:36,Jakarta Barat,30,39,15,0.57,46,31.2,59.5,3.1,277,0
2026-02-28 19:30:36,Jakarta Barat,25,37,2,0.1,58,29.8,51.0,0.0,213,0
2026-02-28 19:00:36,Jakarta Barat,5,10,12,0.52,42,27.1,81.1,1.6,156,0
2026-02-28 18:30:36,Jakarta Timur,15,21,6,0.49,64,26.4,79.0,0.2,7,0
2026-02-28 18:00:36,Jakarta Pusat,53,64,10,1.07,63,30.1,70.2,2.8,84,0
2026-02-28 17:30:36,Jakarta Pusat,63,91,15,0.58,49,29.0,95.0,2.4,262,0
2026-02-28 17:00:36,Jakarta Utara,16,27,14,0.9,43,28.0,73.2,0.7,257,0
2026-02-28 16:30:36,Jakarta Utara,45,71,9,0.46,33,28.3,80.0,0.6,64,0
2026-02-28 16:00:36,Jakarta Selatan,33,40,12,0.94,34,29.3,61.4,0.6,258,0
2026-02-28 15:30:36,Jakarta Selatan,5,10,10,0.63,71,25.7,75.0,1.2,251,0
2026-02-28 15:00:36,Jakarta Timur,52,67,21,0.1,46,31.8,75.0,2.2,199,0
2026-02-28 14:30:36,Jakarta Pusat,23,41,17,0.44,37,26.0,72.0,1.1,143,0
2026-02-28 14:00:36,Jakarta Barat,45,73,3,0.72,38,34.7,85.9,1.2,83,0
2026-02-28 13:30:36,Jakarta Pusat,24,34,14,0.64,42,26.8,74.0,0.1,278,0
2026-02-28 13:00:36,Jakarta Selatan,34,42,17,0.69,70,26.7,76.6,0.4,45,0
2026-02-28 12:30:36,Jakarta Selatan,11,19,18,0.56,65,31.3,76.0,0.3,84,0
2026-02-28 12:00:36,Jakarta Selatan,86,117,29,0.69,44,32.4,76.1,10.4,129,0
2026-02-28 11:30:36,Jakarta Pusat,74,115,7,0.52,37,24.5,82.0,4.1,263,0
2026-02-28 11:00:36,Jakarta Timur,40,59,29,0.1,40,32.3,71.4,1.8,307,0
2026-02-28 10:30:36,Jakarta Selatan,51,85,16,1.05,29,32.3,88.0,4.5,317,0
2026-02-28 10:00:36,Jakarta Barat,38,67,21,0.44,58,30.1,75.8,4.1,91,0
2026-02-28 09:30:36,Jakarta Barat,17,27,15,1.07,36,31.7,66.0,0.0,132,0
2026-02-28 09:00:36,Jakarta Timur,63,97,21,1.39,49,34.2,73.5,3.7,145,0
2026-02-28 08:30:36,Jakarta Pusat,58,84,9,0.69,41,31.1,83.0,1.2,199,0
2026-02-28 08:00:36,Jakarta Utara,32,45,28,0.76,43,33.9,62.9,1.2,79,0
2026-02-28 07:30:36,Jakarta Selatan,75,102,25,1.25,38,38.0,97.0,1.2,300,0
2026-02-28 07:00:36,Jakarta Timur,38,54,9,0.75,71,30.8,79.7,0.8,40,0
2026-02-28 06:30:36,Jakarta Utara,39,48,18,1.32,43,32.1,74.0,2.3,263,0
2026-02-28 06:00:36,Jakarta Timur,48,82,22,0.1,31,24.4,77.1,0.4,296,0
2026-02-28 05:30:36,Jakarta Pusat,32,55,3,0.49,26,29.4,74.0,4.7,213,0
2026-02-28 05:00:36,Jakarta Selatan,31,41,32,0.39,41,30.3,74.3,1.2,113,0
2026-02-28 04:30:36,Jakarta Pusat,49,72,11,0.33,37,32.8,75.0,0.1,93,0
2026-02-28 04:00:36,Jakarta Barat,22,33,4,0.86,8,33.9,68.2,3.2,59,0
2026-02-28 03:30:36,Jakarta Utara,174,215,17,4.28,55,31.0,69.0,0.2,180,1
2026-02-28 03:00:36,Jakarta Utara,28,34,32,0.83,46,28.2,69.0,4.9,270,0
2026-02-28 02:30:36,Jakarta Selatan,48,81,31,0.92,49,28.7,90.0,2.0,148,0
2026-02-28 02:00:36,Jakarta Utara,38,61,26,0.62,68,26.3,82.4,1.7,117,0
2026-02-28 01:30:36,Jakarta Timur,22,32,19,1.18,40,30.0,77.0,1.1,328,0
2026-02-28 01:00:36,Jakarta Barat,42,69,21,1.15,22,34.1,73.0,0.5,134,0
2026-02-28 00:30:36,Jakarta Selatan,7,10,18,0.64,58,21.6,61.0,3.6,271,0
2026-02-28 00:00:36,Jakarta Selatan,46,72,27,1.08,48,30.7,79.4,2.3,84,0
2026-02-27 23:30:36,Jakarta Pusat,35,57,21,0.47,39,32.9,69.0,0.9,58,0
2026-02-27 23:00:36,Jakarta Selatan,30,43,9,0.14,58,30.5,69.8,0.2,205,0
2026-02-27 22:30:36,Jakarta Utara,28,40,2,0.59,47,28.8,73.0,1.7,315,0
2026-02-27 22:00:36,Jakarta Barat,26,33,4,0.71,41,32.1,73.6,1.4,37,0
2026-02-27 21:30:36,Jakarta Selatan,43,74,24,1.41,45,29.5,83.0,2.7,158,0
2026-02-27 21:00:36,Jakarta Barat,26,38,11,0.41,50,31.0,68.9,1.0,194,0
2026-02-27 20:30:36,Jakarta Pusat,43,61,17,0.73,46,27.2,85.0,1.2,101,0
2026-02-27 20:00:36,Jakarta Utara,27,37,13,0.56,50,26.3,75.3,0.1,117,0
2026-02-27 19:30:36,Jakarta Timur,38,67,4,0.46,47,23.7,78.0,0.5,51,0
2026-02-27 19:00:36,Jakarta Utara,41,53,10,0.61,40,32.8,64.2,0.9,201,0
2026-02-27 18:30:36,Jakarta Barat,96,170,16,1.18,45,32.8,67.0,9.0,61,0
2026-02-27 18:00:36,Jakarta Selatan,50,78,32,0.82,60,34.0,72.1,3.5,114,0
2026-02-27 17:30:36,Jakarta Utara,18,27,8,0.86,65,28.5,55.0,0.0,316,0
2026-02-27 17:00:36,Jakarta Utara,61,104,9,0.67,62,32.1,70.3,2.6,293,0
2026-02-27 16:30:36,Jakarta Utara,59,75,11,0.94,51,29.9,83.0,1.6,298,0
2026-02-27 16:00:36,Jakarta Selatan,156,209,29,4.03,19,28.4,63.5,1.9,174,1
2026-02-27 15:30:36,Jakarta Selatan,21,25,17,0.29,52,29.0,52.0,0.2,296,0
2026-02-27 15:00:36,Jakarta Pusat,25,30,7,0.1,65,27.6,57.7,0.9,12,0
2026-02-27 14:30:36,Jakarta Pusat,45,75,14,0.97,36,29.0,75.0,5.1,279,0
2026-02-27 14:00:36,Jakarta Pusat,29,52,32,0.45,29,29.7,76.9,1.4,172,0
2026-02-27 13:30:36,Jakarta Barat,27,46,21,0.65,45,27.7,70.0,2.1,341,0
2026-02-27 13:00:36,Jakarta Pusat,22,27,15,0.67,56,34.7,55.0,2.4,225,0
2026-02-27 12:30:36,Jakarta Pusat,52,89,6,1.23,49,31.5,76.0,4.1,338,0
2026-02-27 12:00:36,Jakarta Timur,17,25,18,0.6,25,33.8,80.7,1.2,99,0
2026-02-27 11:30:36,Jakarta Pusat,36,46,18,0.93,50,28.4,68.0,0.5,209,0
2026-02-27 11:00:36,Jakarta Barat,67,109,34,1.26,50,32.0,70.0,8.1,151,0
2026-02-27 10:30:36,Jakarta Pusat,92,153,34,0.92,37,29.9,90.0,12.5,267,0
2026-02-27 10:00:36,Jakarta Barat,84,151,18,0.81,63,36.0,87.3,1.1,72,0
2026-02-27 09:30:36,Jakarta Selatan,49,85,14,1.37,32,26.5,67.0,9.0,220,0
2026-02-27 09:00:36,Jakarta Selatan,54,92,26,0.88,57,33.5,67.4,1.4,265,0
2026-02-27 08:30:36,Jakarta Utara,37,49,6,0.4,33,25.9,74.0,0.7,297,0
2026-02-27 08:00:36,Jakarta Barat,52,65,27,0.93,55,35.2,80.6,3.4,133,0
2026-02-27 07:30:36,Jakarta Utara,53,93,19,0.71,63,34.1,65.0,2.9,206,0
2026-02-27 07:00:36,Jakarta Selatan,5,10,5,0.47,48,29.1,75.2,0.1,165,0
2026-02-27 06:30:36,Jakarta Pusat,33,54,9,0.82,46,27.2,62.0,0.8,12,0
2026-02-27 06:00:36,Jakarta Pusat,5,10,8,0.96,16,26.1,72.9,0.7,305,0
2026-02-27 05:30:36,Jakarta Pusat,64,107,16,0.81,48,32.8,93.0,0.1,337,0
2026-02-27 05:00:36,Jakarta Timur,26,45,19,0.94,64,30.2,88.7,2.4,246,0
2026-02-27 04:30:36,Jakarta Utara,25,42,35,1.18,41,26.9,81.0,4.9,311,0
2026-02-27 04:00:36,Jakarta Timur,6,10,11,0.1,41,27.4,74.9,0.1,223,0
2026-02-27 03:30:36,Jakarta Selatan,46,81,18,0.45,46,30.7,70.0,2.2,76,0
2026-02-27 03:00:36,Jakarta Utara,5,10,15,0.61,48,24.9,52.1,4.6,50,0
2026-02-27 02:30:36,Jakarta Selatan,26,41,20,0.92,65,31.8,72.0,2.9,46,0
2026-02-27 02:00:36,Jakarta Pusat,41,56,19,0.67,23,26.6,89.9,2.0,58,0
2026-02-27 01:30:36,Jakarta Pusat,31,53,18,0.23,45,27.5,76.0,0.4,18,0
2026-02-27 01:00:36,Jakarta Timur,28,44,10,1.08,45,24.8,62.5,2.6,222,0
2026-02-27 00:30:36,Jakarta Timur,33,42,20,0.87,35,31.3,71.0,2.5,352,0
2026-02-27 00:00:36,Jakarta Selatan,69,121,22,0.46,46,28.7,74.7,9.3,292,0
2026-02-26 23:30:36,Jakarta Pusat,36,44,12,0.69,58,29.1,69.0,2.9,286,0
2026-02-26 23:00:36,Jakarta Selatan,41,58,16,1.17,50,33.7,63.3,0.9,302,0
2026-02-26 22:30:36,Jakarta Barat,53,88,9,0.43,42,33.2,71.0,2.5,221,0
2026-02-26 22:00:36,Jakarta Utara,59,81,35,0.58,45,35.3,64.1,0.2,295,0
2026-02-26 21:30:36,Jakarta Utara,54,66,22,1.05,40,33.5,78.0,4.4,286,0
2026-02-26 21:00:36,Jakarta Barat,30,38,2,0.81,48,35.7,71.1,0.0,67,0
2026-02-26 20:30:36,Jakarta Utara,81,137,24,0.68,38,29.8,91.0,9.6,158,0
2026-02-26 20:00:36,Jakarta Timur,22,35,12,0.33,35,26.7,66.0,1.3,167,0
2026-02-26 19:30:36,Jakarta Pusat,5,10,24,0.91,37,24.2,89.0,2.0,85,0
2026-02-26 19:00:36,Jakarta Pusat,49,68,15,0.87,39,33.9,84.3,1.6,226,0
2026-02-26 18:30:36,Jakarta Timur,56,81,23,0.85,42,32.5,81.0,3.1,172,0
2026-02-26 18:00:36,Jakarta Timur,49,86,25,0.47,35,29.7,87.0,2.4,302,0
2026-02-26 17:30:36,Jakarta Pusat,41,69,23,0.98,35,31.6,64.0,7.7,323,0
2026-02-26 17:00:36,Jakarta Timur,7,11,9,1.19,29,30.8,85.7,0.1,55,0
2026-02-26 16:30:36,Jakarta Selatan,73,88,30,1.03,44,30.4,100.0,3.7,70,0
2026-02-26 16:00:36,Jakarta Selatan,41,51,24,0.73,47,32.1,67.1,0.4,256,0
2026-02-26 15:30:36,Jakarta Barat,43,73,31,0.4,61,31.5,80.0,4.5,156,0
2026-02-26 15:00:36,Jakarta Barat,50,89,23,0.74,27,30.2,77.2,1.3,198,0
2026-02-26 14:30:36,Jakarta Timur,63,83,2,0.8,47,29.1,70.0,3.0,310,0
2026-02-26 14:00:36,Jakarta Barat,29,44,19,0.1,58,24.2,93.6,2.5,324,0
2026-02-26 13:30:36,Jakarta Selatan,39,58,22,0.33,44,28.7,82.0,1.0,88,0
2026-02-26 13:00:36,Jakarta Utara,51,72,12,0.57,59,31.4,71.0,4.7,145,0
2026-02-26 12:30:36,Jakarta Utara,75,110,23,0.88,48,27.1,79.0,14.8,45,0
2026-02-26 12:00:36,Jakarta Selatan,54,83,19,1.15,50,36.4,61.3,0.3,181,0
2026-02-26 11:30:36,Jakarta Barat,39,68,8,1.21,64,31.7,81.0,0.0,88,0
2026-02-26 11:00:36,Jakarta Utara,39,55,32,1.11,45,28.2,63.2,11.9,145,0
2026-02-26 10:30:36,Jakarta Timur,55,81,13,0.69,40,34.3,73.0,1.2,328,0
2026-02-26 10:00:36,Jakarta Pusat,70,100,3,1.36,46,33.6,71.3,0.9,180,0
2026-02-26 09:30:36,Jakarta Utara,52,82,22,1.62,59,32.9,83.0,1.6,1,0
2026-02-26 09:00:36,Jakarta Selatan,35,49,19,0.67,52,33.8,62.8,0.4,161,0
2026-02-26 08:30:36,Jakarta Pusat,5,10,6,0.49,31,25.8,69.0,0.1,303,0
2026-02-26 08:00:36,Jakarta Timur,13,18,27,0.96,27,26.8,76.9,0.3,322,0
2026-02-26 07:30:36,Jakarta Utara,32,55,19,0.37,35,31.2,72.0,0.7,113,0
2026-02-26 07:00:36,Jakarta Selatan,30,37,18,1.09,54,33.8,65.4,4.5,295,0
2026-02-26 06:30:36,Jakarta Timur,24,29,20,0.92,39,33.1,75.0,0.3,53,0
2026-02-26 06:00:36,Jakarta Pusat,5,10,23,0.1,52,25.7,67.8,0.9,3,0
2026-02-26 05:30:36,Jakarta Barat,49,66,24,0.88,42,28.6,66.0,2.7,55,0
2026-02-26 05:00:36,Jakarta Utara,49,65,19,1.13,66,32.6,69.2,0.8,92,0
2026-02-26 04:30:36,Jakarta Selatan,48,59,13,0.79,48,31.4,65.0,0.5,113,0
2026-02-26 04:00:36,Jakarta Barat,51,68,11,1.03,43,29.0,65.4,0.5,123,0
2026-02-26 03:30:36,Jakarta Timur,50,79,19,0.84,47,35.9,65.0,1.7,59,0
2026-02-26 03:00:36,Jakarta Selatan,70,89,15,0.67,52,33.5,94.7,0.9,168,0
2026-02-26 02:30:36,Jakarta Utara,30,43,19,1.02,40,28.5,78.0,0.5,311,0
2026-02-26 02:00:36,Jakarta Timur,58,83,6,0.48,50,28.3,67.5,1.5,306,0
2026-02-26 01:30:36,Jakarta Barat,55,76,13,0.61,32,34.8,67.0,0.1,302,0
2026-02-26 01:00:36,Jakarta Pusat,29,37,4,0.44,66,33.1,67.6,1.1,333,0
2026-02-26 00:30:36,Jakarta Selatan,20,27,9,0.41,32,29.1,74.0,1.0,136,0
2026-02-26 00:00:36,Jakarta Timur,25,41,19,0.75,29,26.5,65.9,3.3,184,0
2026-02-25 23:30:36,Jakarta Barat,44,66,20,0.75,41,31.6,77.0,7.5,273,0
2026-02-25 23:00:36,Jakarta Timur,8,13,17,1.39,41,28.8,68.5,0.9,84,0
2026-02-25 22:30:36,Jakarta Selatan,31,50,19,0.77,36,29.1,90.0,1.6,246,0
2026-02-25 22:00:36,Jakarta Utara,46,64,20,0.42,57,31.2,76.3,6.0,273,0
2026-02-25 21:30:36,Jakarta Pusat,43,52,14,0.57,41,24.9,69.0,1.9,131,0
2026-02-25 21:00:36,Jakarta Selatan,46,70,7,0.96,49,30.3,79.5,2.1,330,0
2026-02-25 20:30:36,Jakarta Selatan,47,69,24,0.1,47,37.9,73.0,3.6,107,0
2026-02-25 20:00:36,Jakarta Pusat,17,30,17,0.69,50,32.2,71.2,3.9,345,0
2026-02-25 19:30:36,Jakarta Timur,54,95,27,1.34,41,32.0,87.0,1.6,305,0
2026-02-25 19:00:36,Jakarta Utara,53,82,12,1.35,43,31.8,78.4,1.4,238,0
2026-02-25 18:30:36,Jakarta Timur,5,10,16,0.46,46,30.1,68.0,0.6,153,0
2026-02-25 18:00:36,Jakarta Utara,22,36,15,0.7,58,30.0,81.4,1.7,286,0
2026-02-25 17:30:36,Jakarta Pusat,25,33,18,1.09,39,28.6,81.0,1.3,160,0
2026-02-25 17:00:36,Jakarta Selatan,0,0,0,0.0,0,33.5,68.4,1.9,335,1
2026-02-25 16:30:36,Jakarta Utara,46,55,11,1.06,43,34.6,62.0,0.5,104,0
2026-02-25 16:00:36,Jakarta Selatan,38,63,29,0.79,48,27.0,94.6,4.6,206,0
2026-02-25 15:30:36,Jakarta Timur,38,61,26,0.8,66,26.8,83.0,0.5,166,0
2026-02-25 15:00:36,Jakarta Barat,41,63,11,0.72,36,27.1,75.6,0.4,136,0
2026-02-25 14:30:36,Jakarta Pusat,84,145,45,0.95,42,27.3,85.0,11.8,176,0
2026-02-25 14:00:36,Jakarta Utara,47,71,32,0.79,51,34.0,84.0,0.2,13,0
2026-02-25 13:30:36,Jakarta Selatan,58,72,21,0.14,58,27.1,69.0,0.8,166,0
2026-02-25 13:00:36,Jakarta Pusat,38,63,8,0.55,67,30.8,69.0,2.3,227,0
2026-02-25 12:30:36,Jakarta Selatan,55,88,24,1.07,40,25.8,80.0,5.1,77,0
2026-02-25 12:00:36,Jakarta Barat,24,34,9,0.24,25,28.6,65.0,1.7,200,0
2026-02-25 11:30:36,Jakarta Barat,25,32,17,1.29,36,28.8,70.0,1.2,18,0
2026-02-25 11:00:36,Jakarta Pusat,29,44,22,0.47,42,25.8,71.0,0.4,310,0
2026-02-25 10:30:36,Jakarta Timur,25,35,13,0.1,24,24.9,65.0,2.3,269,0
2026-02-25 10:00:36,Jakarta Timur,41,60,16,0.95,54,29.3,67.0,4.0,254,0
2026-02-25 09:30:36,Jakarta Timur,16,19,2,0.37,52,28.7,70.0,0.2,170,0
2026-02-25 09:00:36,Jakarta Pusat,25,43,23,0.2,42,29.4,69.1,5.8,321,0
2026-02-25 08:30:36,Jakarta Utara,46,71,20,0.46,53,34.4,49.0,0.8,212,0
2026-02-25 08:00:36,Jakarta Selatan,52,74,27,0.69,34,30.5,73.9,3.9,96,0
2026-02-25 07:30:36,Jakarta Timur,41,62,2,0.69,54,31.1,71.0,2.4,173,0
2026-02-25 07:00:36,Jakarta Utara,8,11,23,0.85,30,30.6,65.9,1.7,54,0
2026-02-25 06:30:36,Jakarta Barat,79,136,28,1.09,47,32.0,80.0,11.3,34,0
2026-02-25 06:00:36,Jakarta Pusat,51,85,24,0.29,55,31.2,79.9,4.4,8,0
2026-02-25 05:30:36,Jakarta Barat,32,47,28,0.68,51,30.0,81.0,5.2,322,0
2026-02-25 05:00:36,Jakarta Selatan,5,10,27,0.58,34,27.6,78.8,0.7,5,0
2026-02-25 04:30:36,Jakarta Pusat,55,72,21,1.01,75,30.9,59.0,0.1,300,0
2026-02-25 04:00:36,Jakarta Selatan,91,133,23,0.69,41,30.8,90.5,5.6,129,0
2026-02-25 03:30:36,Jakarta Utara,43,55,24,1.09,58,32.3,81.0,1.1,24,0
2026-02-25 03:00:36,Jakarta Barat,29,49,27,0.75,14,27.7,86.6,2.1,303,0
2026-02-25 02:30:36,Jakarta Pusat,7,10,13,0.81,39,23.5,78.0,0.5,303,0
2026-02-25 02:00:36,Jakarta Timur,49,83,20,0.52,45,31.4,70.1,4.6,150,0
2026-02-25 01:30:36,Jakarta Utara,36,49,19,0.78,55,29.5,69.0,2.4,226,0
2026-02-25 01:00:36,Jakarta Pusat,10,16,15,1.19,50,32.0,70.1,1.1,112,0
2026-02-25 00:30:36,Jakarta Pusat,10,16,8,0.28,49,26.2,66.0,0.0,248,0
2026-02-25 00:00:36,Jakarta Timur,42,61,19,0.72,34,33.6,79.4,0.6,74,0
2026-02-24 23:30:36,Jakarta Pusat,43,61,29,1.43,33,30.6,79.0,5.6,225,0
2026-02-24 23:00:36,Jakarta Timur,40,64,15,1.12,46,28.1,86.0,0.6,182,0
2026-02-24 22:30:36,Jakarta Utara,164,213,15,3.79,51,29.3,53.0,1.9,199,1
2026-02-24 22:00:36,Jakarta Barat,67,100,20,1.06,42,32.9,64.6,2.7,257,0
2026-02-24 21:30:36,Jakarta Timur,61,103,10,0.74,40,29.1,69.0,1.4,266,0
2026-02-24 21:00:36,Jakarta Timur,19,32,7,1.14,51,29.8,77.0,1.4,94,0
2026-02-24 20:30:36,Jakarta Barat,60,88,26,0.22,52,33.2,71.0,5.3,328,0
2026-02-24 20:00:36,Jakarta Barat,60,72,18,0.62,37,33.3,79.9,1.9,55,0
2026-02-24 19:30:36,Jakarta Pusat,48,60,19,0.5,52,29.8,74.0,6.6,15,0
2026-02-24 19:00:36,Jakarta Pusat,15,26,14,0.62,61,30.8,68.5,0.6,281,0
2026-02-24 18:30:36,Jakarta Selatan,43,64,30,0.84,57,30.6,68.0,0.6,145,0
2026-02-24 18:00:36,Jakarta Pusat,0,0,0,0.0,0,29.1,89.3,0.5,226,1
2026-02-24 17:30:36,Jakarta Timur,5,10,15,1.13,46,29.0,69.0,0.3,294,0
2026-02-24 17:00:36,Jakarta Barat,19,23,13,1.3,36,29.7,80.9,0.2,52,0
2026-02-24 16:30:36,Jakarta Barat,41,59,11,1.26,33,28.3,87.0,0.5,311,0
2026-02-24 16:00:36,Jakarta Utara,42,73,2,0.61,26,27.9,68.0,2.1,121,0
2026-02-24 15:30:36,Jakarta Barat,39,62,10,0.86,38,25.1,91.0,0.7,87,0
2026-02-24 15:00:36,Jakarta Selatan,55,94,9,0.88,21,30.9,72.8,3.8,72,0
2026-02-24 14:30:36,Jakarta Barat,19,30,26,0.89,33,29.0,81.0,2.9,41,0
2026-02-24 14:00:36,Jakarta Barat,72,103,30,0.83,39,30.7,94.6,3.8,102,0
2026-02-24 13:30:36,Jakarta Utara,40,66,25,0.24,59,34.4,72.0,0.2,202,0
2026-02-24 13:00:36,Jakarta Selatan,38,58,15,1.15,18,29.4,71.1,0.7,24,0
2026-02-24 12:30:36,Jakarta Pusat,49,86,14,0.47,49,29.5,62.0,1.9,295,0
2026-02-24 12:00:36,Jakarta Utara,27,46,27,0.53,57,32.3,75.0,1.4,169,0
2026-02-24 11:30:36,Jakarta Barat,35,62,15,0.63,61,31.4,83.0,3.8,274,0
2026-02-24 11:00:36,Jakarta Timur,6,10,24,0.46,42,27.2,72.8,1.0,359,0
2026-02-24 10:30:36,Jakarta Barat,41,49,31,0.44,21,32.6,66.0,0.5,190,0
2026-02-24 10:00:36,Jakarta Selatan,14,17,19,0.73,55,28.7,80.2,1.5,106,0
2026-02-24 09:30:36,Jakarta Barat,48,66,20,0.65,46,32.5,73.0,0.4,129,0
2026-02-24 09:00:36,Jakarta Timur,48,75,31,0.78,61,33.6,66.8,3.4,195,0
2026-02-24 08:30:36,Jakarta Selatan,61,90,28,0.49,42,33.0,72.0,4.5,132,0
2026-02-24 08:00:36,Jakarta Selatan,73,123,18,0.93,51,30.7,88.3,0.6,34,0
2026-02-24 07:30:36,Jakarta Selatan,56,70,3,0.9,43,29.4,79.0,2.6,31,0
2026-02-24 07:00:36,Jakarta Timur,12,19,12,0.3,47,30.7,69.5,0.5,306,0
2026-02-24 06:30:36,Jakarta Utara,83,106,16,0.88,50,32.1,80.0,8.8,350,0
2026-02-24 06:00:36,Jakarta Selatan,38,47,25,0.83,62,26.6,83.5,0.7,164,0
2026-02-24 05:30:36,Jakarta Utara,42,55,23,0.25,50,23.8,84.0,0.2,303,0
2026-02-24 05:00:36,Jakarta Pusat,48,69,25,0.43,50,30.7,85.5,0.0,283,0
2026-02-24 04:30:36,Jakarta Timur,34,58,4,1.4,54,27.3,96.0,4.9,155,0
2026-02-24 04:00:36,Jakarta Pusat,22,35,13,0.81,48,27.6,72.7,4.1,29,0
2026-02-24 03:30:36,Jakarta Pusat,40,54,17,0.76,55,27.3,83.0,2.4,195,0
2026-02-24 03:00:36,Jakarta Utara,48,62,28,0.75,32,31.6,79.7,2.5,256,0
2026-02-24 02:30:36,Jakarta Pusat,21,25,24,0.1,54,31.3,84.0,1.0,307,0
2026-02-24 02:00:36,Jakarta Pusat,8,12,15,0.89,64,28.1,68.9,0.8,206,0
2026-02-24 01:30:36,Jakarta Timur,60,77,13,0.87,59,34.2,68.0,1.2,337,0
2026-02-24 01:00:36,Jakarta Utara,22,30,24,0.59,40,23.0,81.8,1.8,155,0
2026-02-24 00:30:36,Jakarta Selatan,35,54,30,0.48,50,34.1,74.0,3.5,47,0
2026-02-24 00:00:36,Jakarta Timur,40,64,18,0.74,37,29.9,82.2,0.3,276,0
2026-02-23 23:30:36,Jakarta Pusat,69,109,29,0.5,29,32.4,64.0,3.8,9,0
2026-02-23 23:00:36,Jakarta Utara,55,73,32,0.58,66,27.8,82.4,2.5,229,0
2026-02-23 22:30:36,Jakarta Selatan,23,35,13,0.65,44,31.9,64.0,0.4,207,0
2026-02-23 22:00:36,Jakarta Utara,49,77,3,1.27,45,30.9,80.1,3.7,162,0
2026-02-23 21:30:36,Jakarta Timur,54,80,14,0.93,52,29.3,72.0,3.1,219,0
2026-02-23 21:00:36,Jakarta Pusat,45,59,20,1.12,50,33.4,83.1,3.8,60,0
2026-02-23 20:30:36,Jakarta Barat,51,87,24,1.33,47,30.4,77.0,10.3,297,0
2026-02-23 20:00:36,Jakarta Barat,41,57,11,0.57,53,26.3,67.0,1.9,87,0
2026-02-23 19:30:36,Jakarta Pusat,19,34,26,0.93,29,28.5,89.0,2.4,18,0
2026-02-23 19:00:36,Jakarta Timur,45,60,22,1.08,54,29.7,68.8,4.3,292,0
2026-02-23 18:30:36,Jakarta Pusat,24,29,3,0.65,37,29.3,94.0,0.1,55,0
2026-02-23 18:00:36,Jakarta Selatan,41,61,25,0.39,32,29.4,73.5,1.3,209,0
2026-02-23 17:30:36,Jakarta Utara,0,0,0,0.0,0,31.4,68.0,8.1,43,1
2026-02-23 17:00:36,Jakarta Timur,21,30,10,1.34,67,29.5,77.9,2.0,290,0
2026-02-23 16:30:36,Jakarta Timur,43,52,42,1.26,28,31.6,66.0,0.4,116,0
2026-02-23 16:00:36,Jakarta Timur,17,28,15,0.96,48,26.4,88.5,3.2,100,0
2026-02-23 15:30:36,Jakarta Barat,53,88,24,0.82,61,30.4,83.0,4.6,301,0
2026-02-23 15:00:36,Jakarta Barat,36,62,10,0.69,46,24.9,81.5,2.0,229,0
2026-02-23 14:30:36,Jakarta Timur,39,48,19,0.31,34,33.4,67.0,0.5,346,0
2026-02-23 14:00:36,Jakarta Pusat,60,99,19,0.97,63,30.6,67.9,2.1,123,0
2026-02-23 13:30:36,Jakarta Selatan,0,0,0,0.0,0,32.9,62.0,0.1,200,1
2026-02-23 13:00:36,Jakarta Timur,44,64,23,1.49,31,32.0,88.4,3.9,153,0
2026-02-23 12:30:36,Jakarta Timur,20,25,22,0.69,39,27.0,77.0,3.7,134,0
2026-02-23 12:00:36,Jakarta Selatan,87,155,16,0.95,50,32.0,94.1,11.1,210,0
2026-02-23 11:30:36,Jakarta Utara,201,275,27,4.35,40,29.4,82.0,4.9,320,1
2026-02-23 11:00:36,Jakarta Timur,44,65,15,0.33,31,24.4,70.7,3.7,172,0
2026-02-23 10:30:36,Jakarta Pusat,0,0,0,0.0,0,32.3,86.0,5.1,200,1
2026-02-23 10:00:36,Jakarta Barat,61,94,12,0.71,49,35.7,81.5,0.4,291,0
2026-02-23 09:30:36,Jakarta Pusat,29,50,19,0.9,23,22.5,68.0,1.0,334,0
2026-02-23 09:00:36,Jakarta Timur,62,107,33,1.22,48,35.2,69.6,2.2,87,0
2026-02-23 08:30:36,Jakarta Utara,15,24,23,0.1,52,25.4,73.0,0.3,50,0
2026-02-23 08:00:36,Jakarta Selatan,25,39,27,1.31,55,31.2,79.2,0.1,50,0
2026-02-23 07:30:36,Jakarta Selatan,15,23,34,0.17,17,26.6,61.0,0.4,29,0
2026-02-23 07:00:36,Jakarta Pusat,55,98,32,0.27,64,29.4,69.3,1.6,24,0
2026-02-23 06:30:36,Jakarta Utara,22,36,18,0.58,50,28.0,75.0,1.0,190,0
2026-02-23 06:00:36,Jakarta Pusat,63,79,21,0.57,30,34.3,76.1,1.2,9,0
2026-02-23 05:30:36,Jakarta Barat,22,37,28,0.63,39,29.7,77.0,0.7,153,0
2026-02-23 05:00:36,Jakarta Utara,52,64,14,0.67,37,27.3,67.5,3.3,215,0
2026-02-23 04:30:36,Jakarta Timur,56,79,24,0.57,27,29.4,88.0,9.7,85,0
2026-02-23 04:00:36,Jakarta Selatan,40,70,12,1.37,35,28.2,68.2,2.6,167,0
2026-02-23 03:30:36,Jakarta Timur,39,57,13,1.04,26,36.4,70.0,0.2,131,0
2026-02-23 03:00:36,Jakarta Utara,46,78,16,0.15,39,28.8,66.7,4.1,10,0
2026-02-23 02:30:36,Jakarta Selatan,65,111,2,0.75,66,35.2,55.0,0.3,247,0
2026-02-23 02:00:36,Jakarta Timur,51,62,12,0.33,44,26.8,77.4,1.9,88,0
2026-02-23 01:30:36,Jakarta Timur,60,107,10,1.34,28,33.6,76.0,7.0,163,0
2026-02-23 01:00:36,Jakarta Pusat,18,25,34,1.15,43,31.6,96.7,2.7,300,0
2026-02-23 00:30:36,Jakarta Utara,18,25,24,0.47,69,29.1,72.0,0.3,357,0
2026-02-23 00:00:36,Jakarta Utara,56,88,16,0.45,48,28.2,84.8,2.5,157,0
2026-02-22 23:30:36,Jakarta Utara,26,36,14,0.51,54,30.6,70.0,2.1,297,0
2026-02-22 23:00:36,Jakarta Barat,33,55,2,0.42,45,29.1,72.8,3.2,0,0
2026-02-22 22:30:36,Jakarta Utara,20,33,4,0.81,46,26.5,63.0,2.6,344,0
2026-02-22 22:00:36,Jakarta Utara,15,23,16,0.48,37,33.7,54.4,0.2,353,0
2026-02-22 21:30:36,Jakarta Selatan,26,32,14,0.69,30,33.7,57.0,1.7,237,0
2026-02-22 21:00:36,Jakarta Barat,39,62,16,0.67,56,36.8,82.1,2.4,21,0
2026-02-22 20:30:36,Jakarta Utara,51,78,18,0.94,83,33.1,73.0,4.2,314,0
2026-02-22 20:00:36,Jakarta Pusat,30,49,3,0.4,29,28.3,60.3,1.7,241,0
2026-02-22 19:30:36,Jakarta Selatan,28,40,12,0.52,32,27.2,55.0,4.3,143,0
2026-02-22 19:00:36,Jakarta Utara,68,107,17,0.95,41,35.3,70.4,0.4,270,0
2026-02-22 18:30:36,Jakarta Selatan,24,41,18,0.61,41,30.7,67.0,0.9,309,0
2026-02-22 18:00:36,Jakarta Pusat,54,87,27,0.44,41,28.1,75.8,1.9,120,0
2026-02-22 17:30:36,Jakarta Barat,21,30,2,0.36,30,25.7,82.0,0.6,176,0
2026-02-22 17:00:36,Jakarta Selatan,30,53,22,0.52,45,30.0,73.9,4.4,219,0
2026-02-22 16:30:36,Jakarta Selatan,30,40,2,0.73,28,29.9,53.0,2.0,100,0
2026-02-22 16:00:36,Jakarta Pusat,39,55,13,0.44,53,26.5,87.2,0.5,278,0
2026-02-22 15:30:36,Jakarta Timur,46,57,25,0.83,43,33.3,69.0,1.0,224,0
2026-02-22 15:00:36,Jakarta Timur,48,60,12,0.83,41,33.5,73.0,1.4,108,0
2026-02-22 14:30:36,Jakarta Pusat,51,81,29,1.0,57,37.3,86.0,1.5,115,0
2026-02-22 14:00:36,Jakarta Utara,56,98,20,0.8,37,29.9,86.8,2.2,214,0
2026-02-22 13:30:36,Jakarta Barat,45,57,18,0.33,45,29.5,79.0,0.1,238,0
2026-02-22 13:00:36,Jakarta Pusat,8,10,11,0.54,25,25.5,70.0,0.1,17,0
2026-02-22 12:30:36,Jakarta Timur,38,45,24,1.05,27,32.3,83.0,0.3,79,0
2026-02-22 12:00:36,Jakarta Barat,32,55,21,1.02,57,32.5,66.9,5.3,274,0
2026-02-22 11:30:36,Jakarta Pusat,125,160,14,4.08,46,29.0,64.0,0.5,80,1
2026-02-22 11:00:36,Jakarta Timur,50,85,11,1.49,34,26.6,76.0,4.5,108,0
2026-02-22 10:30:36,Jakarta Barat,32,39,22,1.05,58,31.6,91.0,1.7,78,0
2026-02-22 10:00:36,Jakarta Utara,62,77,17,0.62,50,33.4,74.6,3.3,179,0
2026-02-22 09:30:36,Jakarta Barat,21,35,2,0.91,43,30.4,69.0,0.6,3,0
2026-02-22 09:00:36,Jakarta Barat,29,41,12,0.98,52,30.6,74.5,2.6,185,0
2026-02-22 08:30:36,Jakarta Barat,56,80,13,0.7,44,31.9,77.0,3.0,156,0
2026-02-22 08:00:36,Jakarta Timur,44,59,10,0.49,58,28.0,70.8,3.7,38,0
2026-02-22 07:30:36,Jakarta Selatan,20,33,13,0.53,58,34.0,63.0,0.3,191,0
2026-02-22 07:00:36,Jakarta Utara,51,88,20,1.07,40,31.1,84.4,0.4,93,0
2026-02-22 06:30:36,Jakarta Pusat,36,63,2,0.8,65,27.5,70.0,1.1,277,0
2026-02-22 06:00:36,Jakarta Pusat,29,34,38,0.61,49,29.6,88.6,1.0,121,0
2026-02-22 05:30:36,Jakarta Utara,5,10,14,0.47,40,23.7,59.0,3.0,33,0
2026-02-22 05:00:36,Jakarta Timur,43,58,28,0.74,26,28.8,75.4,3.6,310,0
2026-02-22 04:30:36,Jakarta Timur,34,58,27,0.79,40,32.1,71.0,1.1,152,0
2026-02-22 04:00:36,Jakarta Timur,64,89,18,1.18,59,30.8,72.5,10.5,5,0
2026-02-22 03:30:36,Jakarta Utara,51,77,15,0.57,55,30.7,74.0,1.6,333,0
2026-02-22 03:00:36,Jakarta Timur,26,42,12,0.82,45,27.3,81.3,0.2,199,0
2026-02-22 02:30:36,Jakarta Pusat,25,40,16,0.38,64,30.2,64.0,0.3,313,0
2026-02-22 02:00:36,Jakarta Barat,22,34,13,0.34,43,27.6,71.6,0.7,119,0
2026-02-22 01:30:36,Jakarta Barat,61,82,20,1.35,58,29.9,80.0,7.7,66,0
2026-02-22 01:00:36,Jakarta Timur,14,21,17,0.72,55,31.1,74.1,1.1,163,0
2026-02-22 00:30:36,Jakarta Timur,41,67,20,0.85,33,26.8,67.0,5.0,171,0
2026-02-22 00:00:36,Jakarta Pusat,47,83,33,0.61,45,31.9,72.4,4.3,26,0
2026-02-21 23:30:36,Jakarta Pusat,30,48,21,0.76,40,30.4,70.0,2.5,9,0
2026-02-21 23:00:36,Jakarta Barat,32,45,16,1.07,30,28.7,66.5,1.5,158,0
2026-02-21 22:30:36,Jakarta Barat,43,69,11,0.34,55,30.0,87.0,0.1,108,0
2026-02-21 22:00:36,Jakarta Utara,47,83,19,0.29,51,27.0,69.3,5.2,62,0
2026-02-21 21:30:36,Jakarta Pusat,54,71,15,0.88,77,30.7,74.0,3.8,114,0
2026-02-21 21:00:36,Jakarta Barat,26,37,27,0.37,27,28.7,75.3,3.4,188,0
2026-02-21 20:30:36,Jakarta Selatan,28,46,34,0.66,38,25.4,84.0,2.4,182,0
2026-02-21 20:00:36,Jakarta Utara,38,45,18,0.69,50,31.7,68.6,1.1,77,0
2026-02-21 19:30:36,Jakarta Timur,0,0,0,0.0,0,28.4,79.0,1.3,16,1
2026-02-21 19:00:36,Jakarta Selatan,54,91,35,0.76,37,32.8,78.1,3.5,161,0
2026-02-21 18:30:36,Jakarta Utara,50,86,16,0.85,41,31.2,89.0,0.1,107,0
2026-02-21 18:00:36,Jakarta Timur,7,10,24,0.34,53,29.2,78.7,2.1,73,0
2026-02-21 17:30:36,Jakarta Selatan,50,85,34,1.18,26,26.3,78.0,6.9,161,0
2026-02-21 17:00:36,Jakarta Timur,55,97,11,0.92,38,34.5,92.2,0.9,12,0
2026-02-21 16:30:36,Jakarta Selatan,56,77,18,1.43,56,28.0,67.0,6.7,24,0
2026-02-21 16:00:36,Jakarta Timur,68,95,34,1.01,49,28.0,92.5,3.8,333,0
2026-02-21 15:30:36,Jakarta Pusat,39,57,13,0.85,34,29.0,90.0,2.6,32,0
2026-02-21 15:00:36,Jakarta Utara,54,75,32,1.19,51,36.3,61.4,7.2,52,0
2026-02-21 14:30:36,Jakarta Utara,54,68,21,0.65,48,31.3,72.0,3.2,356,0
2026-02-21 14:00:36,Jakarta Barat,14,21,13,0.92,21,24.6,65.1,4.3,135,0
2026-02-21 13:30:36,Jakarta Pusat,6,10,10,0.59,56,32.4,69.0,0.0,347,0
2026-02-21 13:00:36,Jakarta Barat,50,73,23,1.19,46,27.9,81.1,1.1,18,0
2026-02-21 12:30:36,Jakarta Timur,51,67,17,0.45,68,33.2,80.0,2.9,30,0
2026-02-21 12:00:36,Jakarta Barat,41,69,33,0.42,76,30.1,69.8,7.1,78,0
2026-02-21 11:30:36,Jakarta Pusat,99,151,36,0.96,39,36.1,93.0,4.1,129,0
2026-02-21 11:00:36,Jakarta Pusat,50,60,11,1.14,54,26.2,81.3,2.0,52,0
2026-02-21 10:30:36,Jakarta Pusat,31,40,11,0.38,47,26.0,72.0,1.2,227,0
2026-02-21 10:00:36,Jakarta Utara,62,81,16,0.49,49,29.3,77.3,2.3,295,0
2026-02-21 09:30:36,Jakarta Selatan,17,20,22,0.69,60,31.8,57.0,0.6,80,0
2026-02-21 09:00:36,Jakarta Timur,45,79,5,0.4,28,29.3,58.1,1.2,247,0
2026-02-21 08:30:36,Jakarta Pusat,51,64,23,0.86,41,31.3,69.0,1.7,327,0
2026-02-21 08:00:36,Jakarta Barat,169,232,19,3.77,50,28.3,91.7,3.5,199,1
2026-02-21 07:30:36,Jakarta Selatan,85,103,43,0.58,55,33.0,86.0,6.2,59,0
2026-02-21 07:00:36,Jakarta Timur,55,91,13,0.65,32,35.3,75.5,2.7,311,0
2026-02-21 06:30:36,Jakarta Barat,7,10,16,0.91,55,26.3,58.0,0.0,9,0
2026-02-21 06:00:36,Jakarta Utara,55,93,10,0.99,44,24.7,89.4,0.7,226,0
2026-02-21 05:30:36,Jakarta Timur,20,27,13,0.86,43,28.8,74.0,0.5,241,0
2026-02-21 05:00:36,Jakarta Timur,50,89,27,0.81,49,30.0,77.1,4.3,163,0
2026-02-21 04:30:36,Jakarta Barat,42,52,5,0.77,38,29.6,75.0,3.6,18,0
2026-02-21 04:00:36,Jakarta Selatan,31,42,15,0.62,72,38.9,65.8,2.6,222,0
2026-02-21 03:30:36,Jakarta Timur,29,36,14,0.1,41,23.3,82.0,0.3,46,0
2026-02-21 03:00:36,Jakarta Selatan,86,112,26,1.32,49,32.7,88.6,6.3,301,0
2026-02-21 02:30:36,Jakarta Barat,38,58,23,1.28,44,36.4,79.0,1.8,171,0
2026-02-21 02:00:36,Jakarta Barat,65,87,35,1.13,50,30.2,61.7,7.4,181,0
2026-02-21 01:30:36,Jakarta Selatan,37,52,22,0.43,29,29.4,62.0,1.4,68,0
2026-02-21 01:00:36,Jakarta Timur,23,38,3,0.83,48,30.1,66.9,1.6,28,0
2026-02-21 00:30:36,Jakarta Selatan,31,54,10,0.72,43,29.3,75.0,0.6,76,0
2026-02-21 00:00:36,Jakarta Timur,7,10,4,0.61,53,23.4,83.1,0.1,219,0
2026-02-20 23:30:36,Jakarta Pusat,5,10,10,1.08,37,26.3,75.0,4.2,11,0
2026-02-20 23:00:36,Jakarta Pusat,48,68,7,0.2,46,29.4,67.3,1.2,193,0
2026-02-20 22:30:36,Jakarta Pusat,27,32,10,0.83,51,31.9,79.0,0.2,261,0
2026-02-20 22:00:36,Jakarta Utara,26,41,25,0.83,41,30.2,71.4,3.2,196,0
2026-02-20 21:30:36,Jakarta Pusat,52,79,21,0.24,41,28.4,83.0,0.0,279,0
2026-02-20 21:00:36,Jakarta Barat,45,68,16,0.85,59,27.3,73.3,0.3,85,0
2026-02-20 20:30:36,Jakarta Pusat,22,37,15,0.88,72,31.1,63.0,1.5,173,0
2026-02-20 20:00:36,Jakarta Pusat,61,83,12,0.93,46,32.7,86.6,0.2,324,0
2026-02-20 19:30:36,Jakarta Timur,28,40,20,0.18,34,28.6,79.0,1.0,31,0
2026-02-20 19:00:36,Jakarta Pusat,26,35,2,0.28,41,27.5,82.4,0.5,88,0
2026-02-20 18:30:36,Jakarta Selatan,36,50,17,0.35,17,23.9,66.0,0.7,108,0
2026-02-20 18:00:36,Jakarta Barat,60,73,17,0.97,26,28.3,92.4,0.3,305,0
2026-02-20 17:30:36,Jakarta Pusat,30,51,3,0.89,34,33.2,41.0,1.0,284,0
2026-02-20 17:00:36,Jakarta Pusat,55,94,17,1.2,55,30.4,74.7,2.3,25,0
2026-02-20 16:30:36,Jakarta Selatan,39,59,19,0.23,60,28.2,82.0,0.2,225,0
2026-02-20 16:00:36,Jakarta Barat,44,56,4,0.79,55,30.8,54.7,1.8,233,0
2026-02-20 15:30:36,Jakarta Selatan,46,68,14,0.53,48,26.0,77.0,4.8,251,0
2026-02-20 15:00:36,Jakarta Barat,20,27,8,1.09,61,31.6,60.7,5.0,107,0
2026-02-20 14:30:36,Jakarta Utara,59,98,19,0.59,36,32.3,66.0,1.3,180,0
2026-02-20 14:00:36,Jakarta Timur,17,25,15,0.1,35,30.9,77.4,1.5,36,0
2026-02-20 13:30:36,Jakarta Pusat,32,41,12,0.63,36,23.3,59.0,2.8,140,0
2026-02-20 13:00:36,Jakarta Barat,97,134,19,1.42,38,31.7,82.6,7.2,270,0
2026-02-20 12:30:36,Jakarta Selatan,73,97,12,0.83,43,30.8,85.0,0.6,108,0
2026-02-20 12:00:36,Jakarta Utara,55,70,16,1.18,42,26.5,79.0,3.2,179,0
2026-02-20 11:30:36,Jakarta Barat,19,30,22,0.93,40,28.6,87.0,0.3,1,0
2026-02-20 11:00:36,Jakarta Pusat,59,104,17,0.1,53,32.2,77.5,5.7,115,0
2026-02-20 10:30:36,Jakarta Timur,38,64,28,0.91,38,35.5,87.0,0.8,157,0
2026-02-20 10:00:36,Jakarta Pusat,61,108,16,0.73,52,30.8,90.1,3.1,136,0
2026-02-20 09:30:36,Jakarta Barat,36,54,10,1.08,56,32.5,63.0,1.1,169,0
2026-02-20 09:00:36,Jakarta Pusat,99,128,27,1.1,42,29.8,84.9,8.9,191,0
2026-02-20 08:30:36,Jakarta Pusat,62,105,18,0.96,52,36.7,77.0,0.0,164,0
2026-02-20 08:00:36,Jakarta Pusat,59,94,26,0.68,63,31.6,77.3,2.7,74,0
